ISO-10303-21;
HEADER;
FILE_DESCRIPTION(('FreeCAD Model'),'2;1');
FILE_NAME('Open CASCADE Shape Model','2026-09-18T18:40:41',(''),(''),
  'Open CASCADE STEP processor 7.9','FreeCAD','Unknown');
FILE_SCHEMA(('AUTOMOTIVE_DESIGN { 1 0 10303 214 1 1 1 1 }'));
ENDSEC;
DATA;
#1 = APPLICATION_PROTOCOL_DEFINITION('international standard',
  'automotive_design',2000,#2);
#2 = APPLICATION_CONTEXT(
  'core data for automotive mechanical design processes');
#3 = SHAPE_DEFINITION_REPRESENTATION(#4,#10);
#4 = PRODUCT_DEFINITION_SHAPE('','',#5);
#5 = PRODUCT_DEFINITION('design','',#6,#9);
#6 = PRODUCT_DEFINITION_FORMATION('','',#7);
#7 = PRODUCT('Body','Body','',(#8));
#8 = PRODUCT_CONTEXT('',#2,'mechanical');
#9 = PRODUCT_DEFINITION_CONTEXT('part definition',#2,'design');
#10 = ADVANCED_BREP_SHAPE_REPRESENTATION('',(#11,#15),#10786);
#11 = AXIS2_PLACEMENT_3D('',#12,#13,#14);
#12 = CARTESIAN_POINT('',(0.,0.,0.));
#13 = DIRECTION('',(0.,0.,1.));
#14 = DIRECTION('',(1.,0.,-0.));
#15 = BREP_WITH_VOIDS('',#16,(#10627,#10680,#10733));
#16 = CLOSED_SHELL('',(#17,#59,#154,#235,#259,#311,#336,#395,#420,#1397,
    #1422,#1481,#1506,#1613,#1630,#1647,#1664,#1877,#1889,#1914,#1939,
    #1956,#1968,#1993,#2019,#2050,#2075,#2172,#2197,#2222,#2246,#2271,
    #2289,#2314,#2338,#2363,#2403,#2428,#2468,#2493,#2517,#2542,#2621,
    #2646,#2671,#2696,#2720,#2745,#2801,#2826,#2850,#2875,#2899,#2924,
    #2942,#2967,#2991,#3024,#3049,#3089,#3114,#3138,#3163,#3203,#3228,
    #3252,#3277,#3404,#3429,#3454,#3478,#3503,#3521,#3546,#3570,#3595,
    #3627,#3652,#3676,#3701,#3725,#3750,#3774,#3799,#3823,#3848,#3872,
    #3897,#3921,#3946,#4002,#4027,#4052,#4172,#4197,#4221,#4246,#4286,
    #4311,#4335,#4353,#4384,#4409,#4433,#4458,#4482,#4507,#4531,#4549,
    #4574,#4599,#4624,#4649,#4712,#4737,#4761,#4786,#4842,#4867,#4891,
    #4909,#4972,#4997,#5021,#5046,#5102,#5127,#5151,#5169,#5194,#5219,
    #5241,#5253,#5278,#5303,#5328,#5352,#5370,#5395,#5420,#5453,#5471,
    #5504,#5528,#5591,#5616,#5670,#5688,#5747,#5772,#5815,#5840,#5891,
    #5922,#5947,#5971,#5996,#6020,#6045,#6069,#6087,#6096,#6105,#6127,
    #6160,#6174,#6192,#6225,#6243,#6268,#6298,#6314,#6354,#6379,#6420,
    #6445,#6467,#6479,#6496,#6513,#6546,#6570,#6633,#6658,#6742,#6767,
    #6880,#6894,#6911,#6936,#7026,#7051,#7138,#7163,#7183,#7200,#7217,
    #7234,#7246,#7279,#7295,#7304,#7313,#7322,#7331,#7364,#7414,#7439,
    #7468,#7497,#7514,#7531,#7564,#7605,#7629,#7650,#7679,#7696,#7708,
    #7717,#7726,#7735,#7744,#7769,#7787,#7805,#7836,#7858,#7870,#7882,
    #7907,#7933,#7945,#7970,#7982,#8007,#8038,#8063,#8087,#8112,#8136,
    #8161,#8185,#8203,#8221,#8252,#8277,#8289,#8307,#8338,#8355,#8372,
    #8384,#8409,#8426,#8443,#8455,#8472,#8489,#8511,#8528,#8545,#8557,
    #8575,#8592,#8604,#8629,#8660,#8672,#8684,#8696,#8705,#8723,#8741,
    #8774,#8783,#8792,#8801,#8842,#8860,#8893,#8902,#8920,#8953,#8962,
    #8971,#9004,#9022,#9040,#9073,#9098,#9123,#9141,#9165,#9183,#9207,
    #9238,#9264,#9290,#9321,#9339,#9364,#9382,#9407,#9440,#9465,#9490,
    #9523,#9541,#9565,#9583,#9607,#9638,#9664,#9690,#9913,#9931,#9949,
    #9967,#9985,#10009,#10021,#10033,#10058,#10083,#10114,#10138,#10162,
    #10186,#10210,#10234,#10258,#10282,#10306,#10330,#10354,#10378,
    #10402,#10426,#10450,#10474,#10498,#10515,#10540,#10565,#10574,
    #10583,#10609,#10618));
#17 = ADVANCED_FACE('',(#18),#54,.F.);
#18 = FACE_BOUND('',#19,.F.);
#19 = EDGE_LOOP('',(#20,#30,#39,#47));
#20 = ORIENTED_EDGE('',*,*,#21,.F.);
#21 = EDGE_CURVE('',#22,#24,#26,.T.);
#22 = VERTEX_POINT('',#23);
#23 = CARTESIAN_POINT('',(76.979373392929,-12.4,-41.50000056624));
#24 = VERTEX_POINT('',#25);
#25 = CARTESIAN_POINT('',(76.979373392929,-16.74,-41.50000056624));
#26 = LINE('',#27,#28);
#27 = CARTESIAN_POINT('',(76.979373392929,-13.3,-41.50000056624));
#28 = VECTOR('',#29,1.);
#29 = DIRECTION('',(0.,-1.,0.));
#30 = ORIENTED_EDGE('',*,*,#31,.F.);
#31 = EDGE_CURVE('',#32,#22,#34,.T.);
#32 = VERTEX_POINT('',#33);
#33 = CARTESIAN_POINT('',(73.979373392929,-12.4,-44.50000056624));
#34 = CIRCLE('',#35,3.);
#35 = AXIS2_PLACEMENT_3D('',#36,#37,#38);
#36 = CARTESIAN_POINT('',(76.979373392929,-12.4,-44.50000056624));
#37 = DIRECTION('',(0.,1.,-0.));
#38 = DIRECTION('',(-0.707106781187,0.,0.707106781187));
#39 = ORIENTED_EDGE('',*,*,#40,.F.);
#40 = EDGE_CURVE('',#41,#32,#43,.T.);
#41 = VERTEX_POINT('',#42);
#42 = CARTESIAN_POINT('',(73.979373392929,-16.74,-44.50000056624));
#43 = LINE('',#44,#45);
#44 = CARTESIAN_POINT('',(73.979373392929,-13.3,-44.50000056624));
#45 = VECTOR('',#46,1.);
#46 = DIRECTION('',(0.,1.,0.));
#47 = ORIENTED_EDGE('',*,*,#48,.T.);
#48 = EDGE_CURVE('',#41,#24,#49,.T.);
#49 = CIRCLE('',#50,3.);
#50 = AXIS2_PLACEMENT_3D('',#51,#52,#53);
#51 = CARTESIAN_POINT('',(76.979373392929,-16.74,-44.50000056624));
#52 = DIRECTION('',(0.,1.,-0.));
#53 = DIRECTION('',(-0.707106781187,0.,0.707106781187));
#54 = CYLINDRICAL_SURFACE('',#55,3.);
#55 = AXIS2_PLACEMENT_3D('',#56,#57,#58);
#56 = CARTESIAN_POINT('',(76.979373392929,-13.3,-44.50000056624));
#57 = DIRECTION('',(0.,1.,0.));
#58 = DIRECTION('',(-0.707106781187,0.,0.707106781187));
#59 = ADVANCED_FACE('',(#60),#149,.F.);
#60 = FACE_BOUND('',#61,.T.);
#61 = EDGE_LOOP('',(#62,#70,#78,#86,#94,#102,#110,#118,#126,#134,#142,
    #148));
#62 = ORIENTED_EDGE('',*,*,#63,.T.);
#63 = EDGE_CURVE('',#22,#64,#66,.T.);
#64 = VERTEX_POINT('',#65);
#65 = CARTESIAN_POINT('',(65.979373392929,-12.4,-41.50000056624));
#66 = LINE('',#67,#68);
#67 = CARTESIAN_POINT('',(53.639686696465,-12.4,-41.50000056624));
#68 = VECTOR('',#69,1.);
#69 = DIRECTION('',(-1.,0.,-1.751623080406E-46));
#70 = ORIENTED_EDGE('',*,*,#71,.F.);
#71 = EDGE_CURVE('',#72,#64,#74,.T.);
#72 = VERTEX_POINT('',#73);
#73 = CARTESIAN_POINT('',(65.979373392929,-16.74,-41.50000056624));
#74 = LINE('',#75,#76);
#75 = CARTESIAN_POINT('',(65.979373392929,-13.3,-41.50000056624));
#76 = VECTOR('',#77,1.);
#77 = DIRECTION('',(0.,1.,0.));
#78 = ORIENTED_EDGE('',*,*,#79,.T.);
#79 = EDGE_CURVE('',#72,#80,#82,.T.);
#80 = VERTEX_POINT('',#81);
#81 = CARTESIAN_POINT('',(42.7,-16.74,-41.50000056624));
#82 = LINE('',#83,#84);
#83 = CARTESIAN_POINT('',(20.15,-16.74,-41.50000056624));
#84 = VECTOR('',#85,1.);
#85 = DIRECTION('',(-1.,0.,-1.751623080406E-46));
#86 = ORIENTED_EDGE('',*,*,#87,.F.);
#87 = EDGE_CURVE('',#88,#80,#90,.T.);
#88 = VERTEX_POINT('',#89);
#89 = CARTESIAN_POINT('',(42.7,-10.4,-41.50000056624));
#90 = LINE('',#91,#92);
#91 = CARTESIAN_POINT('',(42.7,-11.025,-41.50000056624));
#92 = VECTOR('',#93,1.);
#93 = DIRECTION('',(0.,-1.,0.));
#94 = ORIENTED_EDGE('',*,*,#95,.F.);
#95 = EDGE_CURVE('',#96,#88,#98,.T.);
#96 = VERTEX_POINT('',#97);
#97 = CARTESIAN_POINT('',(98.2,-10.4,-41.50000056624));
#98 = LINE('',#99,#100);
#99 = CARTESIAN_POINT('',(55.375,-10.4,-41.50000056624));
#100 = VECTOR('',#101,1.);
#101 = DIRECTION('',(-1.,0.,-1.751623080406E-46));
#102 = ORIENTED_EDGE('',*,*,#103,.F.);
#103 = EDGE_CURVE('',#104,#96,#106,.T.);
#104 = VERTEX_POINT('',#105);
#105 = CARTESIAN_POINT('',(98.2,-16.74,-41.50000056624));
#106 = LINE('',#107,#108);
#107 = CARTESIAN_POINT('',(98.2,-6.65,-41.50000056624));
#108 = VECTOR('',#109,1.);
#109 = DIRECTION('',(0.,1.,0.));
#110 = ORIENTED_EDGE('',*,*,#111,.F.);
#111 = EDGE_CURVE('',#112,#104,#114,.T.);
#112 = VERTEX_POINT('',#113);
#113 = CARTESIAN_POINT('',(95.7,-16.74,-41.50000056624));
#114 = LINE('',#115,#116);
#115 = CARTESIAN_POINT('',(19.9,-16.74,-41.50000056624));
#116 = VECTOR('',#117,1.);
#117 = DIRECTION('',(1.,0.,1.751623080406E-46));
#118 = ORIENTED_EDGE('',*,*,#119,.F.);
#119 = EDGE_CURVE('',#120,#112,#122,.T.);
#120 = VERTEX_POINT('',#121);
#121 = CARTESIAN_POINT('',(95.7,-12.4,-41.50000056624));
#122 = LINE('',#123,#124);
#123 = CARTESIAN_POINT('',(95.7,-13.3,-41.50000056624));
#124 = VECTOR('',#125,1.);
#125 = DIRECTION('',(0.,-1.,0.));
#126 = ORIENTED_EDGE('',*,*,#127,.T.);
#127 = EDGE_CURVE('',#120,#128,#130,.T.);
#128 = VERTEX_POINT('',#129);
#129 = CARTESIAN_POINT('',(82.979373392929,-12.4,-41.50000056624));
#130 = LINE('',#131,#132);
#131 = CARTESIAN_POINT('',(64.319843348232,-12.4,-41.50000056624));
#132 = VECTOR('',#133,1.);
#133 = DIRECTION('',(-1.,0.,-1.751623080406E-46));
#134 = ORIENTED_EDGE('',*,*,#135,.F.);
#135 = EDGE_CURVE('',#136,#128,#138,.T.);
#136 = VERTEX_POINT('',#137);
#137 = CARTESIAN_POINT('',(82.979373392929,-16.74,-41.50000056624));
#138 = LINE('',#139,#140);
#139 = CARTESIAN_POINT('',(82.979373392929,-13.3,-41.50000056624));
#140 = VECTOR('',#141,1.);
#141 = DIRECTION('',(0.,1.,0.));
#142 = ORIENTED_EDGE('',*,*,#143,.F.);
#143 = EDGE_CURVE('',#24,#136,#144,.T.);
#144 = LINE('',#145,#146);
#145 = CARTESIAN_POINT('',(19.9,-16.74,-41.50000056624));
#146 = VECTOR('',#147,1.);
#147 = DIRECTION('',(1.,0.,1.751623080406E-46));
#148 = ORIENTED_EDGE('',*,*,#21,.F.);
#149 = PLANE('',#150);
#150 = AXIS2_PLACEMENT_3D('',#151,#152,#153);
#151 = CARTESIAN_POINT('',(40.3,-13.3,-41.50000056624));
#152 = DIRECTION('',(-1.751623080406E-46,0.,1.));
#153 = DIRECTION('',(1.,0.,1.751623080406E-46));
#154 = ADVANCED_FACE('',(#155,#208,#219),#230,.F.);
#155 = FACE_BOUND('',#156,.T.);
#156 = EDGE_LOOP('',(#157,#167,#174,#175,#176,#184,#193,#201));
#157 = ORIENTED_EDGE('',*,*,#158,.T.);
#158 = EDGE_CURVE('',#159,#161,#163,.T.);
#159 = VERTEX_POINT('',#160);
#160 = CARTESIAN_POINT('',(68.979373392929,-12.4,-56.3));
#161 = VERTEX_POINT('',#162);
#162 = CARTESIAN_POINT('',(68.979373392929,-12.4,-44.50000056624));
#163 = LINE('',#164,#165);
#164 = CARTESIAN_POINT('',(68.979373392929,-12.4,-54.89734895618));
#165 = VECTOR('',#166,1.);
#166 = DIRECTION('',(0.,0.,1.));
#167 = ORIENTED_EDGE('',*,*,#168,.F.);
#168 = EDGE_CURVE('',#64,#161,#169,.T.);
#169 = CIRCLE('',#170,3.);
#170 = AXIS2_PLACEMENT_3D('',#171,#172,#173);
#171 = CARTESIAN_POINT('',(65.979373392929,-12.4,-44.50000056624));
#172 = DIRECTION('',(-0.,1.,0.));
#173 = DIRECTION('',(0.707106781187,0.,0.707106781187));
#174 = ORIENTED_EDGE('',*,*,#63,.F.);
#175 = ORIENTED_EDGE('',*,*,#31,.F.);
#176 = ORIENTED_EDGE('',*,*,#177,.T.);
#177 = EDGE_CURVE('',#32,#178,#180,.T.);
#178 = VERTEX_POINT('',#179);
#179 = CARTESIAN_POINT('',(73.979373392929,-12.4,-56.3));
#180 = LINE('',#181,#182);
#181 = CARTESIAN_POINT('',(73.979373392929,-12.4,-45.95000042468));
#182 = VECTOR('',#183,1.);
#183 = DIRECTION('',(0.,0.,-1.));
#184 = ORIENTED_EDGE('',*,*,#185,.F.);
#185 = EDGE_CURVE('',#186,#178,#188,.T.);
#186 = VERTEX_POINT('',#187);
#187 = CARTESIAN_POINT('',(76.979373392929,-12.4,-59.3));
#188 = CIRCLE('',#189,3.);
#189 = AXIS2_PLACEMENT_3D('',#190,#191,#192);
#190 = CARTESIAN_POINT('',(76.979373392929,-12.4,-56.3));
#191 = DIRECTION('',(0.,1.,0.));
#192 = DIRECTION('',(-0.707106781187,0.,-0.707106781187));
#193 = ORIENTED_EDGE('',*,*,#194,.F.);
#194 = EDGE_CURVE('',#195,#186,#197,.T.);
#195 = VERTEX_POINT('',#196);
#196 = CARTESIAN_POINT('',(65.979373392929,-12.4,-59.3));
#197 = LINE('',#198,#199);
#198 = CARTESIAN_POINT('',(-17.86031330353,-12.4,-59.3));
#199 = VECTOR('',#200,1.);
#200 = DIRECTION('',(1.,0.,0.));
#201 = ORIENTED_EDGE('',*,*,#202,.F.);
#202 = EDGE_CURVE('',#159,#195,#203,.T.);
#203 = CIRCLE('',#204,3.);
#204 = AXIS2_PLACEMENT_3D('',#205,#206,#207);
#205 = CARTESIAN_POINT('',(65.979373392929,-12.4,-56.3));
#206 = DIRECTION('',(0.,1.,0.));
#207 = DIRECTION('',(0.707106781187,0.,-0.707106781187));
#208 = FACE_BOUND('',#209,.T.);
#209 = EDGE_LOOP('',(#210));
#210 = ORIENTED_EDGE('',*,*,#211,.T.);
#211 = EDGE_CURVE('',#212,#212,#214,.T.);
#212 = VERTEX_POINT('',#213);
#213 = CARTESIAN_POINT('',(72.399999999925,-12.4,-55.155));
#214 = CIRCLE('',#215,0.9);
#215 = AXIS2_PLACEMENT_3D('',#216,#217,#218);
#216 = CARTESIAN_POINT('',(71.499999999925,-12.4,-55.155));
#217 = DIRECTION('',(0.,-1.,0.));
#218 = DIRECTION('',(-1.,0.,0.));
#219 = FACE_BOUND('',#220,.T.);
#220 = EDGE_LOOP('',(#221));
#221 = ORIENTED_EDGE('',*,*,#222,.T.);
#222 = EDGE_CURVE('',#223,#223,#225,.T.);
#223 = VERTEX_POINT('',#224);
#224 = CARTESIAN_POINT('',(72.399999999925,-12.4,-46.155));
#225 = CIRCLE('',#226,0.9);
#226 = AXIS2_PLACEMENT_3D('',#227,#228,#229);
#227 = CARTESIAN_POINT('',(71.499999999925,-12.4,-46.155));
#228 = DIRECTION('',(0.,-1.,0.));
#229 = DIRECTION('',(-1.,0.,0.));
#230 = PLANE('',#231);
#231 = AXIS2_PLACEMENT_3D('',#232,#233,#234);
#232 = CARTESIAN_POINT('',(88.339686696464,-12.4,-50.40000028312));
#233 = DIRECTION('',(0.,-1.,0.));
#234 = DIRECTION('',(1.,0.,0.));
#235 = ADVANCED_FACE('',(#236),#254,.T.);
#236 = FACE_BOUND('',#237,.T.);
#237 = EDGE_LOOP('',(#238,#239,#247,#253));
#238 = ORIENTED_EDGE('',*,*,#40,.F.);
#239 = ORIENTED_EDGE('',*,*,#240,.T.);
#240 = EDGE_CURVE('',#41,#241,#243,.T.);
#241 = VERTEX_POINT('',#242);
#242 = CARTESIAN_POINT('',(73.979373392929,-16.74,-56.3));
#243 = LINE('',#244,#245);
#244 = CARTESIAN_POINT('',(73.979373392929,-16.74,-18.39575028312));
#245 = VECTOR('',#246,1.);
#246 = DIRECTION('',(0.,0.,-1.));
#247 = ORIENTED_EDGE('',*,*,#248,.F.);
#248 = EDGE_CURVE('',#178,#241,#249,.T.);
#249 = LINE('',#250,#251);
#250 = CARTESIAN_POINT('',(73.979373392929,-6.65,-56.3));
#251 = VECTOR('',#252,1.);
#252 = DIRECTION('',(0.,-1.,0.));
#253 = ORIENTED_EDGE('',*,*,#177,.F.);
#254 = PLANE('',#255);
#255 = AXIS2_PLACEMENT_3D('',#256,#257,#258);
#256 = CARTESIAN_POINT('',(73.979373392929,-13.3,-41.50000056624));
#257 = DIRECTION('',(1.,0.,0.));
#258 = DIRECTION('',(0.,0.,-1.));
#259 = ADVANCED_FACE('',(#260),#306,.F.);
#260 = FACE_BOUND('',#261,.T.);
#261 = EDGE_LOOP('',(#262,#263,#264,#273,#281,#290,#298,#305));
#262 = ORIENTED_EDGE('',*,*,#48,.T.);
#263 = ORIENTED_EDGE('',*,*,#143,.T.);
#264 = ORIENTED_EDGE('',*,*,#265,.T.);
#265 = EDGE_CURVE('',#136,#266,#268,.T.);
#266 = VERTEX_POINT('',#267);
#267 = CARTESIAN_POINT('',(85.979373392929,-16.74,-44.50000056624));
#268 = CIRCLE('',#269,3.);
#269 = AXIS2_PLACEMENT_3D('',#270,#271,#272);
#270 = CARTESIAN_POINT('',(82.979373392929,-16.74,-44.50000056624));
#271 = DIRECTION('',(-0.,1.,0.));
#272 = DIRECTION('',(0.707106781187,0.,0.707106781187));
#273 = ORIENTED_EDGE('',*,*,#274,.F.);
#274 = EDGE_CURVE('',#275,#266,#277,.T.);
#275 = VERTEX_POINT('',#276);
#276 = CARTESIAN_POINT('',(85.979373392929,-16.74,-56.3));
#277 = LINE('',#278,#279);
#278 = CARTESIAN_POINT('',(85.979373392929,-16.74,-27.29575));
#279 = VECTOR('',#280,1.);
#280 = DIRECTION('',(0.,0.,1.));
#281 = ORIENTED_EDGE('',*,*,#282,.T.);
#282 = EDGE_CURVE('',#275,#283,#285,.T.);
#283 = VERTEX_POINT('',#284);
#284 = CARTESIAN_POINT('',(82.979373392929,-16.74,-59.3));
#285 = CIRCLE('',#286,3.);
#286 = AXIS2_PLACEMENT_3D('',#287,#288,#289);
#287 = CARTESIAN_POINT('',(82.979373392929,-16.74,-56.3));
#288 = DIRECTION('',(0.,1.,0.));
#289 = DIRECTION('',(0.707106781187,0.,-0.707106781187));
#290 = ORIENTED_EDGE('',*,*,#291,.F.);
#291 = EDGE_CURVE('',#292,#283,#294,.T.);
#292 = VERTEX_POINT('',#293);
#293 = CARTESIAN_POINT('',(76.979373392929,-16.74,-59.3));
#294 = LINE('',#295,#296);
#295 = CARTESIAN_POINT('',(-51.35,-16.74,-59.3));
#296 = VECTOR('',#297,1.);
#297 = DIRECTION('',(1.,0.,0.));
#298 = ORIENTED_EDGE('',*,*,#299,.T.);
#299 = EDGE_CURVE('',#292,#241,#300,.T.);
#300 = CIRCLE('',#301,3.);
#301 = AXIS2_PLACEMENT_3D('',#302,#303,#304);
#302 = CARTESIAN_POINT('',(76.979373392929,-16.74,-56.3));
#303 = DIRECTION('',(0.,1.,0.));
#304 = DIRECTION('',(-0.707106781187,0.,-0.707106781187));
#305 = ORIENTED_EDGE('',*,*,#240,.F.);
#306 = PLANE('',#307);
#307 = AXIS2_PLACEMENT_3D('',#308,#309,#310);
#308 = CARTESIAN_POINT('',(5.329070518201E-14,-16.74,4.7085));
#309 = DIRECTION('',(0.,-1.,0.));
#310 = DIRECTION('',(1.,0.,0.));
#311 = ADVANCED_FACE('',(#312),#331,.F.);
#312 = FACE_BOUND('',#313,.F.);
#313 = EDGE_LOOP('',(#314,#322,#323,#324));
#314 = ORIENTED_EDGE('',*,*,#315,.F.);
#315 = EDGE_CURVE('',#161,#316,#318,.T.);
#316 = VERTEX_POINT('',#317);
#317 = CARTESIAN_POINT('',(68.979373392929,-16.74,-44.50000056624));
#318 = LINE('',#319,#320);
#319 = CARTESIAN_POINT('',(68.979373392929,-13.3,-44.50000056624));
#320 = VECTOR('',#321,1.);
#321 = DIRECTION('',(0.,-1.,0.));
#322 = ORIENTED_EDGE('',*,*,#168,.F.);
#323 = ORIENTED_EDGE('',*,*,#71,.F.);
#324 = ORIENTED_EDGE('',*,*,#325,.T.);
#325 = EDGE_CURVE('',#72,#316,#326,.T.);
#326 = CIRCLE('',#327,3.);
#327 = AXIS2_PLACEMENT_3D('',#328,#329,#330);
#328 = CARTESIAN_POINT('',(65.979373392929,-16.74,-44.50000056624));
#329 = DIRECTION('',(-0.,1.,0.));
#330 = DIRECTION('',(0.707106781187,0.,0.707106781187));
#331 = CYLINDRICAL_SURFACE('',#332,3.);
#332 = AXIS2_PLACEMENT_3D('',#333,#334,#335);
#333 = CARTESIAN_POINT('',(65.979373392929,-13.3,-44.50000056624));
#334 = DIRECTION('',(0.,1.,0.));
#335 = DIRECTION('',(0.707106781187,0.,0.707106781187));
#336 = ADVANCED_FACE('',(#337),#390,.F.);
#337 = FACE_BOUND('',#338,.T.);
#338 = EDGE_LOOP('',(#339,#350,#358,#367,#375,#382,#383,#384));
#339 = ORIENTED_EDGE('',*,*,#340,.T.);
#340 = EDGE_CURVE('',#341,#343,#345,.T.);
#341 = VERTEX_POINT('',#342);
#342 = CARTESIAN_POINT('',(68.979373392929,-16.74,-56.3));
#343 = VERTEX_POINT('',#344);
#344 = CARTESIAN_POINT('',(65.979373392929,-16.74,-59.3));
#345 = CIRCLE('',#346,3.);
#346 = AXIS2_PLACEMENT_3D('',#347,#348,#349);
#347 = CARTESIAN_POINT('',(65.979373392929,-16.74,-56.3));
#348 = DIRECTION('',(0.,1.,0.));
#349 = DIRECTION('',(0.707106781187,0.,-0.707106781187));
#350 = ORIENTED_EDGE('',*,*,#351,.F.);
#351 = EDGE_CURVE('',#352,#343,#354,.T.);
#352 = VERTEX_POINT('',#353);
#353 = CARTESIAN_POINT('',(42.7,-16.74,-59.3));
#354 = LINE('',#355,#356);
#355 = CARTESIAN_POINT('',(-51.35,-16.74,-59.3));
#356 = VECTOR('',#357,1.);
#357 = DIRECTION('',(1.,0.,0.));
#358 = ORIENTED_EDGE('',*,*,#359,.T.);
#359 = EDGE_CURVE('',#352,#360,#362,.T.);
#360 = VERTEX_POINT('',#361);
#361 = CARTESIAN_POINT('',(39.7,-16.74,-56.3));
#362 = CIRCLE('',#363,3.);
#363 = AXIS2_PLACEMENT_3D('',#364,#365,#366);
#364 = CARTESIAN_POINT('',(42.7,-16.74,-56.3));
#365 = DIRECTION('',(0.,1.,0.));
#366 = DIRECTION('',(-0.707106781187,0.,-0.707106781187));
#367 = ORIENTED_EDGE('',*,*,#368,.T.);
#368 = EDGE_CURVE('',#360,#369,#371,.T.);
#369 = VERTEX_POINT('',#370);
#370 = CARTESIAN_POINT('',(39.7,-16.74,-44.50000056624));
#371 = LINE('',#372,#373);
#372 = CARTESIAN_POINT('',(39.7,-16.74,-30.78836685887));
#373 = VECTOR('',#374,1.);
#374 = DIRECTION('',(0.,0.,1.));
#375 = ORIENTED_EDGE('',*,*,#376,.T.);
#376 = EDGE_CURVE('',#369,#80,#377,.T.);
#377 = CIRCLE('',#378,3.);
#378 = AXIS2_PLACEMENT_3D('',#379,#380,#381);
#379 = CARTESIAN_POINT('',(42.7,-16.74,-44.50000056624));
#380 = DIRECTION('',(0.,1.,-0.));
#381 = DIRECTION('',(-0.707106781187,0.,0.707106781187));
#382 = ORIENTED_EDGE('',*,*,#79,.F.);
#383 = ORIENTED_EDGE('',*,*,#325,.T.);
#384 = ORIENTED_EDGE('',*,*,#385,.F.);
#385 = EDGE_CURVE('',#341,#316,#386,.T.);
#386 = LINE('',#387,#388);
#387 = CARTESIAN_POINT('',(68.979373392929,-16.74,-27.34309881462));
#388 = VECTOR('',#389,1.);
#389 = DIRECTION('',(0.,0.,1.));
#390 = PLANE('',#391);
#391 = AXIS2_PLACEMENT_3D('',#392,#393,#394);
#392 = CARTESIAN_POINT('',(5.329070518201E-14,-16.74,4.7085));
#393 = DIRECTION('',(0.,-1.,0.));
#394 = DIRECTION('',(1.,0.,0.));
#395 = ADVANCED_FACE('',(#396),#415,.F.);
#396 = FACE_BOUND('',#397,.F.);
#397 = EDGE_LOOP('',(#398,#399,#408,#414));
#398 = ORIENTED_EDGE('',*,*,#87,.F.);
#399 = ORIENTED_EDGE('',*,*,#400,.F.);
#400 = EDGE_CURVE('',#401,#88,#403,.T.);
#401 = VERTEX_POINT('',#402);
#402 = CARTESIAN_POINT('',(39.7,-10.4,-44.50000056624));
#403 = CIRCLE('',#404,3.);
#404 = AXIS2_PLACEMENT_3D('',#405,#406,#407);
#405 = CARTESIAN_POINT('',(42.7,-10.4,-44.50000056624));
#406 = DIRECTION('',(-5.969445310803E-33,1.,-2.22044604925E-16));
#407 = DIRECTION('',(-0.707106781187,1.570092458684E-16,0.707106781187)
  );
#408 = ORIENTED_EDGE('',*,*,#409,.F.);
#409 = EDGE_CURVE('',#369,#401,#410,.T.);
#410 = LINE('',#411,#412);
#411 = CARTESIAN_POINT('',(39.7,-11.025,-44.50000056624));
#412 = VECTOR('',#413,1.);
#413 = DIRECTION('',(0.,1.,0.));
#414 = ORIENTED_EDGE('',*,*,#376,.T.);
#415 = CYLINDRICAL_SURFACE('',#416,3.);
#416 = AXIS2_PLACEMENT_3D('',#417,#418,#419);
#417 = CARTESIAN_POINT('',(42.7,-11.025,-44.50000056624));
#418 = DIRECTION('',(0.,1.,0.));
#419 = DIRECTION('',(-0.707106781187,0.,0.707106781187));
#420 = ADVANCED_FACE('',(#421,#1116,#1186,#1197,#1208,#1219,#1230,#1300,
    #1370,#1381),#1392,.F.);
#421 = FACE_BOUND('',#422,.T.);
#422 = EDGE_LOOP('',(#423,#433,#442,#450,#459,#468,#476,#485,#494,#502,
    #509,#510,#511,#519,#528,#536,#545,#553,#562,#570,#579,#587,#596,
    #604,#613,#622,#631,#639,#648,#656,#665,#673,#682,#690,#699,#708,
    #716,#725,#733,#742,#751,#759,#768,#776,#785,#793,#802,#810,#819,
    #827,#836,#845,#853,#862,#871,#879,#888,#896,#905,#913,#922,#930,
    #939,#947,#956,#964,#973,#981,#990,#998,#1007,#1015,#1024,#1032,
    #1041,#1050,#1058,#1067,#1075,#1084,#1092,#1101,#1109));
#423 = ORIENTED_EDGE('',*,*,#424,.T.);
#424 = EDGE_CURVE('',#425,#427,#429,.T.);
#425 = VERTEX_POINT('',#426);
#426 = CARTESIAN_POINT('',(58.,-10.4,46.904515973725));
#427 = VERTEX_POINT('',#428);
#428 = CARTESIAN_POINT('',(98.2,-10.4,46.904515973725));
#429 = LINE('',#430,#431);
#430 = CARTESIAN_POINT('',(28.2375,-10.4,46.904515973725));
#431 = VECTOR('',#432,1.);
#432 = DIRECTION('',(1.,3.830980170368E-34,1.727703272534E-46));
#433 = ORIENTED_EDGE('',*,*,#434,.F.);
#434 = EDGE_CURVE('',#435,#427,#437,.T.);
#435 = VERTEX_POINT('',#436);
#436 = CARTESIAN_POINT('',(101.2,-10.4,49.904515973725));
#437 = CIRCLE('',#438,3.);
#438 = AXIS2_PLACEMENT_3D('',#439,#440,#441);
#439 = CARTESIAN_POINT('',(98.2,-10.4,49.904515973725));
#440 = DIRECTION('',(-5.969445310803E-33,1.,-2.22044604925E-16));
#441 = DIRECTION('',(0.707106781187,-1.570092458684E-16,-0.707106781187)
  );
#442 = ORIENTED_EDGE('',*,*,#443,.T.);
#443 = EDGE_CURVE('',#435,#444,#446,.T.);
#444 = VERTEX_POINT('',#445);
#445 = CARTESIAN_POINT('',(101.2,-10.4,26.370550755244));
#446 = LINE('',#447,#448);
#447 = CARTESIAN_POINT('',(101.2,-10.4,-23.04575));
#448 = VECTOR('',#449,1.);
#449 = DIRECTION('',(-8.134929846052E-16,-2.22044604925E-16,-1.));
#450 = ORIENTED_EDGE('',*,*,#451,.T.);
#451 = EDGE_CURVE('',#444,#452,#454,.T.);
#452 = VERTEX_POINT('',#453);
#453 = CARTESIAN_POINT('',(100.45,-10.4,24.386237271945));
#454 = CIRCLE('',#455,3.);
#455 = AXIS2_PLACEMENT_3D('',#456,#457,#458);
#456 = CARTESIAN_POINT('',(98.2,-10.4,26.370550755244));
#457 = DIRECTION('',(8.791079946235E-33,1.,-2.22044604925E-16));
#458 = DIRECTION('',(0.935414346693,-7.850462293419E-17,-0.353553390593)
  );
#459 = ORIENTED_EDGE('',*,*,#460,.T.);
#460 = EDGE_CURVE('',#452,#461,#463,.T.);
#461 = VERTEX_POINT('',#462);
#462 = CARTESIAN_POINT('',(99.7,-10.4,22.401923788647));
#463 = CIRCLE('',#464,3.);
#464 = AXIS2_PLACEMENT_3D('',#465,#466,#467);
#465 = CARTESIAN_POINT('',(102.7,-10.4,22.401923788647));
#466 = DIRECTION('',(5.894081802984E-33,-1.,2.22044604925E-16));
#467 = DIRECTION('',(-0.5,1.922962686384E-16,0.866025403784));
#468 = ORIENTED_EDGE('',*,*,#469,.T.);
#469 = EDGE_CURVE('',#461,#470,#472,.T.);
#470 = VERTEX_POINT('',#471);
#471 = CARTESIAN_POINT('',(99.7,-10.4,-23.62944924475));
#472 = LINE('',#473,#474);
#473 = CARTESIAN_POINT('',(99.7,-10.4,-10.14575));
#474 = VECTOR('',#475,1.);
#475 = DIRECTION('',(-3.552713678801E-16,-2.22044604925E-16,-1.));
#476 = ORIENTED_EDGE('',*,*,#477,.T.);
#477 = EDGE_CURVE('',#470,#478,#480,.T.);
#478 = VERTEX_POINT('',#479);
#479 = CARTESIAN_POINT('',(100.45,-10.4,-25.61376272805));
#480 = CIRCLE('',#481,3.);
#481 = AXIS2_PLACEMENT_3D('',#482,#483,#484);
#482 = CARTESIAN_POINT('',(102.7,-10.4,-23.62944924475));
#483 = DIRECTION('',(-5.949000846623E-34,-1.,2.22044604925E-16));
#484 = DIRECTION('',(-0.935414346693,-7.850462293419E-17,-0.353553390593
    ));
#485 = ORIENTED_EDGE('',*,*,#486,.T.);
#486 = EDGE_CURVE('',#478,#487,#489,.T.);
#487 = VERTEX_POINT('',#488);
#488 = CARTESIAN_POINT('',(101.2,-10.4,-27.59807621135));
#489 = CIRCLE('',#490,3.);
#490 = AXIS2_PLACEMENT_3D('',#491,#492,#493);
#491 = CARTESIAN_POINT('',(98.2,-10.4,-27.59807621135));
#492 = DIRECTION('',(4.297742516199E-33,1.,-2.22044604925E-16));
#493 = DIRECTION('',(0.5,1.922962686384E-16,0.866025403784));
#494 = ORIENTED_EDGE('',*,*,#495,.T.);
#495 = EDGE_CURVE('',#487,#496,#498,.T.);
#496 = VERTEX_POINT('',#497);
#497 = CARTESIAN_POINT('',(101.2,-10.4,-44.50000056624));
#498 = LINE('',#499,#500);
#499 = CARTESIAN_POINT('',(101.2,-10.4,-23.04575));
#500 = VECTOR('',#501,1.);
#501 = DIRECTION('',(-8.134929846052E-16,-2.22044604925E-16,-1.));
#502 = ORIENTED_EDGE('',*,*,#503,.F.);
#503 = EDGE_CURVE('',#96,#496,#504,.T.);
#504 = CIRCLE('',#505,3.);
#505 = AXIS2_PLACEMENT_3D('',#506,#507,#508);
#506 = CARTESIAN_POINT('',(98.2,-10.4,-44.50000056624));
#507 = DIRECTION('',(5.969445310803E-33,1.,-2.22044604925E-16));
#508 = DIRECTION('',(0.707106781187,1.570092458684E-16,0.707106781187));
#509 = ORIENTED_EDGE('',*,*,#95,.T.);
#510 = ORIENTED_EDGE('',*,*,#400,.F.);
#511 = ORIENTED_EDGE('',*,*,#512,.T.);
#512 = EDGE_CURVE('',#401,#513,#515,.T.);
#513 = VERTEX_POINT('',#514);
#514 = CARTESIAN_POINT('',(39.7,-10.4,-51.03973374791));
#515 = LINE('',#516,#517);
#516 = CARTESIAN_POINT('',(39.7,-10.4,-17.38102210266));
#517 = VECTOR('',#518,1.);
#518 = DIRECTION('',(0.,-2.22044604925E-16,-1.));
#519 = ORIENTED_EDGE('',*,*,#520,.T.);
#520 = EDGE_CURVE('',#513,#521,#523,.T.);
#521 = VERTEX_POINT('',#522);
#522 = CARTESIAN_POINT('',(38.7,-10.4,-50.03973374791));
#523 = CIRCLE('',#524,1.);
#524 = AXIS2_PLACEMENT_3D('',#525,#526,#527);
#525 = CARTESIAN_POINT('',(38.7,-10.4,-51.03973374791));
#526 = DIRECTION('',(-5.969445310803E-33,-1.,2.22044604925E-16));
#527 = DIRECTION('',(0.707106781187,1.570092458684E-16,0.707106781187));
#528 = ORIENTED_EDGE('',*,*,#529,.F.);
#529 = EDGE_CURVE('',#530,#521,#532,.T.);
#530 = VERTEX_POINT('',#531);
#531 = CARTESIAN_POINT('',(35.5,-10.4,-50.03973374791));
#532 = LINE('',#533,#534);
#533 = CARTESIAN_POINT('',(17.536729704926,-10.4,-50.03973374791));
#534 = VECTOR('',#535,1.);
#535 = DIRECTION('',(1.,3.830980170368E-34,0.));
#536 = ORIENTED_EDGE('',*,*,#537,.T.);
#537 = EDGE_CURVE('',#530,#538,#540,.T.);
#538 = VERTEX_POINT('',#539);
#539 = CARTESIAN_POINT('',(34.5,-10.4,-51.03973374791));
#540 = CIRCLE('',#541,1.);
#541 = AXIS2_PLACEMENT_3D('',#542,#543,#544);
#542 = CARTESIAN_POINT('',(35.5,-10.4,-51.03973374791));
#543 = DIRECTION('',(5.969445310807E-33,-1.,2.22044604925E-16));
#544 = DIRECTION('',(-0.707106781187,1.570092458684E-16,0.707106781187)
  );
#545 = ORIENTED_EDGE('',*,*,#546,.T.);
#546 = EDGE_CURVE('',#538,#547,#549,.T.);
#547 = VERTEX_POINT('',#548);
#548 = CARTESIAN_POINT('',(34.5,-10.4,-45.50000056624));
#549 = LINE('',#550,#551);
#550 = CARTESIAN_POINT('',(34.5,-10.4,-18.89575028312));
#551 = VECTOR('',#552,1.);
#552 = DIRECTION('',(0.,2.22044604925E-16,1.));
#553 = ORIENTED_EDGE('',*,*,#554,.F.);
#554 = EDGE_CURVE('',#555,#547,#557,.T.);
#555 = VERTEX_POINT('',#556);
#556 = CARTESIAN_POINT('',(31.5,-10.4,-42.50000056624));
#557 = CIRCLE('',#558,3.);
#558 = AXIS2_PLACEMENT_3D('',#559,#560,#561);
#559 = CARTESIAN_POINT('',(31.5,-10.4,-45.50000056624));
#560 = DIRECTION('',(-1.250929993143E-33,1.,-2.22044604925E-16));
#561 = DIRECTION('',(0.707106781187,1.570092458684E-16,0.707106781187));
#562 = ORIENTED_EDGE('',*,*,#563,.T.);
#563 = EDGE_CURVE('',#555,#564,#566,.T.);
#564 = VERTEX_POINT('',#565);
#565 = CARTESIAN_POINT('',(-13.,-10.4,-42.50000056624));
#566 = LINE('',#567,#568);
#567 = CARTESIAN_POINT('',(17.8875,-10.4,-42.50000056624));
#568 = VECTOR('',#569,1.);
#569 = DIRECTION('',(-1.,-3.830980170368E-34,0.));
#570 = ORIENTED_EDGE('',*,*,#571,.F.);
#571 = EDGE_CURVE('',#572,#564,#574,.T.);
#572 = VERTEX_POINT('',#573);
#573 = CARTESIAN_POINT('',(-14.,-10.4,-41.50000056624));
#574 = CIRCLE('',#575,1.);
#575 = AXIS2_PLACEMENT_3D('',#576,#577,#578);
#576 = CARTESIAN_POINT('',(-13.,-10.4,-41.50000056624));
#577 = DIRECTION('',(1.14620826734E-32,-1.,2.22044604925E-16));
#578 = DIRECTION('',(-0.707106781187,-1.570092458684E-16,-0.707106781187
    ));
#579 = ORIENTED_EDGE('',*,*,#580,.T.);
#580 = EDGE_CURVE('',#572,#581,#583,.T.);
#581 = VERTEX_POINT('',#582);
#582 = CARTESIAN_POINT('',(-14.,-10.4,-38.50000056624));
#583 = LINE('',#584,#585);
#584 = CARTESIAN_POINT('',(-14.,-10.4,-18.89575028312));
#585 = VECTOR('',#586,1.);
#586 = DIRECTION('',(0.,2.22044604925E-16,1.));
#587 = ORIENTED_EDGE('',*,*,#588,.F.);
#588 = EDGE_CURVE('',#589,#581,#591,.T.);
#589 = VERTEX_POINT('',#590);
#590 = CARTESIAN_POINT('',(-13.,-10.4,-37.50000056624));
#591 = CIRCLE('',#592,1.);
#592 = AXIS2_PLACEMENT_3D('',#593,#594,#595);
#593 = CARTESIAN_POINT('',(-13.,-10.4,-38.50000056624));
#594 = DIRECTION('',(5.969445310803E-33,-1.,2.22044604925E-16));
#595 = DIRECTION('',(-0.707106781187,1.570092458684E-16,0.707106781187)
  );
#596 = ORIENTED_EDGE('',*,*,#597,.T.);
#597 = EDGE_CURVE('',#589,#598,#600,.T.);
#598 = VERTEX_POINT('',#599);
#599 = CARTESIAN_POINT('',(89.932267425405,-10.4,-37.50000056624));
#600 = LINE('',#601,#602);
#601 = CARTESIAN_POINT('',(-45.13750000745,-10.4,-37.50000056624));
#602 = VECTOR('',#603,1.);
#603 = DIRECTION('',(1.,3.830980170368E-34,0.));
#604 = ORIENTED_EDGE('',*,*,#605,.F.);
#605 = EDGE_CURVE('',#606,#598,#608,.T.);
#606 = VERTEX_POINT('',#607);
#607 = CARTESIAN_POINT('',(92.302243926009,-10.4,-36.33935137198));
#608 = CIRCLE('',#609,3.);
#609 = AXIS2_PLACEMENT_3D('',#610,#611,#612);
#610 = CARTESIAN_POINT('',(89.932267425405,-10.4,-34.50000056624));
#611 = DIRECTION('',(-7.803339290368E-33,1.,-2.22044604925E-16));
#612 = DIRECTION('',(0.43981988629,-1.994151515814E-16,-0.898086002354)
  );
#613 = ORIENTED_EDGE('',*,*,#614,.F.);
#614 = EDGE_CURVE('',#615,#606,#617,.T.);
#615 = VERTEX_POINT('',#616);
#616 = CARTESIAN_POINT('',(94.211110220757,-10.4,-35.21435108886));
#617 = CIRCLE('',#618,3.);
#618 = AXIS2_PLACEMENT_3D('',#619,#620,#621);
#619 = CARTESIAN_POINT('',(94.672220426612,-10.4,-38.17870217773));
#620 = DIRECTION('',(-3.62861934521E-33,-1.,2.22044604925E-16));
#621 = DIRECTION('',(-0.153703401952,2.19406055462E-16,0.988117029622));
#622 = ORIENTED_EDGE('',*,*,#623,.F.);
#623 = EDGE_CURVE('',#624,#615,#626,.T.);
#624 = VERTEX_POINT('',#625);
#625 = CARTESIAN_POINT('',(96.750000014901,-10.4,-32.25));
#626 = CIRCLE('',#627,3.);
#627 = AXIS2_PLACEMENT_3D('',#628,#629,#630);
#628 = CARTESIAN_POINT('',(93.750000014901,-10.4,-32.25));
#629 = DIRECTION('',(-5.969445310803E-33,1.,-2.22044604925E-16));
#630 = DIRECTION('',(0.707106781187,-1.570092458684E-16,-0.707106781187)
  );
#631 = ORIENTED_EDGE('',*,*,#632,.T.);
#632 = EDGE_CURVE('',#624,#633,#635,.T.);
#633 = VERTEX_POINT('',#634);
#634 = CARTESIAN_POINT('',(96.750000014901,-10.4,-10.22861726552));
#635 = LINE('',#636,#637);
#636 = CARTESIAN_POINT('',(96.750000014901,-10.4,30.354250007451));
#637 = VECTOR('',#638,1.);
#638 = DIRECTION('',(2.22044604925E-16,2.22044604925E-16,1.));
#639 = ORIENTED_EDGE('',*,*,#640,.F.);
#640 = EDGE_CURVE('',#641,#633,#643,.T.);
#641 = VERTEX_POINT('',#642);
#642 = CARTESIAN_POINT('',(93.750000014901,-10.4,-7.228617265524));
#643 = CIRCLE('',#644,3.);
#644 = AXIS2_PLACEMENT_3D('',#645,#646,#647);
#645 = CARTESIAN_POINT('',(93.750000014901,-10.4,-10.22861726552));
#646 = DIRECTION('',(-1.250929993143E-33,1.,-2.22044604925E-16));
#647 = DIRECTION('',(0.707106781187,1.570092458684E-16,0.707106781187));
#648 = ORIENTED_EDGE('',*,*,#649,.F.);
#649 = EDGE_CURVE('',#650,#641,#652,.T.);
#650 = VERTEX_POINT('',#651);
#651 = CARTESIAN_POINT('',(-93.7500000149,-10.4,-7.228617265524));
#652 = LINE('',#653,#654);
#653 = CARTESIAN_POINT('',(-1.7625,-10.4,-7.228617265524));
#654 = VECTOR('',#655,1.);
#655 = DIRECTION('',(1.,3.830980170368E-34,1.751623080406E-46));
#656 = ORIENTED_EDGE('',*,*,#657,.F.);
#657 = EDGE_CURVE('',#658,#650,#660,.T.);
#658 = VERTEX_POINT('',#659);
#659 = CARTESIAN_POINT('',(-96.7500000149,-10.4,-10.22861726552));
#660 = CIRCLE('',#661,3.);
#661 = AXIS2_PLACEMENT_3D('',#662,#663,#664);
#662 = CARTESIAN_POINT('',(-93.7500000149,-10.4,-10.22861726552));
#663 = DIRECTION('',(1.250929993143E-33,1.,-2.22044604925E-16));
#664 = DIRECTION('',(-0.707106781187,1.570092458684E-16,0.707106781187)
  );
#665 = ORIENTED_EDGE('',*,*,#666,.T.);
#666 = EDGE_CURVE('',#658,#667,#669,.T.);
#667 = VERTEX_POINT('',#668);
#668 = CARTESIAN_POINT('',(-96.7500000149,-10.4,-32.25000056624));
#669 = LINE('',#670,#671);
#670 = CARTESIAN_POINT('',(-96.7500000149,-10.4,-15.64575000745));
#671 = VECTOR('',#672,1.);
#672 = DIRECTION('',(0.,-2.22044604925E-16,-1.));
#673 = ORIENTED_EDGE('',*,*,#674,.F.);
#674 = EDGE_CURVE('',#675,#667,#677,.T.);
#675 = VERTEX_POINT('',#676);
#676 = CARTESIAN_POINT('',(-93.7500000149,-10.4,-35.25000056624));
#677 = CIRCLE('',#678,3.);
#678 = AXIS2_PLACEMENT_3D('',#679,#680,#681);
#679 = CARTESIAN_POINT('',(-93.7500000149,-10.4,-32.25000056624));
#680 = DIRECTION('',(-1.250929993143E-33,1.,-2.22044604925E-16));
#681 = DIRECTION('',(-0.707106781187,-1.570092458684E-16,-0.707106781187
    ));
#682 = ORIENTED_EDGE('',*,*,#683,.T.);
#683 = EDGE_CURVE('',#675,#684,#686,.T.);
#684 = VERTEX_POINT('',#685);
#685 = CARTESIAN_POINT('',(-93.52901098914,-10.4,-35.25000056624));
#686 = LINE('',#687,#688);
#687 = CARTESIAN_POINT('',(-91.85,-10.4,-35.25000056624));
#688 = VECTOR('',#689,1.);
#689 = DIRECTION('',(1.,0.,0.));
#690 = ORIENTED_EDGE('',*,*,#691,.F.);
#691 = EDGE_CURVE('',#692,#684,#694,.T.);
#692 = VERTEX_POINT('',#693);
#693 = CARTESIAN_POINT('',(-91.18713673974,-10.4,-36.37500056624));
#694 = CIRCLE('',#695,3.);
#695 = AXIS2_PLACEMENT_3D('',#696,#697,#698);
#696 = CARTESIAN_POINT('',(-93.52901098914,-10.4,-38.25000056624));
#697 = DIRECTION('',(-1.697281528538E-33,-1.,2.22044604925E-16));
#698 = DIRECTION('',(0.433012701892,2.001483021243E-16,0.901387818866));
#699 = ORIENTED_EDGE('',*,*,#700,.F.);
#700 = EDGE_CURVE('',#701,#692,#703,.T.);
#701 = VERTEX_POINT('',#702);
#702 = CARTESIAN_POINT('',(-88.84526249034,-10.4,-37.50000056624));
#703 = CIRCLE('',#704,3.);
#704 = AXIS2_PLACEMENT_3D('',#705,#706,#707);
#705 = CARTESIAN_POINT('',(-88.84526249034,-10.4,-34.50000056624));
#706 = DIRECTION('',(-2.919715746391E-34,1.,-2.22044604925E-16));
#707 = DIRECTION('',(-0.968245836552,-5.551115123126E-17,-0.25));
#708 = ORIENTED_EDGE('',*,*,#709,.T.);
#709 = EDGE_CURVE('',#701,#710,#712,.T.);
#710 = VERTEX_POINT('',#711);
#711 = CARTESIAN_POINT('',(-32.5,-10.4,-37.50000056624));
#712 = LINE('',#713,#714);
#713 = CARTESIAN_POINT('',(-45.13750000745,-10.4,-37.50000056624));
#714 = VECTOR('',#715,1.);
#715 = DIRECTION('',(1.,3.830980170368E-34,0.));
#716 = ORIENTED_EDGE('',*,*,#717,.F.);
#717 = EDGE_CURVE('',#718,#710,#720,.T.);
#718 = VERTEX_POINT('',#719);
#719 = CARTESIAN_POINT('',(-31.5,-10.4,-38.50000056624));
#720 = CIRCLE('',#721,1.);
#721 = AXIS2_PLACEMENT_3D('',#722,#723,#724);
#722 = CARTESIAN_POINT('',(-32.5,-10.4,-38.50000056624));
#723 = DIRECTION('',(-5.969445310803E-33,-1.,2.22044604925E-16));
#724 = DIRECTION('',(0.707106781187,1.570092458684E-16,0.707106781187));
#725 = ORIENTED_EDGE('',*,*,#726,.T.);
#726 = EDGE_CURVE('',#718,#727,#729,.T.);
#727 = VERTEX_POINT('',#728);
#728 = CARTESIAN_POINT('',(-31.5,-10.4,-41.62701722003));
#729 = LINE('',#730,#731);
#730 = CARTESIAN_POINT('',(-31.5,-10.4,-16.39575028312));
#731 = VECTOR('',#732,1.);
#732 = DIRECTION('',(0.,-2.22044604925E-16,-1.));
#733 = ORIENTED_EDGE('',*,*,#734,.F.);
#734 = EDGE_CURVE('',#735,#727,#737,.T.);
#735 = VERTEX_POINT('',#736);
#736 = CARTESIAN_POINT('',(-32.25,-10.4,-42.59526305658));
#737 = CIRCLE('',#738,1.);
#738 = AXIS2_PLACEMENT_3D('',#739,#740,#741);
#739 = CARTESIAN_POINT('',(-32.5,-10.4,-41.62701722003));
#740 = DIRECTION('',(5.064900449641E-34,-1.,2.22044604925E-16));
#741 = DIRECTION('',(0.790569415042,-1.359739955511E-16,-0.612372435696)
  );
#742 = ORIENTED_EDGE('',*,*,#743,.F.);
#743 = EDGE_CURVE('',#744,#735,#746,.T.);
#744 = VERTEX_POINT('',#745);
#745 = CARTESIAN_POINT('',(-34.5,-10.4,-45.50000056624));
#746 = CIRCLE('',#747,3.);
#747 = AXIS2_PLACEMENT_3D('',#748,#749,#750);
#748 = CARTESIAN_POINT('',(-31.5,-10.4,-45.50000056624));
#749 = DIRECTION('',(-5.969445310803E-33,1.,-2.22044604925E-16));
#750 = DIRECTION('',(-0.707106781187,1.570092458684E-16,0.707106781187)
  );
#751 = ORIENTED_EDGE('',*,*,#752,.T.);
#752 = EDGE_CURVE('',#744,#753,#755,.T.);
#753 = VERTEX_POINT('',#754);
#754 = CARTESIAN_POINT('',(-34.5,-10.4,-51.03973374791));
#755 = LINE('',#756,#757);
#756 = CARTESIAN_POINT('',(-34.5,-10.4,-26.79575));
#757 = VECTOR('',#758,1.);
#758 = DIRECTION('',(1.751623080406E-46,-2.22044604925E-16,-1.));
#759 = ORIENTED_EDGE('',*,*,#760,.T.);
#760 = EDGE_CURVE('',#753,#761,#763,.T.);
#761 = VERTEX_POINT('',#762);
#762 = CARTESIAN_POINT('',(-35.5,-10.4,-50.03973374791));
#763 = CIRCLE('',#764,1.);
#764 = AXIS2_PLACEMENT_3D('',#765,#766,#767);
#765 = CARTESIAN_POINT('',(-35.5,-10.4,-51.03973374791));
#766 = DIRECTION('',(1.250929993137E-33,-1.,2.22044604925E-16));
#767 = DIRECTION('',(0.707106781187,1.570092458684E-16,0.707106781187));
#768 = ORIENTED_EDGE('',*,*,#769,.F.);
#769 = EDGE_CURVE('',#770,#761,#772,.T.);
#770 = VERTEX_POINT('',#771);
#771 = CARTESIAN_POINT('',(-38.701,-10.4,-50.03973374791));
#772 = LINE('',#773,#774);
#773 = CARTESIAN_POINT('',(-19.5625,-10.4,-50.03973374791));
#774 = VECTOR('',#775,1.);
#775 = DIRECTION('',(1.,3.830980170368E-34,0.));
#776 = ORIENTED_EDGE('',*,*,#777,.T.);
#777 = EDGE_CURVE('',#770,#778,#780,.T.);
#778 = VERTEX_POINT('',#779);
#779 = CARTESIAN_POINT('',(-39.701,-10.4,-51.03973374791));
#780 = CIRCLE('',#781,1.);
#781 = AXIS2_PLACEMENT_3D('',#782,#783,#784);
#782 = CARTESIAN_POINT('',(-38.701,-10.4,-51.03973374791));
#783 = DIRECTION('',(5.969445310803E-33,-1.,2.22044604925E-16));
#784 = DIRECTION('',(-0.707106781187,1.570092458684E-16,0.707106781187)
  );
#785 = ORIENTED_EDGE('',*,*,#786,.T.);
#786 = EDGE_CURVE('',#778,#787,#789,.T.);
#787 = VERTEX_POINT('',#788);
#788 = CARTESIAN_POINT('',(-39.701,-10.4,-44.50000056624));
#789 = LINE('',#790,#791);
#790 = CARTESIAN_POINT('',(-39.701,-10.4,-18.39575028312));
#791 = VECTOR('',#792,1.);
#792 = DIRECTION('',(0.,2.22044604925E-16,1.));
#793 = ORIENTED_EDGE('',*,*,#794,.F.);
#794 = EDGE_CURVE('',#795,#787,#797,.T.);
#795 = VERTEX_POINT('',#796);
#796 = CARTESIAN_POINT('',(-42.701,-10.4,-41.50000056624));
#797 = CIRCLE('',#798,3.);
#798 = AXIS2_PLACEMENT_3D('',#799,#800,#801);
#799 = CARTESIAN_POINT('',(-42.701,-10.4,-44.50000056624));
#800 = DIRECTION('',(-1.250929993143E-33,1.,-2.22044604925E-16));
#801 = DIRECTION('',(0.707106781187,1.570092458684E-16,0.707106781187));
#802 = ORIENTED_EDGE('',*,*,#803,.T.);
#803 = EDGE_CURVE('',#795,#804,#806,.T.);
#804 = VERTEX_POINT('',#805);
#805 = CARTESIAN_POINT('',(-98.2,-10.4,-41.50000056624));
#806 = LINE('',#807,#808);
#807 = CARTESIAN_POINT('',(-65.0752500041,-10.4,-41.50000056624));
#808 = VECTOR('',#809,1.);
#809 = DIRECTION('',(-1.,0.,-1.751623080406E-46));
#810 = ORIENTED_EDGE('',*,*,#811,.F.);
#811 = EDGE_CURVE('',#812,#804,#814,.T.);
#812 = VERTEX_POINT('',#813);
#813 = CARTESIAN_POINT('',(-101.2,-10.4,-44.50000056624));
#814 = CIRCLE('',#815,3.);
#815 = AXIS2_PLACEMENT_3D('',#816,#817,#818);
#816 = CARTESIAN_POINT('',(-98.2,-10.4,-44.50000056624));
#817 = DIRECTION('',(-5.969445310803E-33,1.,-2.22044604925E-16));
#818 = DIRECTION('',(-0.707106781187,1.570092458684E-16,0.707106781187)
  );
#819 = ORIENTED_EDGE('',*,*,#820,.T.);
#820 = EDGE_CURVE('',#812,#821,#823,.T.);
#821 = VERTEX_POINT('',#822);
#822 = CARTESIAN_POINT('',(-101.2,-10.4,-27.59807621135));
#823 = LINE('',#824,#825);
#824 = CARTESIAN_POINT('',(-101.2,-10.4,-40.35346743551));
#825 = VECTOR('',#826,1.);
#826 = DIRECTION('',(-1.752473728884E-46,2.22044604925E-16,1.));
#827 = ORIENTED_EDGE('',*,*,#828,.T.);
#828 = EDGE_CURVE('',#821,#829,#831,.T.);
#829 = VERTEX_POINT('',#830);
#830 = CARTESIAN_POINT('',(-100.45,-10.4,-25.61376272805));
#831 = CIRCLE('',#832,3.);
#832 = AXIS2_PLACEMENT_3D('',#833,#834,#835);
#833 = CARTESIAN_POINT('',(-98.2,-10.4,-27.59807621135));
#834 = DIRECTION('',(-6.796070142405E-33,1.,-2.22044604925E-16));
#835 = DIRECTION('',(-0.5,1.922962686384E-16,0.866025403784));
#836 = ORIENTED_EDGE('',*,*,#837,.T.);
#837 = EDGE_CURVE('',#829,#838,#840,.T.);
#838 = VERTEX_POINT('',#839);
#839 = CARTESIAN_POINT('',(-99.7,-10.4,-23.62944924475));
#840 = CIRCLE('',#841,3.);
#841 = AXIS2_PLACEMENT_3D('',#842,#843,#844);
#842 = CARTESIAN_POINT('',(-102.7,-10.4,-23.62944924475));
#843 = DIRECTION('',(-1.873023598886E-33,-1.,2.22044604925E-16));
#844 = DIRECTION('',(0.935414346693,-7.850462293419E-17,-0.353553390593)
  );
#845 = ORIENTED_EDGE('',*,*,#846,.T.);
#846 = EDGE_CURVE('',#838,#847,#849,.T.);
#847 = VERTEX_POINT('',#848);
#848 = CARTESIAN_POINT('',(-99.7,-10.4,23.629449244757));
#849 = LINE('',#850,#851);
#850 = CARTESIAN_POINT('',(-99.7,-10.4,14.85425));
#851 = VECTOR('',#852,1.);
#852 = DIRECTION('',(-3.552713678801E-16,2.22044604925E-16,1.));
#853 = ORIENTED_EDGE('',*,*,#854,.T.);
#854 = EDGE_CURVE('',#847,#855,#857,.T.);
#855 = VERTEX_POINT('',#856);
#856 = CARTESIAN_POINT('',(-100.45,-10.4,25.613762728055));
#857 = CIRCLE('',#858,3.);
#858 = AXIS2_PLACEMENT_3D('',#859,#860,#861);
#859 = CARTESIAN_POINT('',(-102.7,-10.4,23.629449244757));
#860 = DIRECTION('',(1.873023598886E-33,-1.,2.22044604925E-16));
#861 = DIRECTION('',(0.935414346693,7.850462293419E-17,0.353553390593));
#862 = ORIENTED_EDGE('',*,*,#863,.T.);
#863 = EDGE_CURVE('',#855,#864,#866,.T.);
#864 = VERTEX_POINT('',#865);
#865 = CARTESIAN_POINT('',(-101.2,-10.4,27.598076211353));
#866 = CIRCLE('',#867,3.);
#867 = AXIS2_PLACEMENT_3D('',#868,#869,#870);
#868 = CARTESIAN_POINT('',(-98.2,-10.4,27.598076211353));
#869 = DIRECTION('',(6.859607663909E-33,1.,-2.22044604925E-16));
#870 = DIRECTION('',(-0.5,-1.922962686384E-16,-0.866025403784));
#871 = ORIENTED_EDGE('',*,*,#872,.F.);
#872 = EDGE_CURVE('',#873,#864,#875,.T.);
#873 = VERTEX_POINT('',#874);
#874 = CARTESIAN_POINT('',(-101.2,-10.4,42.904515973725));
#875 = LINE('',#876,#877);
#876 = CARTESIAN_POINT('',(-101.2,-10.4,54.310757986862));
#877 = VECTOR('',#878,1.);
#878 = DIRECTION('',(0.,5.858312225917E-67,-1.));
#879 = ORIENTED_EDGE('',*,*,#880,.F.);
#880 = EDGE_CURVE('',#881,#873,#883,.T.);
#881 = VERTEX_POINT('',#882);
#882 = CARTESIAN_POINT('',(-98.2,-10.4,39.904515973725));
#883 = CIRCLE('',#884,3.);
#884 = AXIS2_PLACEMENT_3D('',#885,#886,#887);
#885 = CARTESIAN_POINT('',(-98.2,-10.4,42.904515973725));
#886 = DIRECTION('',(5.969445310803E-33,1.,-2.22044604925E-16));
#887 = DIRECTION('',(-0.707106781187,-1.570092458684E-16,-0.707106781187
    ));
#888 = ORIENTED_EDGE('',*,*,#889,.T.);
#889 = EDGE_CURVE('',#881,#890,#892,.T.);
#890 = VERTEX_POINT('',#891);
#891 = CARTESIAN_POINT('',(-94.7500000149,-10.4,39.904515973725));
#892 = LINE('',#893,#894);
#893 = CARTESIAN_POINT('',(-92.462864824,-10.4,39.904515973725));
#894 = VECTOR('',#895,1.);
#895 = DIRECTION('',(1.,0.,0.));
#896 = ORIENTED_EDGE('',*,*,#897,.F.);
#897 = EDGE_CURVE('',#898,#890,#900,.T.);
#898 = VERTEX_POINT('',#899);
#899 = CARTESIAN_POINT('',(-91.7500000149,-10.4,36.904515973725));
#900 = CIRCLE('',#901,3.);
#901 = AXIS2_PLACEMENT_3D('',#902,#903,#904);
#902 = CARTESIAN_POINT('',(-94.7500000149,-10.4,36.904515973725));
#903 = DIRECTION('',(-5.969445310803E-33,-1.,2.22044604925E-16));
#904 = DIRECTION('',(0.707106781187,1.570092458684E-16,0.707106781187));
#905 = ORIENTED_EDGE('',*,*,#906,.F.);
#906 = EDGE_CURVE('',#907,#898,#909,.T.);
#907 = VERTEX_POINT('',#908);
#908 = CARTESIAN_POINT('',(-91.7500000149,-10.4,28.525396034663));
#909 = LINE('',#910,#911);
#910 = CARTESIAN_POINT('',(-91.7500000149,-10.4,26.354250007451));
#911 = VECTOR('',#912,1.);
#912 = DIRECTION('',(-1.751623080406E-46,2.22044604925E-16,1.));
#913 = ORIENTED_EDGE('',*,*,#914,.F.);
#914 = EDGE_CURVE('',#915,#907,#917,.T.);
#915 = VERTEX_POINT('',#916);
#916 = CARTESIAN_POINT('',(-88.7500000149,-10.4,25.525396034663));
#917 = CIRCLE('',#918,3.);
#918 = AXIS2_PLACEMENT_3D('',#919,#920,#921);
#919 = CARTESIAN_POINT('',(-88.7500000149,-10.4,28.525396034663));
#920 = DIRECTION('',(-1.250929993139E-33,1.,-2.22044604925E-16));
#921 = DIRECTION('',(-0.707106781187,-1.570092458684E-16,-0.707106781187
    ));
#922 = ORIENTED_EDGE('',*,*,#923,.T.);
#923 = EDGE_CURVE('',#915,#924,#926,.T.);
#924 = VERTEX_POINT('',#925);
#925 = CARTESIAN_POINT('',(88.750000014901,-10.4,25.525396034663));
#926 = LINE('',#927,#928);
#927 = CARTESIAN_POINT('',(14.071899400867,-10.4,25.525396034663));
#928 = VECTOR('',#929,1.);
#929 = DIRECTION('',(1.,3.830980170368E-34,0.));
#930 = ORIENTED_EDGE('',*,*,#931,.F.);
#931 = EDGE_CURVE('',#932,#924,#934,.T.);
#932 = VERTEX_POINT('',#933);
#933 = CARTESIAN_POINT('',(91.750000014901,-10.4,28.525396034663));
#934 = CIRCLE('',#935,3.);
#935 = AXIS2_PLACEMENT_3D('',#936,#937,#938);
#936 = CARTESIAN_POINT('',(88.750000014901,-10.4,28.525396034663));
#937 = DIRECTION('',(1.250929993143E-33,1.,-2.22044604925E-16));
#938 = DIRECTION('',(0.707106781187,-1.570092458684E-16,-0.707106781187)
  );
#939 = ORIENTED_EDGE('',*,*,#940,.T.);
#940 = EDGE_CURVE('',#932,#941,#943,.T.);
#941 = VERTEX_POINT('',#942);
#942 = CARTESIAN_POINT('',(91.750000014901,-10.4,36.904515973725));
#943 = LINE('',#944,#945);
#944 = CARTESIAN_POINT('',(91.750000014901,-10.4,15.540448017332));
#945 = VECTOR('',#946,1.);
#946 = DIRECTION('',(0.,2.22044604925E-16,1.));
#947 = ORIENTED_EDGE('',*,*,#948,.F.);
#948 = EDGE_CURVE('',#949,#941,#951,.T.);
#949 = VERTEX_POINT('',#950);
#950 = CARTESIAN_POINT('',(88.750000014901,-10.4,39.904515973725));
#951 = CIRCLE('',#952,3.);
#952 = AXIS2_PLACEMENT_3D('',#953,#954,#955);
#953 = CARTESIAN_POINT('',(88.750000014901,-10.4,36.904515973725));
#954 = DIRECTION('',(5.969445310803E-33,1.,-2.22044604925E-16));
#955 = DIRECTION('',(0.707106781187,1.570092458684E-16,0.707106781187));
#956 = ORIENTED_EDGE('',*,*,#957,.F.);
#957 = EDGE_CURVE('',#958,#949,#960,.T.);
#958 = VERTEX_POINT('',#959);
#959 = CARTESIAN_POINT('',(51.,-10.4,39.904515973725));
#960 = LINE('',#961,#962);
#961 = CARTESIAN_POINT('',(46.675035145168,-10.4,39.904515973725));
#962 = VECTOR('',#963,1.);
#963 = DIRECTION('',(1.,3.830980170368E-34,0.));
#964 = ORIENTED_EDGE('',*,*,#965,.F.);
#965 = EDGE_CURVE('',#966,#958,#968,.T.);
#966 = VERTEX_POINT('',#967);
#967 = CARTESIAN_POINT('',(48.,-10.4,42.904515973725));
#968 = CIRCLE('',#969,3.);
#969 = AXIS2_PLACEMENT_3D('',#970,#971,#972);
#970 = CARTESIAN_POINT('',(51.,-10.4,42.904515973725));
#971 = DIRECTION('',(-5.969445310803E-33,-1.,2.22044604925E-16));
#972 = DIRECTION('',(-0.707106781187,-1.570092458684E-16,-0.707106781187
    ));
#973 = ORIENTED_EDGE('',*,*,#974,.T.);
#974 = EDGE_CURVE('',#966,#975,#977,.T.);
#975 = VERTEX_POINT('',#976);
#976 = CARTESIAN_POINT('',(48.,-10.4,57.216515973725));
#977 = LINE('',#978,#979);
#978 = CARTESIAN_POINT('',(48.,-10.4,30.806507986862));
#979 = VECTOR('',#980,1.);
#980 = DIRECTION('',(0.,2.22044604925E-16,1.));
#981 = ORIENTED_EDGE('',*,*,#982,.F.);
#982 = EDGE_CURVE('',#983,#975,#985,.T.);
#983 = VERTEX_POINT('',#984);
#984 = CARTESIAN_POINT('',(45.,-10.4,60.216515973725));
#985 = CIRCLE('',#986,3.);
#986 = AXIS2_PLACEMENT_3D('',#987,#988,#989);
#987 = CARTESIAN_POINT('',(45.,-10.4,57.216515973725));
#988 = DIRECTION('',(-1.250929993143E-33,1.,-2.22044604925E-16));
#989 = DIRECTION('',(0.707106781187,1.570092458684E-16,0.707106781187));
#990 = ORIENTED_EDGE('',*,*,#991,.T.);
#991 = EDGE_CURVE('',#983,#992,#994,.T.);
#992 = VERTEX_POINT('',#993);
#993 = CARTESIAN_POINT('',(42.536999985099,-10.4,60.216515973725));
#994 = LINE('',#995,#996);
#995 = CARTESIAN_POINT('',(25.7375,-10.4,60.216515973725));
#996 = VECTOR('',#997,1.);
#997 = DIRECTION('',(-1.,-3.830980170368E-34,0.));
#998 = ORIENTED_EDGE('',*,*,#999,.F.);
#999 = EDGE_CURVE('',#1000,#992,#1002,.T.);
#1000 = VERTEX_POINT('',#1001);
#1001 = CARTESIAN_POINT('',(39.536999985099,-10.4,63.216515973725));
#1002 = CIRCLE('',#1003,3.);
#1003 = AXIS2_PLACEMENT_3D('',#1004,#1005,#1006);
#1004 = CARTESIAN_POINT('',(42.536999985099,-10.4,63.216515973725));
#1005 = DIRECTION('',(-5.969445310803E-33,-1.,2.22044604925E-16));
#1006 = DIRECTION('',(-0.707106781187,-1.570092458684E-16,
    -0.707106781187));
#1007 = ORIENTED_EDGE('',*,*,#1008,.T.);
#1008 = EDGE_CURVE('',#1000,#1009,#1011,.T.);
#1009 = VERTEX_POINT('',#1010);
#1010 = CARTESIAN_POINT('',(39.536999985099,-10.4,64.217));
#1011 = LINE('',#1012,#1013);
#1012 = CARTESIAN_POINT('',(39.536999985099,-10.4,31.354250007451));
#1013 = VECTOR('',#1014,1.);
#1014 = DIRECTION('',(0.,2.22044604925E-16,1.));
#1015 = ORIENTED_EDGE('',*,*,#1016,.F.);
#1016 = EDGE_CURVE('',#1017,#1009,#1019,.T.);
#1017 = VERTEX_POINT('',#1018);
#1018 = CARTESIAN_POINT('',(36.536999985099,-10.4,67.217));
#1019 = CIRCLE('',#1020,3.);
#1020 = AXIS2_PLACEMENT_3D('',#1021,#1022,#1023);
#1021 = CARTESIAN_POINT('',(36.536999985099,-10.4,64.217));
#1022 = DIRECTION('',(-1.250929993143E-33,1.,-2.22044604925E-16));
#1023 = DIRECTION('',(0.707106781187,1.570092458684E-16,0.707106781187)
  );
#1024 = ORIENTED_EDGE('',*,*,#1025,.F.);
#1025 = EDGE_CURVE('',#1026,#1017,#1028,.T.);
#1026 = VERTEX_POINT('',#1027);
#1027 = CARTESIAN_POINT('',(38.166448707388,-10.4,67.217));
#1028 = LINE('',#1029,#1030);
#1029 = CARTESIAN_POINT('',(20.50599999255,-10.4,67.217));
#1030 = VECTOR('',#1031,1.);
#1031 = DIRECTION('',(-1.,-3.830980170368E-34,0.));
#1032 = ORIENTED_EDGE('',*,*,#1033,.T.);
#1033 = EDGE_CURVE('',#1026,#1034,#1036,.T.);
#1034 = VERTEX_POINT('',#1035);
#1035 = CARTESIAN_POINT('',(40.15076272292,-10.4,67.967000469387));
#1036 = CIRCLE('',#1037,3.);
#1037 = AXIS2_PLACEMENT_3D('',#1038,#1039,#1040);
#1038 = CARTESIAN_POINT('',(38.166448707388,-10.4,70.217));
#1039 = DIRECTION('',(-7.962362354692E-34,-1.,2.22044604925E-16));
#1040 = DIRECTION('',(0.353553501229,-2.077036997677E-16,-0.935414304877
    ));
#1041 = ORIENTED_EDGE('',*,*,#1042,.T.);
#1042 = EDGE_CURVE('',#1034,#1043,#1045,.T.);
#1043 = VERTEX_POINT('',#1044);
#1044 = CARTESIAN_POINT('',(42.135076738453,-10.4,68.717));
#1045 = CIRCLE('',#1046,3.);
#1046 = AXIS2_PLACEMENT_3D('',#1047,#1048,#1049);
#1047 = CARTESIAN_POINT('',(42.135076738453,-10.4,65.717000938773));
#1048 = DIRECTION('',(1.298104800533E-33,1.,-2.22044604925E-16));
#1049 = DIRECTION('',(-0.866025584451,1.110222329793E-16,0.499999687076)
  );
#1050 = ORIENTED_EDGE('',*,*,#1051,.T.);
#1051 = EDGE_CURVE('',#1043,#1052,#1054,.T.);
#1052 = VERTEX_POINT('',#1053);
#1053 = CARTESIAN_POINT('',(89.660428362201,-10.4,68.717));
#1054 = LINE('',#1055,#1056);
#1055 = CARTESIAN_POINT('',(30.8375,-10.4,68.717));
#1056 = VECTOR('',#1057,1.);
#1057 = DIRECTION('',(1.,3.830980170368E-34,0.));
#1058 = ORIENTED_EDGE('',*,*,#1059,.T.);
#1059 = EDGE_CURVE('',#1052,#1060,#1062,.T.);
#1060 = VERTEX_POINT('',#1061);
#1061 = CARTESIAN_POINT('',(92.660427909176,-10.4,65.71535225855));
#1062 = CIRCLE('',#1063,3.);
#1063 = AXIS2_PLACEMENT_3D('',#1064,#1065,#1066);
#1064 = CARTESIAN_POINT('',(89.660428362201,-10.4,65.717000938773));
#1065 = DIRECTION('',(3.614239266818E-34,1.,-2.22044604925E-16));
#1066 = DIRECTION('',(0.707301053327,1.569660969329E-16,0.706912455657)
  );
#1067 = ORIENTED_EDGE('',*,*,#1068,.F.);
#1068 = EDGE_CURVE('',#1069,#1060,#1071,.T.);
#1069 = VERTEX_POINT('',#1070);
#1070 = CARTESIAN_POINT('',(92.659055820365,-10.4,63.218648680223));
#1071 = LINE('',#1072,#1073);
#1072 = CARTESIAN_POINT('',(92.659,-10.4,63.117075878573));
#1073 = VECTOR('',#1074,1.);
#1074 = DIRECTION('',(5.495600742736E-04,0.,0.999999848992));
#1075 = ORIENTED_EDGE('',*,*,#1076,.T.);
#1076 = EDGE_CURVE('',#1069,#1077,#1079,.T.);
#1077 = VERTEX_POINT('',#1078);
#1078 = CARTESIAN_POINT('',(95.65905536734,-10.4,60.217));
#1079 = CIRCLE('',#1080,3.);
#1080 = AXIS2_PLACEMENT_3D('',#1081,#1082,#1083);
#1081 = CARTESIAN_POINT('',(95.65905536734,-10.4,63.217));
#1082 = DIRECTION('',(-1.655572837584E-35,-1.,2.22044604925E-16));
#1083 = DIRECTION('',(-0.707301053327,-1.569660969329E-16,
    -0.706912455657));
#1084 = ORIENTED_EDGE('',*,*,#1085,.T.);
#1085 = EDGE_CURVE('',#1077,#1086,#1088,.T.);
#1086 = VERTEX_POINT('',#1087);
#1087 = CARTESIAN_POINT('',(58.,-10.4,60.217));
#1088 = LINE('',#1089,#1090);
#1089 = CARTESIAN_POINT('',(92.659,-10.4,60.217));
#1090 = VECTOR('',#1091,1.);
#1091 = DIRECTION('',(-1.,0.,-1.751623080406E-46));
#1092 = ORIENTED_EDGE('',*,*,#1093,.F.);
#1093 = EDGE_CURVE('',#1094,#1086,#1096,.T.);
#1094 = VERTEX_POINT('',#1095);
#1095 = CARTESIAN_POINT('',(55.,-10.4,57.217));
#1096 = CIRCLE('',#1097,3.);
#1097 = AXIS2_PLACEMENT_3D('',#1098,#1099,#1100);
#1098 = CARTESIAN_POINT('',(58.,-10.4,57.217));
#1099 = DIRECTION('',(1.250929993143E-33,1.,-2.22044604925E-16));
#1100 = DIRECTION('',(-0.707106781187,1.570092458684E-16,0.707106781187)
  );
#1101 = ORIENTED_EDGE('',*,*,#1102,.T.);
#1102 = EDGE_CURVE('',#1094,#1103,#1105,.T.);
#1103 = VERTEX_POINT('',#1104);
#1104 = CARTESIAN_POINT('',(55.,-10.4,49.904515973725));
#1105 = LINE('',#1106,#1107);
#1106 = CARTESIAN_POINT('',(55.,-10.4,36.21275));
#1107 = VECTOR('',#1108,1.);
#1108 = DIRECTION('',(-4.267527213853E-16,-2.22044604925E-16,-1.));
#1109 = ORIENTED_EDGE('',*,*,#1110,.F.);
#1110 = EDGE_CURVE('',#425,#1103,#1111,.T.);
#1111 = CIRCLE('',#1112,3.);
#1112 = AXIS2_PLACEMENT_3D('',#1113,#1114,#1115);
#1113 = CARTESIAN_POINT('',(58.,-10.4,49.904515973725));
#1114 = DIRECTION('',(5.969445310803E-33,1.,-2.22044604925E-16));
#1115 = DIRECTION('',(-0.707106781187,-1.570092458684E-16,
    -0.707106781187));
#1116 = FACE_BOUND('',#1117,.T.);
#1117 = EDGE_LOOP('',(#1118,#1128,#1137,#1145,#1154,#1162,#1171,#1179));
#1118 = ORIENTED_EDGE('',*,*,#1119,.T.);
#1119 = EDGE_CURVE('',#1120,#1122,#1124,.T.);
#1120 = VERTEX_POINT('',#1121);
#1121 = CARTESIAN_POINT('',(54.,-10.4,46.904515973725));
#1122 = VERTEX_POINT('',#1123);
#1123 = CARTESIAN_POINT('',(51.,-10.4,46.904515973725));
#1124 = LINE('',#1125,#1126);
#1125 = CARTESIAN_POINT('',(55.,-10.4,46.904515973725));
#1126 = VECTOR('',#1127,1.);
#1127 = DIRECTION('',(-1.,0.,0.));
#1128 = ORIENTED_EDGE('',*,*,#1129,.T.);
#1129 = EDGE_CURVE('',#1122,#1130,#1132,.T.);
#1130 = VERTEX_POINT('',#1131);
#1131 = CARTESIAN_POINT('',(50.,-10.4,45.904515973725));
#1132 = CIRCLE('',#1133,1.);
#1133 = AXIS2_PLACEMENT_3D('',#1134,#1135,#1136);
#1134 = CARTESIAN_POINT('',(51.,-10.4,45.904515973725));
#1135 = DIRECTION('',(5.969445310803E-33,-1.,2.22044604925E-16));
#1136 = DIRECTION('',(-0.707106781187,1.570092458684E-16,0.707106781187)
  );
#1137 = ORIENTED_EDGE('',*,*,#1138,.F.);
#1138 = EDGE_CURVE('',#1139,#1130,#1141,.T.);
#1139 = VERTEX_POINT('',#1140);
#1140 = CARTESIAN_POINT('',(50.,-10.4,42.904515973725));
#1141 = LINE('',#1142,#1143);
#1142 = CARTESIAN_POINT('',(50.,-10.4,53.904515973725));
#1143 = VECTOR('',#1144,1.);
#1144 = DIRECTION('',(-1.752473728884E-46,0.,1.));
#1145 = ORIENTED_EDGE('',*,*,#1146,.T.);
#1146 = EDGE_CURVE('',#1139,#1147,#1149,.T.);
#1147 = VERTEX_POINT('',#1148);
#1148 = CARTESIAN_POINT('',(51.,-10.4,41.904515973725));
#1149 = CIRCLE('',#1150,1.);
#1150 = AXIS2_PLACEMENT_3D('',#1151,#1152,#1153);
#1151 = CARTESIAN_POINT('',(51.,-10.4,42.904515973725));
#1152 = DIRECTION('',(-5.969445310803E-33,-1.,2.22044604925E-16));
#1153 = DIRECTION('',(-0.707106781187,-1.570092458684E-16,
    -0.707106781187));
#1154 = ORIENTED_EDGE('',*,*,#1155,.T.);
#1155 = EDGE_CURVE('',#1147,#1156,#1158,.T.);
#1156 = VERTEX_POINT('',#1157);
#1157 = CARTESIAN_POINT('',(54.,-10.4,41.904515973725));
#1158 = LINE('',#1159,#1160);
#1159 = CARTESIAN_POINT('',(34.867857350789,-10.4,41.904515973725));
#1160 = VECTOR('',#1161,1.);
#1161 = DIRECTION('',(1.,3.830980170368E-34,-5.254869241218E-46));
#1162 = ORIENTED_EDGE('',*,*,#1163,.T.);
#1163 = EDGE_CURVE('',#1156,#1164,#1166,.T.);
#1164 = VERTEX_POINT('',#1165);
#1165 = CARTESIAN_POINT('',(55.,-10.4,42.904515973725));
#1166 = CIRCLE('',#1167,1.);
#1167 = AXIS2_PLACEMENT_3D('',#1168,#1169,#1170);
#1168 = CARTESIAN_POINT('',(54.,-10.4,42.904515973725));
#1169 = DIRECTION('',(-1.250929993137E-33,-1.,2.22044604925E-16));
#1170 = DIRECTION('',(0.707106781187,-1.570092458684E-16,-0.707106781187
    ));
#1171 = ORIENTED_EDGE('',*,*,#1172,.F.);
#1172 = EDGE_CURVE('',#1173,#1164,#1175,.T.);
#1173 = VERTEX_POINT('',#1174);
#1174 = CARTESIAN_POINT('',(55.,-10.4,45.904515973725));
#1175 = LINE('',#1176,#1177);
#1176 = CARTESIAN_POINT('',(55.,-10.4,50.904515973725));
#1177 = VECTOR('',#1178,1.);
#1178 = DIRECTION('',(0.,0.,-1.));
#1179 = ORIENTED_EDGE('',*,*,#1180,.T.);
#1180 = EDGE_CURVE('',#1173,#1120,#1181,.T.);
#1181 = CIRCLE('',#1182,1.);
#1182 = AXIS2_PLACEMENT_3D('',#1183,#1184,#1185);
#1183 = CARTESIAN_POINT('',(54.,-10.4,45.904515973725));
#1184 = DIRECTION('',(1.250929993131E-33,-1.,2.22044604925E-16));
#1185 = DIRECTION('',(0.707106781187,1.570092458684E-16,0.707106781187)
  );
#1186 = FACE_BOUND('',#1187,.T.);
#1187 = EDGE_LOOP('',(#1188));
#1188 = ORIENTED_EDGE('',*,*,#1189,.T.);
#1189 = EDGE_CURVE('',#1190,#1190,#1192,.T.);
#1190 = VERTEX_POINT('',#1191);
#1191 = CARTESIAN_POINT('',(-93.85,-10.4,37.75));
#1192 = CIRCLE('',#1193,0.9);
#1193 = AXIS2_PLACEMENT_3D('',#1194,#1195,#1196);
#1194 = CARTESIAN_POINT('',(-94.75,-10.4,37.75));
#1195 = DIRECTION('',(3.830980170368E-34,-1.,2.22044604925E-16));
#1196 = DIRECTION('',(-1.,-3.830980170368E-34,8.50648478405E-50));
#1197 = FACE_BOUND('',#1198,.T.);
#1198 = EDGE_LOOP('',(#1199));
#1199 = ORIENTED_EDGE('',*,*,#1200,.T.);
#1200 = EDGE_CURVE('',#1201,#1201,#1203,.T.);
#1201 = VERTEX_POINT('',#1202);
#1202 = CARTESIAN_POINT('',(93.85,-10.4,37.75));
#1203 = CIRCLE('',#1204,0.9);
#1204 = AXIS2_PLACEMENT_3D('',#1205,#1206,#1207);
#1205 = CARTESIAN_POINT('',(94.75,-10.4,37.75));
#1206 = DIRECTION('',(3.830980170368E-34,-1.,2.22044604925E-16));
#1207 = DIRECTION('',(1.,3.830980170368E-34,-8.50648478405E-50));
#1208 = FACE_BOUND('',#1209,.T.);
#1209 = EDGE_LOOP('',(#1210));
#1210 = ORIENTED_EDGE('',*,*,#1211,.T.);
#1211 = EDGE_CURVE('',#1212,#1212,#1214,.T.);
#1212 = VERTEX_POINT('',#1213);
#1213 = CARTESIAN_POINT('',(93.75,-10.4,-37.75));
#1214 = CIRCLE('',#1215,0.9);
#1215 = AXIS2_PLACEMENT_3D('',#1216,#1217,#1218);
#1216 = CARTESIAN_POINT('',(94.65,-10.4,-37.75));
#1217 = DIRECTION('',(3.830980170368E-34,-1.,2.22044604925E-16));
#1218 = DIRECTION('',(1.,3.830980170368E-34,-8.50648478405E-50));
#1219 = FACE_BOUND('',#1220,.T.);
#1220 = EDGE_LOOP('',(#1221));
#1221 = ORIENTED_EDGE('',*,*,#1222,.T.);
#1222 = EDGE_CURVE('',#1223,#1223,#1225,.T.);
#1223 = VERTEX_POINT('',#1224);
#1224 = CARTESIAN_POINT('',(-93.75,-10.4,-37.75));
#1225 = CIRCLE('',#1226,0.9);
#1226 = AXIS2_PLACEMENT_3D('',#1227,#1228,#1229);
#1227 = CARTESIAN_POINT('',(-94.65,-10.4,-37.75));
#1228 = DIRECTION('',(3.830980170368E-34,-1.,2.22044604925E-16));
#1229 = DIRECTION('',(-1.,-3.830980170368E-34,8.50648478405E-50));
#1230 = FACE_BOUND('',#1231,.T.);
#1231 = EDGE_LOOP('',(#1232,#1242,#1251,#1259,#1268,#1276,#1285,#1293));
#1232 = ORIENTED_EDGE('',*,*,#1233,.T.);
#1233 = EDGE_CURVE('',#1234,#1236,#1238,.T.);
#1234 = VERTEX_POINT('',#1235);
#1235 = CARTESIAN_POINT('',(93.750000014901,-10.4,8.525574934373));
#1236 = VERTEX_POINT('',#1237);
#1237 = CARTESIAN_POINT('',(-93.7500000149,-10.4,8.525574934373));
#1238 = LINE('',#1239,#1240);
#1239 = CARTESIAN_POINT('',(-1.7625,-10.4,8.525574934373));
#1240 = VECTOR('',#1241,1.);
#1241 = DIRECTION('',(-1.,-6.767049152209E-33,-2.875075995351E-17));
#1242 = ORIENTED_EDGE('',*,*,#1243,.F.);
#1243 = EDGE_CURVE('',#1244,#1236,#1246,.T.);
#1244 = VERTEX_POINT('',#1245);
#1245 = CARTESIAN_POINT('',(-96.7500000149,-10.4,5.525574934373));
#1246 = CIRCLE('',#1247,3.);
#1247 = AXIS2_PLACEMENT_3D('',#1248,#1249,#1250);
#1248 = CARTESIAN_POINT('',(-93.7500000149,-10.4,5.525574934373));
#1249 = DIRECTION('',(1.250929993139E-33,1.,-2.22044604925E-16));
#1250 = DIRECTION('',(-0.707106781187,1.570092458684E-16,0.707106781187)
  );
#1251 = ORIENTED_EDGE('',*,*,#1252,.T.);
#1252 = EDGE_CURVE('',#1244,#1253,#1255,.T.);
#1253 = VERTEX_POINT('',#1254);
#1254 = CARTESIAN_POINT('',(-96.7500000149,-10.4,-2.228604247521));
#1255 = LINE('',#1256,#1257);
#1256 = CARTESIAN_POINT('',(-96.7500000149,-10.4,-7.155212376037E-02));
#1257 = VECTOR('',#1258,1.);
#1258 = DIRECTION('',(0.,-2.22044604925E-16,-1.));
#1259 = ORIENTED_EDGE('',*,*,#1260,.F.);
#1260 = EDGE_CURVE('',#1261,#1253,#1263,.T.);
#1261 = VERTEX_POINT('',#1262);
#1262 = CARTESIAN_POINT('',(-93.7500000149,-10.4,-5.228604247521));
#1263 = CIRCLE('',#1264,3.);
#1264 = AXIS2_PLACEMENT_3D('',#1265,#1266,#1267);
#1265 = CARTESIAN_POINT('',(-93.7500000149,-10.4,-2.228604247521));
#1266 = DIRECTION('',(-1.250929993143E-33,1.,-2.22044604925E-16));
#1267 = DIRECTION('',(-0.707106781187,-1.570092458684E-16,
    -0.707106781187));
#1268 = ORIENTED_EDGE('',*,*,#1269,.T.);
#1269 = EDGE_CURVE('',#1261,#1270,#1272,.T.);
#1270 = VERTEX_POINT('',#1271);
#1271 = CARTESIAN_POINT('',(93.750000014901,-10.4,-5.228604247521));
#1272 = LINE('',#1273,#1274);
#1273 = CARTESIAN_POINT('',(-45.41867214237,-10.4,-5.228604247521));
#1274 = VECTOR('',#1275,1.);
#1275 = DIRECTION('',(1.,3.830980170368E-34,0.));
#1276 = ORIENTED_EDGE('',*,*,#1277,.F.);
#1277 = EDGE_CURVE('',#1278,#1270,#1280,.T.);
#1278 = VERTEX_POINT('',#1279);
#1279 = CARTESIAN_POINT('',(96.750000014901,-10.4,-2.228604247521));
#1280 = CIRCLE('',#1281,3.);
#1281 = AXIS2_PLACEMENT_3D('',#1282,#1283,#1284);
#1282 = CARTESIAN_POINT('',(93.750000014901,-10.4,-2.228604247521));
#1283 = DIRECTION('',(-5.969445310807E-33,1.,-2.22044604925E-16));
#1284 = DIRECTION('',(0.707106781187,-1.570092458684E-16,-0.707106781187
    ));
#1285 = ORIENTED_EDGE('',*,*,#1286,.T.);
#1286 = EDGE_CURVE('',#1278,#1287,#1289,.T.);
#1287 = VERTEX_POINT('',#1288);
#1288 = CARTESIAN_POINT('',(96.750000014901,-10.4,5.525574934373));
#1289 = LINE('',#1290,#1291);
#1290 = CARTESIAN_POINT('',(96.750000014901,-10.4,-7.155212376037E-02));
#1291 = VECTOR('',#1292,1.);
#1292 = DIRECTION('',(0.,2.22044604925E-16,1.));
#1293 = ORIENTED_EDGE('',*,*,#1294,.F.);
#1294 = EDGE_CURVE('',#1234,#1287,#1295,.T.);
#1295 = CIRCLE('',#1296,3.);
#1296 = AXIS2_PLACEMENT_3D('',#1297,#1298,#1299);
#1297 = CARTESIAN_POINT('',(93.750000014901,-10.4,5.525574934373));
#1298 = DIRECTION('',(-1.250929993143E-33,1.,-2.22044604925E-16));
#1299 = DIRECTION('',(0.707106781187,1.570092458684E-16,0.707106781187)
  );
#1300 = FACE_BOUND('',#1301,.T.);
#1301 = EDGE_LOOP('',(#1302,#1312,#1321,#1329,#1338,#1346,#1355,#1363));
#1302 = ORIENTED_EDGE('',*,*,#1303,.F.);
#1303 = EDGE_CURVE('',#1304,#1306,#1308,.T.);
#1304 = VERTEX_POINT('',#1305);
#1305 = CARTESIAN_POINT('',(-93.7500000149,-10.4,23.525167700972));
#1306 = VERTEX_POINT('',#1307);
#1307 = CARTESIAN_POINT('',(93.750000014901,-10.4,23.525167700972));
#1308 = LINE('',#1309,#1310);
#1309 = CARTESIAN_POINT('',(46.612500007451,-10.4,23.525167700972));
#1310 = VECTOR('',#1311,1.);
#1311 = DIRECTION('',(1.,3.830980170368E-34,0.));
#1312 = ORIENTED_EDGE('',*,*,#1313,.F.);
#1313 = EDGE_CURVE('',#1314,#1304,#1316,.T.);
#1314 = VERTEX_POINT('',#1315);
#1315 = CARTESIAN_POINT('',(-96.7500000149,-10.4,20.525167700972));
#1316 = CIRCLE('',#1317,3.);
#1317 = AXIS2_PLACEMENT_3D('',#1318,#1319,#1320);
#1318 = CARTESIAN_POINT('',(-93.7500000149,-10.4,20.525167700972));
#1319 = DIRECTION('',(-5.969445310803E-33,1.,-2.22044604925E-16));
#1320 = DIRECTION('',(-0.707106781187,1.570092458684E-16,0.707106781187)
  );
#1321 = ORIENTED_EDGE('',*,*,#1322,.T.);
#1322 = EDGE_CURVE('',#1314,#1323,#1325,.T.);
#1323 = VERTEX_POINT('',#1324);
#1324 = CARTESIAN_POINT('',(-96.7500000149,-10.4,13.525572754188));
#1325 = LINE('',#1326,#1327);
#1326 = CARTESIAN_POINT('',(-96.7500000149,-10.4,7.750036377094));
#1327 = VECTOR('',#1328,1.);
#1328 = DIRECTION('',(0.,-2.22044604925E-16,-1.));
#1329 = ORIENTED_EDGE('',*,*,#1330,.F.);
#1330 = EDGE_CURVE('',#1331,#1323,#1333,.T.);
#1331 = VERTEX_POINT('',#1332);
#1332 = CARTESIAN_POINT('',(-93.7500000149,-10.4,10.525572754188));
#1333 = CIRCLE('',#1334,3.);
#1334 = AXIS2_PLACEMENT_3D('',#1335,#1336,#1337);
#1335 = CARTESIAN_POINT('',(-93.7500000149,-10.4,13.525572754188));
#1336 = DIRECTION('',(-1.250929993143E-33,1.,-2.22044604925E-16));
#1337 = DIRECTION('',(-0.707106781187,-1.570092458684E-16,
    -0.707106781187));
#1338 = ORIENTED_EDGE('',*,*,#1339,.T.);
#1339 = EDGE_CURVE('',#1331,#1340,#1342,.T.);
#1340 = VERTEX_POINT('',#1341);
#1341 = CARTESIAN_POINT('',(93.750000014901,-10.4,10.525572754188));
#1342 = LINE('',#1343,#1344);
#1343 = CARTESIAN_POINT('',(-45.67592364872,-10.4,10.525572754188));
#1344 = VECTOR('',#1345,1.);
#1345 = DIRECTION('',(1.,3.830980170368E-34,0.));
#1346 = ORIENTED_EDGE('',*,*,#1347,.F.);
#1347 = EDGE_CURVE('',#1348,#1340,#1350,.T.);
#1348 = VERTEX_POINT('',#1349);
#1349 = CARTESIAN_POINT('',(96.750000014901,-10.4,13.525572754188));
#1350 = CIRCLE('',#1351,3.);
#1351 = AXIS2_PLACEMENT_3D('',#1352,#1353,#1354);
#1352 = CARTESIAN_POINT('',(93.750000014901,-10.4,13.525572754188));
#1353 = DIRECTION('',(1.250929993143E-33,1.,-2.22044604925E-16));
#1354 = DIRECTION('',(0.707106781187,-1.570092458684E-16,-0.707106781187
    ));
#1355 = ORIENTED_EDGE('',*,*,#1356,.T.);
#1356 = EDGE_CURVE('',#1348,#1357,#1359,.T.);
#1357 = VERTEX_POINT('',#1358);
#1358 = CARTESIAN_POINT('',(96.750000014901,-10.4,20.525167700972));
#1359 = LINE('',#1360,#1361);
#1360 = CARTESIAN_POINT('',(96.750000014901,-10.4,7.750036377094));
#1361 = VECTOR('',#1362,1.);
#1362 = DIRECTION('',(0.,2.22044604925E-16,1.));
#1363 = ORIENTED_EDGE('',*,*,#1364,.F.);
#1364 = EDGE_CURVE('',#1306,#1357,#1365,.T.);
#1365 = CIRCLE('',#1366,3.);
#1366 = AXIS2_PLACEMENT_3D('',#1367,#1368,#1369);
#1367 = CARTESIAN_POINT('',(93.750000014901,-10.4,20.525167700972));
#1368 = DIRECTION('',(5.969445310803E-33,1.,-2.22044604925E-16));
#1369 = DIRECTION('',(0.707106781187,1.570092458684E-16,0.707106781187)
  );
#1370 = FACE_BOUND('',#1371,.T.);
#1371 = EDGE_LOOP('',(#1372));
#1372 = ORIENTED_EDGE('',*,*,#1373,.F.);
#1373 = EDGE_CURVE('',#1374,#1374,#1376,.T.);
#1374 = VERTEX_POINT('',#1375);
#1375 = CARTESIAN_POINT('',(42.742949044291,-10.4,62.066902997766));
#1376 = CIRCLE('',#1377,0.9);
#1377 = AXIS2_PLACEMENT_3D('',#1378,#1379,#1380);
#1378 = CARTESIAN_POINT('',(41.842949044291,-10.4,62.066902997766));
#1379 = DIRECTION('',(-3.830980170368E-34,1.,-2.22044604925E-16));
#1380 = DIRECTION('',(-1.,-3.830980170368E-34,8.50648478405E-50));
#1381 = FACE_BOUND('',#1382,.T.);
#1382 = EDGE_LOOP('',(#1383));
#1383 = ORIENTED_EDGE('',*,*,#1384,.T.);
#1384 = EDGE_CURVE('',#1385,#1385,#1387,.T.);
#1385 = VERTEX_POINT('',#1386);
#1386 = CARTESIAN_POINT('',(89.3,-10.4,62.217));
#1387 = CIRCLE('',#1388,0.9);
#1388 = AXIS2_PLACEMENT_3D('',#1389,#1390,#1391);
#1389 = CARTESIAN_POINT('',(90.2,-10.4,62.217));
#1390 = DIRECTION('',(3.830980170368E-34,-1.,2.22044604925E-16));
#1391 = DIRECTION('',(1.,3.830980170368E-34,1.750772431928E-46));
#1392 = PLANE('',#1393);
#1393 = AXIS2_PLACEMENT_3D('',#1394,#1395,#1396);
#1394 = CARTESIAN_POINT('',(1.475,-10.4,4.7085));
#1395 = DIRECTION('',(3.830980170368E-34,-1.,2.22044604925E-16));
#1396 = DIRECTION('',(1.,3.830980170368E-34,1.441229436753E-66));
#1397 = ADVANCED_FACE('',(#1398),#1417,.F.);
#1398 = FACE_BOUND('',#1399,.F.);
#1399 = EDGE_LOOP('',(#1400,#1408,#1409,#1410));
#1400 = ORIENTED_EDGE('',*,*,#1401,.F.);
#1401 = EDGE_CURVE('',#496,#1402,#1404,.T.);
#1402 = VERTEX_POINT('',#1403);
#1403 = CARTESIAN_POINT('',(101.2,-16.74,-44.50000056624));
#1404 = LINE('',#1405,#1406);
#1405 = CARTESIAN_POINT('',(101.2,-6.65,-44.50000056624));
#1406 = VECTOR('',#1407,1.);
#1407 = DIRECTION('',(0.,-1.,0.));
#1408 = ORIENTED_EDGE('',*,*,#503,.F.);
#1409 = ORIENTED_EDGE('',*,*,#103,.F.);
#1410 = ORIENTED_EDGE('',*,*,#1411,.T.);
#1411 = EDGE_CURVE('',#104,#1402,#1412,.T.);
#1412 = CIRCLE('',#1413,3.);
#1413 = AXIS2_PLACEMENT_3D('',#1414,#1415,#1416);
#1414 = CARTESIAN_POINT('',(98.2,-16.74,-44.50000056624));
#1415 = DIRECTION('',(-0.,1.,0.));
#1416 = DIRECTION('',(0.707106781187,0.,0.707106781187));
#1417 = CYLINDRICAL_SURFACE('',#1418,3.);
#1418 = AXIS2_PLACEMENT_3D('',#1419,#1420,#1421);
#1419 = CARTESIAN_POINT('',(98.2,-6.65,-44.50000056624));
#1420 = DIRECTION('',(0.,-1.,0.));
#1421 = DIRECTION('',(0.707106781187,0.,0.707106781187));
#1422 = ADVANCED_FACE('',(#1423),#1476,.F.);
#1423 = FACE_BOUND('',#1424,.T.);
#1424 = EDGE_LOOP('',(#1425,#1436,#1444,#1451,#1452,#1453,#1461,#1470));
#1425 = ORIENTED_EDGE('',*,*,#1426,.T.);
#1426 = EDGE_CURVE('',#1427,#1429,#1431,.T.);
#1427 = VERTEX_POINT('',#1428);
#1428 = CARTESIAN_POINT('',(95.7,-16.74,-50.8));
#1429 = VERTEX_POINT('',#1430);
#1430 = CARTESIAN_POINT('',(92.7,-16.74,-47.8));
#1431 = CIRCLE('',#1432,3.);
#1432 = AXIS2_PLACEMENT_3D('',#1433,#1434,#1435);
#1433 = CARTESIAN_POINT('',(95.7,-16.74,-47.8));
#1434 = DIRECTION('',(0.,1.,0.));
#1435 = DIRECTION('',(-0.707106781187,0.,-0.707106781187));
#1436 = ORIENTED_EDGE('',*,*,#1437,.F.);
#1437 = EDGE_CURVE('',#1438,#1429,#1440,.T.);
#1438 = VERTEX_POINT('',#1439);
#1439 = CARTESIAN_POINT('',(92.7,-16.74,-44.50000056624));
#1440 = LINE('',#1441,#1442);
#1441 = CARTESIAN_POINT('',(92.7,-16.74,-24.87500028312));
#1442 = VECTOR('',#1443,1.);
#1443 = DIRECTION('',(0.,0.,-1.));
#1444 = ORIENTED_EDGE('',*,*,#1445,.T.);
#1445 = EDGE_CURVE('',#1438,#112,#1446,.T.);
#1446 = CIRCLE('',#1447,3.);
#1447 = AXIS2_PLACEMENT_3D('',#1448,#1449,#1450);
#1448 = CARTESIAN_POINT('',(95.7,-16.74,-44.50000056624));
#1449 = DIRECTION('',(0.,1.,-0.));
#1450 = DIRECTION('',(-0.707106781187,0.,0.707106781187));
#1451 = ORIENTED_EDGE('',*,*,#111,.T.);
#1452 = ORIENTED_EDGE('',*,*,#1411,.T.);
#1453 = ORIENTED_EDGE('',*,*,#1454,.F.);
#1454 = EDGE_CURVE('',#1455,#1402,#1457,.T.);
#1455 = VERTEX_POINT('',#1456);
#1456 = CARTESIAN_POINT('',(101.2,-16.74,-47.8));
#1457 = LINE('',#1458,#1459);
#1458 = CARTESIAN_POINT('',(101.2,-16.74,-28.04575));
#1459 = VECTOR('',#1460,1.);
#1460 = DIRECTION('',(0.,0.,1.));
#1461 = ORIENTED_EDGE('',*,*,#1462,.T.);
#1462 = EDGE_CURVE('',#1455,#1463,#1465,.T.);
#1463 = VERTEX_POINT('',#1464);
#1464 = CARTESIAN_POINT('',(98.2,-16.74,-50.8));
#1465 = CIRCLE('',#1466,3.);
#1466 = AXIS2_PLACEMENT_3D('',#1467,#1468,#1469);
#1467 = CARTESIAN_POINT('',(98.2,-16.74,-47.8));
#1468 = DIRECTION('',(0.,1.,0.));
#1469 = DIRECTION('',(0.707106781187,0.,-0.707106781187));
#1470 = ORIENTED_EDGE('',*,*,#1471,.F.);
#1471 = EDGE_CURVE('',#1427,#1463,#1472,.T.);
#1472 = LINE('',#1473,#1474);
#1473 = CARTESIAN_POINT('',(46.35,-16.74,-50.8));
#1474 = VECTOR('',#1475,1.);
#1475 = DIRECTION('',(1.,0.,-3.552713678801E-15));
#1476 = PLANE('',#1477);
#1477 = AXIS2_PLACEMENT_3D('',#1478,#1479,#1480);
#1478 = CARTESIAN_POINT('',(5.329070518201E-14,-16.74,4.7085));
#1479 = DIRECTION('',(0.,-1.,0.));
#1480 = DIRECTION('',(1.,0.,0.));
#1481 = ADVANCED_FACE('',(#1482),#1501,.F.);
#1482 = FACE_BOUND('',#1483,.F.);
#1483 = EDGE_LOOP('',(#1484,#1485,#1494,#1500));
#1484 = ORIENTED_EDGE('',*,*,#119,.F.);
#1485 = ORIENTED_EDGE('',*,*,#1486,.F.);
#1486 = EDGE_CURVE('',#1487,#120,#1489,.T.);
#1487 = VERTEX_POINT('',#1488);
#1488 = CARTESIAN_POINT('',(92.7,-12.4,-44.50000056624));
#1489 = CIRCLE('',#1490,3.);
#1490 = AXIS2_PLACEMENT_3D('',#1491,#1492,#1493);
#1491 = CARTESIAN_POINT('',(95.7,-12.4,-44.50000056624));
#1492 = DIRECTION('',(0.,1.,-0.));
#1493 = DIRECTION('',(-0.707106781187,0.,0.707106781187));
#1494 = ORIENTED_EDGE('',*,*,#1495,.F.);
#1495 = EDGE_CURVE('',#1438,#1487,#1496,.T.);
#1496 = LINE('',#1497,#1498);
#1497 = CARTESIAN_POINT('',(92.7,-13.3,-44.50000056624));
#1498 = VECTOR('',#1499,1.);
#1499 = DIRECTION('',(0.,1.,0.));
#1500 = ORIENTED_EDGE('',*,*,#1445,.T.);
#1501 = CYLINDRICAL_SURFACE('',#1502,3.);
#1502 = AXIS2_PLACEMENT_3D('',#1503,#1504,#1505);
#1503 = CARTESIAN_POINT('',(95.7,-13.3,-44.50000056624));
#1504 = DIRECTION('',(0.,1.,0.));
#1505 = DIRECTION('',(-0.707106781187,0.,0.707106781187));
#1506 = ADVANCED_FACE('',(#1507,#1586,#1597),#1608,.F.);
#1507 = FACE_BOUND('',#1508,.T.);
#1508 = EDGE_LOOP('',(#1509,#1519,#1526,#1527,#1528,#1536,#1545,#1554,
    #1562,#1571,#1579));
#1509 = ORIENTED_EDGE('',*,*,#1510,.T.);
#1510 = EDGE_CURVE('',#1511,#1513,#1515,.T.);
#1511 = VERTEX_POINT('',#1512);
#1512 = CARTESIAN_POINT('',(85.979373392929,-12.4,-56.3));
#1513 = VERTEX_POINT('',#1514);
#1514 = CARTESIAN_POINT('',(85.979373392929,-12.4,-44.50000056624));
#1515 = LINE('',#1516,#1517);
#1516 = CARTESIAN_POINT('',(85.979373392929,-12.4,-54.85000014156));
#1517 = VECTOR('',#1518,1.);
#1518 = DIRECTION('',(0.,0.,1.));
#1519 = ORIENTED_EDGE('',*,*,#1520,.F.);
#1520 = EDGE_CURVE('',#128,#1513,#1521,.T.);
#1521 = CIRCLE('',#1522,3.);
#1522 = AXIS2_PLACEMENT_3D('',#1523,#1524,#1525);
#1523 = CARTESIAN_POINT('',(82.979373392929,-12.4,-44.50000056624));
#1524 = DIRECTION('',(-0.,1.,0.));
#1525 = DIRECTION('',(0.707106781187,0.,0.707106781187));
#1526 = ORIENTED_EDGE('',*,*,#127,.F.);
#1527 = ORIENTED_EDGE('',*,*,#1486,.F.);
#1528 = ORIENTED_EDGE('',*,*,#1529,.T.);
#1529 = EDGE_CURVE('',#1487,#1530,#1532,.T.);
#1530 = VERTEX_POINT('',#1531);
#1531 = CARTESIAN_POINT('',(92.7,-12.4,-47.8));
#1532 = LINE('',#1533,#1534);
#1533 = CARTESIAN_POINT('',(92.7,-12.4,-41.50000056624));
#1534 = VECTOR('',#1535,1.);
#1535 = DIRECTION('',(0.,0.,-1.));
#1536 = ORIENTED_EDGE('',*,*,#1537,.F.);
#1537 = EDGE_CURVE('',#1538,#1530,#1540,.T.);
#1538 = VERTEX_POINT('',#1539);
#1539 = CARTESIAN_POINT('',(95.7,-12.4,-50.8));
#1540 = CIRCLE('',#1541,3.);
#1541 = AXIS2_PLACEMENT_3D('',#1542,#1543,#1544);
#1542 = CARTESIAN_POINT('',(95.7,-12.4,-47.8));
#1543 = DIRECTION('',(0.,1.,0.));
#1544 = DIRECTION('',(-0.707106781187,0.,-0.707106781187));
#1545 = ORIENTED_EDGE('',*,*,#1546,.T.);
#1546 = EDGE_CURVE('',#1538,#1547,#1549,.T.);
#1547 = VERTEX_POINT('',#1548);
#1548 = CARTESIAN_POINT('',(92.7,-12.4,-53.8));
#1549 = CIRCLE('',#1550,3.);
#1550 = AXIS2_PLACEMENT_3D('',#1551,#1552,#1553);
#1551 = CARTESIAN_POINT('',(95.7,-12.4,-53.8));
#1552 = DIRECTION('',(0.,-1.,0.));
#1553 = DIRECTION('',(-0.707106781187,0.,0.707106781187));
#1554 = ORIENTED_EDGE('',*,*,#1555,.F.);
#1555 = EDGE_CURVE('',#1556,#1547,#1558,.T.);
#1556 = VERTEX_POINT('',#1557);
#1557 = CARTESIAN_POINT('',(92.7,-12.4,-56.3));
#1558 = LINE('',#1559,#1560);
#1559 = CARTESIAN_POINT('',(92.7,-12.4,-54.35000014156));
#1560 = VECTOR('',#1561,1.);
#1561 = DIRECTION('',(0.,0.,1.));
#1562 = ORIENTED_EDGE('',*,*,#1563,.T.);
#1563 = EDGE_CURVE('',#1556,#1564,#1566,.T.);
#1564 = VERTEX_POINT('',#1565);
#1565 = CARTESIAN_POINT('',(89.7,-12.4,-59.3));
#1566 = CIRCLE('',#1567,3.);
#1567 = AXIS2_PLACEMENT_3D('',#1568,#1569,#1570);
#1568 = CARTESIAN_POINT('',(89.7,-12.4,-56.3));
#1569 = DIRECTION('',(0.,1.,0.));
#1570 = DIRECTION('',(0.707106781187,0.,-0.707106781187));
#1571 = ORIENTED_EDGE('',*,*,#1572,.F.);
#1572 = EDGE_CURVE('',#1573,#1564,#1575,.T.);
#1573 = VERTEX_POINT('',#1574);
#1574 = CARTESIAN_POINT('',(82.979373392929,-12.4,-59.3));
#1575 = LINE('',#1576,#1577);
#1576 = CARTESIAN_POINT('',(-7.180156651768,-12.4,-59.3));
#1577 = VECTOR('',#1578,1.);
#1578 = DIRECTION('',(1.,0.,0.));
#1579 = ORIENTED_EDGE('',*,*,#1580,.F.);
#1580 = EDGE_CURVE('',#1511,#1573,#1581,.T.);
#1581 = CIRCLE('',#1582,3.);
#1582 = AXIS2_PLACEMENT_3D('',#1583,#1584,#1585);
#1583 = CARTESIAN_POINT('',(82.979373392929,-12.4,-56.3));
#1584 = DIRECTION('',(0.,1.,0.));
#1585 = DIRECTION('',(0.707106781187,0.,-0.707106781187));
#1586 = FACE_BOUND('',#1587,.T.);
#1587 = EDGE_LOOP('',(#1588));
#1588 = ORIENTED_EDGE('',*,*,#1589,.T.);
#1589 = EDGE_CURVE('',#1590,#1590,#1592,.T.);
#1590 = VERTEX_POINT('',#1591);
#1591 = CARTESIAN_POINT('',(89.399999999925,-12.4,-55.155));
#1592 = CIRCLE('',#1593,0.9);
#1593 = AXIS2_PLACEMENT_3D('',#1594,#1595,#1596);
#1594 = CARTESIAN_POINT('',(88.499999999925,-12.4,-55.155));
#1595 = DIRECTION('',(0.,-1.,0.));
#1596 = DIRECTION('',(-1.,0.,0.));
#1597 = FACE_BOUND('',#1598,.T.);
#1598 = EDGE_LOOP('',(#1599));
#1599 = ORIENTED_EDGE('',*,*,#1600,.T.);
#1600 = EDGE_CURVE('',#1601,#1601,#1603,.T.);
#1601 = VERTEX_POINT('',#1602);
#1602 = CARTESIAN_POINT('',(89.399999999925,-12.4,-46.155));
#1603 = CIRCLE('',#1604,0.9);
#1604 = AXIS2_PLACEMENT_3D('',#1605,#1606,#1607);
#1605 = CARTESIAN_POINT('',(88.499999999925,-12.4,-46.155));
#1606 = DIRECTION('',(0.,-1.,0.));
#1607 = DIRECTION('',(-1.,0.,0.));
#1608 = PLANE('',#1609);
#1609 = AXIS2_PLACEMENT_3D('',#1610,#1611,#1612);
#1610 = CARTESIAN_POINT('',(88.339686696464,-12.4,-50.40000028312));
#1611 = DIRECTION('',(0.,-1.,0.));
#1612 = DIRECTION('',(1.,0.,0.));
#1613 = ADVANCED_FACE('',(#1614),#1625,.F.);
#1614 = FACE_BOUND('',#1615,.F.);
#1615 = EDGE_LOOP('',(#1616,#1622,#1623,#1624));
#1616 = ORIENTED_EDGE('',*,*,#1617,.F.);
#1617 = EDGE_CURVE('',#1513,#266,#1618,.T.);
#1618 = LINE('',#1619,#1620);
#1619 = CARTESIAN_POINT('',(85.979373392929,-13.3,-44.50000056624));
#1620 = VECTOR('',#1621,1.);
#1621 = DIRECTION('',(0.,-1.,0.));
#1622 = ORIENTED_EDGE('',*,*,#1520,.F.);
#1623 = ORIENTED_EDGE('',*,*,#135,.F.);
#1624 = ORIENTED_EDGE('',*,*,#265,.T.);
#1625 = CYLINDRICAL_SURFACE('',#1626,3.);
#1626 = AXIS2_PLACEMENT_3D('',#1627,#1628,#1629);
#1627 = CARTESIAN_POINT('',(82.979373392929,-13.3,-44.50000056624));
#1628 = DIRECTION('',(0.,-1.,0.));
#1629 = DIRECTION('',(0.707106781187,0.,0.707106781187));
#1630 = ADVANCED_FACE('',(#1631),#1642,.T.);
#1631 = FACE_BOUND('',#1632,.T.);
#1632 = EDGE_LOOP('',(#1633,#1639,#1640,#1641));
#1633 = ORIENTED_EDGE('',*,*,#1634,.F.);
#1634 = EDGE_CURVE('',#341,#159,#1635,.T.);
#1635 = LINE('',#1636,#1637);
#1636 = CARTESIAN_POINT('',(68.979373392929,-6.65,-56.3));
#1637 = VECTOR('',#1638,1.);
#1638 = DIRECTION('',(0.,1.,0.));
#1639 = ORIENTED_EDGE('',*,*,#385,.T.);
#1640 = ORIENTED_EDGE('',*,*,#315,.F.);
#1641 = ORIENTED_EDGE('',*,*,#158,.F.);
#1642 = PLANE('',#1643);
#1643 = AXIS2_PLACEMENT_3D('',#1644,#1645,#1646);
#1644 = CARTESIAN_POINT('',(68.979373392929,-13.3,-59.39469762924));
#1645 = DIRECTION('',(-1.,0.,0.));
#1646 = DIRECTION('',(0.,0.,1.));
#1647 = ADVANCED_FACE('',(#1648),#1659,.F.);
#1648 = FACE_BOUND('',#1649,.F.);
#1649 = EDGE_LOOP('',(#1650,#1651,#1652,#1658));
#1650 = ORIENTED_EDGE('',*,*,#248,.F.);
#1651 = ORIENTED_EDGE('',*,*,#185,.F.);
#1652 = ORIENTED_EDGE('',*,*,#1653,.F.);
#1653 = EDGE_CURVE('',#292,#186,#1654,.T.);
#1654 = LINE('',#1655,#1656);
#1655 = CARTESIAN_POINT('',(76.979373392929,-6.65,-59.3));
#1656 = VECTOR('',#1657,1.);
#1657 = DIRECTION('',(0.,1.,0.));
#1658 = ORIENTED_EDGE('',*,*,#299,.T.);
#1659 = CYLINDRICAL_SURFACE('',#1660,3.);
#1660 = AXIS2_PLACEMENT_3D('',#1661,#1662,#1663);
#1661 = CARTESIAN_POINT('',(76.979373392929,-6.65,-56.3));
#1662 = DIRECTION('',(0.,1.,0.));
#1663 = DIRECTION('',(-0.707106781187,0.,-0.707106781187));
#1664 = ADVANCED_FACE('',(#1665,#1802),#1872,.F.);
#1665 = FACE_BOUND('',#1666,.T.);
#1666 = EDGE_LOOP('',(#1667,#1668,#1669,#1670,#1676,#1677,#1685,#1693,
    #1701,#1709,#1717,#1725,#1733,#1741,#1749,#1757,#1765,#1773,#1781,
    #1789,#1795,#1796));
#1667 = ORIENTED_EDGE('',*,*,#194,.T.);
#1668 = ORIENTED_EDGE('',*,*,#1653,.F.);
#1669 = ORIENTED_EDGE('',*,*,#291,.T.);
#1670 = ORIENTED_EDGE('',*,*,#1671,.F.);
#1671 = EDGE_CURVE('',#1573,#283,#1672,.T.);
#1672 = LINE('',#1673,#1674);
#1673 = CARTESIAN_POINT('',(82.979373392929,-6.65,-59.3));
#1674 = VECTOR('',#1675,1.);
#1675 = DIRECTION('',(0.,-1.,0.));
#1676 = ORIENTED_EDGE('',*,*,#1572,.T.);
#1677 = ORIENTED_EDGE('',*,*,#1678,.F.);
#1678 = EDGE_CURVE('',#1679,#1564,#1681,.T.);
#1679 = VERTEX_POINT('',#1680);
#1680 = CARTESIAN_POINT('',(89.7,-1.6,-59.3));
#1681 = LINE('',#1682,#1683);
#1682 = CARTESIAN_POINT('',(89.7,-10.5,-59.3));
#1683 = VECTOR('',#1684,1.);
#1684 = DIRECTION('',(0.,-1.,0.));
#1685 = ORIENTED_EDGE('',*,*,#1686,.T.);
#1686 = EDGE_CURVE('',#1679,#1687,#1689,.T.);
#1687 = VERTEX_POINT('',#1688);
#1688 = CARTESIAN_POINT('',(92.7,-1.6,-59.3));
#1689 = LINE('',#1690,#1691);
#1690 = CARTESIAN_POINT('',(-99.55452801645,-1.6,-59.3));
#1691 = VECTOR('',#1692,1.);
#1692 = DIRECTION('',(1.,0.,0.));
#1693 = ORIENTED_EDGE('',*,*,#1694,.F.);
#1694 = EDGE_CURVE('',#1695,#1687,#1697,.T.);
#1695 = VERTEX_POINT('',#1696);
#1696 = CARTESIAN_POINT('',(92.7,-0.482842712475,-59.3));
#1697 = LINE('',#1698,#1699);
#1698 = CARTESIAN_POINT('',(92.7,-20.4,-59.3));
#1699 = VECTOR('',#1700,1.);
#1700 = DIRECTION('',(0.,-1.,0.));
#1701 = ORIENTED_EDGE('',*,*,#1702,.F.);
#1702 = EDGE_CURVE('',#1703,#1695,#1705,.T.);
#1703 = VERTEX_POINT('',#1704);
#1704 = CARTESIAN_POINT('',(-92.7,-0.482842712475,-59.3));
#1705 = LINE('',#1706,#1707);
#1706 = CARTESIAN_POINT('',(-77.025,-0.482842712475,-59.3));
#1707 = VECTOR('',#1708,1.);
#1708 = DIRECTION('',(1.,0.,0.));
#1709 = ORIENTED_EDGE('',*,*,#1710,.F.);
#1710 = EDGE_CURVE('',#1711,#1703,#1713,.T.);
#1711 = VERTEX_POINT('',#1712);
#1712 = CARTESIAN_POINT('',(-92.7,-1.6,-59.3));
#1713 = LINE('',#1714,#1715);
#1714 = CARTESIAN_POINT('',(-92.7,-0.5,-59.3));
#1715 = VECTOR('',#1716,1.);
#1716 = DIRECTION('',(0.,1.,0.));
#1717 = ORIENTED_EDGE('',*,*,#1718,.T.);
#1718 = EDGE_CURVE('',#1711,#1719,#1721,.T.);
#1719 = VERTEX_POINT('',#1720);
#1720 = CARTESIAN_POINT('',(-89.7,-1.6,-59.3));
#1721 = LINE('',#1722,#1723);
#1722 = CARTESIAN_POINT('',(-99.55452801645,-1.6,-59.3));
#1723 = VECTOR('',#1724,1.);
#1724 = DIRECTION('',(1.,0.,0.));
#1725 = ORIENTED_EDGE('',*,*,#1726,.F.);
#1726 = EDGE_CURVE('',#1727,#1719,#1729,.T.);
#1727 = VERTEX_POINT('',#1728);
#1728 = CARTESIAN_POINT('',(-89.7,-16.74,-59.3));
#1729 = LINE('',#1730,#1731);
#1730 = CARTESIAN_POINT('',(-89.7,-0.5,-59.3));
#1731 = VECTOR('',#1732,1.);
#1732 = DIRECTION('',(0.,1.,0.));
#1733 = ORIENTED_EDGE('',*,*,#1734,.T.);
#1734 = EDGE_CURVE('',#1727,#1735,#1737,.T.);
#1735 = VERTEX_POINT('',#1736);
#1736 = CARTESIAN_POINT('',(-42.701,-16.74,-59.3));
#1737 = LINE('',#1738,#1739);
#1738 = CARTESIAN_POINT('',(-51.35,-16.74,-59.3));
#1739 = VECTOR('',#1740,1.);
#1740 = DIRECTION('',(1.,0.,0.));
#1741 = ORIENTED_EDGE('',*,*,#1742,.F.);
#1742 = EDGE_CURVE('',#1743,#1735,#1745,.T.);
#1743 = VERTEX_POINT('',#1744);
#1744 = CARTESIAN_POINT('',(-42.701,-4.209,-59.3));
#1745 = LINE('',#1746,#1747);
#1746 = CARTESIAN_POINT('',(-42.701,-4.25,-59.3));
#1747 = VECTOR('',#1748,1.);
#1748 = DIRECTION('',(0.,-1.,0.));
#1749 = ORIENTED_EDGE('',*,*,#1750,.F.);
#1750 = EDGE_CURVE('',#1751,#1743,#1753,.T.);
#1751 = VERTEX_POINT('',#1752);
#1752 = CARTESIAN_POINT('',(-35.87055075524,-4.209,-59.3));
#1753 = LINE('',#1754,#1755);
#1754 = CARTESIAN_POINT('',(-51.35,-4.209,-59.3));
#1755 = VECTOR('',#1756,1.);
#1756 = DIRECTION('',(-1.,0.,0.));
#1757 = ORIENTED_EDGE('',*,*,#1758,.F.);
#1758 = EDGE_CURVE('',#1759,#1751,#1761,.T.);
#1759 = VERTEX_POINT('',#1760);
#1760 = CARTESIAN_POINT('',(-35.87055075524,-1.6,-59.3));
#1761 = LINE('',#1762,#1763);
#1762 = CARTESIAN_POINT('',(-35.87055075524,-8.37,-59.3));
#1763 = VECTOR('',#1764,1.);
#1764 = DIRECTION('',(0.,-1.,0.));
#1765 = ORIENTED_EDGE('',*,*,#1766,.T.);
#1766 = EDGE_CURVE('',#1759,#1767,#1769,.T.);
#1767 = VERTEX_POINT('',#1768);
#1768 = CARTESIAN_POINT('',(37.098076211353,-1.6,-59.3));
#1769 = LINE('',#1770,#1771);
#1770 = CARTESIAN_POINT('',(-51.35,-1.6,-59.3));
#1771 = VECTOR('',#1772,1.);
#1772 = DIRECTION('',(1.,0.,0.));
#1773 = ORIENTED_EDGE('',*,*,#1774,.F.);
#1774 = EDGE_CURVE('',#1775,#1767,#1777,.T.);
#1775 = VERTEX_POINT('',#1776);
#1776 = CARTESIAN_POINT('',(37.098076211353,-4.209,-59.3));
#1777 = LINE('',#1778,#1779);
#1778 = CARTESIAN_POINT('',(37.098076211353,-16.74,-59.3));
#1779 = VECTOR('',#1780,1.);
#1780 = DIRECTION('',(0.,1.,0.));
#1781 = ORIENTED_EDGE('',*,*,#1782,.F.);
#1782 = EDGE_CURVE('',#1783,#1775,#1785,.T.);
#1783 = VERTEX_POINT('',#1784);
#1784 = CARTESIAN_POINT('',(42.7,-4.209,-59.3));
#1785 = LINE('',#1786,#1787);
#1786 = CARTESIAN_POINT('',(-51.35,-4.209,-59.3));
#1787 = VECTOR('',#1788,1.);
#1788 = DIRECTION('',(-1.,0.,0.));
#1789 = ORIENTED_EDGE('',*,*,#1790,.F.);
#1790 = EDGE_CURVE('',#352,#1783,#1791,.T.);
#1791 = LINE('',#1792,#1793);
#1792 = CARTESIAN_POINT('',(42.7,-4.375,-59.3));
#1793 = VECTOR('',#1794,1.);
#1794 = DIRECTION('',(0.,1.,0.));
#1795 = ORIENTED_EDGE('',*,*,#351,.T.);
#1796 = ORIENTED_EDGE('',*,*,#1797,.F.);
#1797 = EDGE_CURVE('',#195,#343,#1798,.T.);
#1798 = LINE('',#1799,#1800);
#1799 = CARTESIAN_POINT('',(65.979373392929,-6.65,-59.3));
#1800 = VECTOR('',#1801,1.);
#1801 = DIRECTION('',(0.,-1.,0.));
#1802 = FACE_BOUND('',#1803,.T.);
#1803 = EDGE_LOOP('',(#1804,#1814,#1823,#1831,#1840,#1848,#1857,#1865));
#1804 = ORIENTED_EDGE('',*,*,#1805,.T.);
#1805 = EDGE_CURVE('',#1806,#1808,#1810,.T.);
#1806 = VERTEX_POINT('',#1807);
#1807 = CARTESIAN_POINT('',(84.669999999925,-8.670015390297,-59.3));
#1808 = VERTEX_POINT('',#1809);
#1809 = CARTESIAN_POINT('',(84.669999999925,-9.330019792858,-59.3));
#1810 = LINE('',#1811,#1812);
#1811 = CARTESIAN_POINT('',(84.669999999925,-4.335007695149,-59.3));
#1812 = VECTOR('',#1813,1.);
#1813 = DIRECTION('',(0.,-1.,0.));
#1814 = ORIENTED_EDGE('',*,*,#1815,.T.);
#1815 = EDGE_CURVE('',#1808,#1816,#1818,.T.);
#1816 = VERTEX_POINT('',#1817);
#1817 = CARTESIAN_POINT('',(83.219987256526,-10.78000000265,-59.3));
#1818 = CIRCLE('',#1819,1.450000000056);
#1819 = AXIS2_PLACEMENT_3D('',#1820,#1821,#1822);
#1820 = CARTESIAN_POINT('',(83.220000000005,-9.33000000265,-59.3));
#1821 = DIRECTION('',(0.,0.,-1.));
#1822 = DIRECTION('',(-8.788606133695E-06,-0.999999999961,-0.));
#1823 = ORIENTED_EDGE('',*,*,#1824,.T.);
#1824 = EDGE_CURVE('',#1816,#1825,#1827,.T.);
#1825 = VERTEX_POINT('',#1826);
#1826 = CARTESIAN_POINT('',(76.779963570912,-10.78000000264,-59.3));
#1827 = LINE('',#1828,#1829);
#1828 = CARTESIAN_POINT('',(-9.740006371737,-10.78000000264,-59.3));
#1829 = VECTOR('',#1830,1.);
#1830 = DIRECTION('',(-1.,1.379153964424E-15,0.));
#1831 = ORIENTED_EDGE('',*,*,#1832,.T.);
#1832 = EDGE_CURVE('',#1825,#1833,#1835,.T.);
#1833 = VERTEX_POINT('',#1834);
#1834 = CARTESIAN_POINT('',(75.330000000007,-9.329963551568,-59.3));
#1835 = CIRCLE('',#1836,1.450000000458);
#1836 = AXIS2_PLACEMENT_3D('',#1837,#1838,#1839);
#1837 = CARTESIAN_POINT('',(76.780000000007,-9.330000002649,-59.3));
#1838 = DIRECTION('',(0.,0.,-1.));
#1839 = DIRECTION('',(-0.999999999684,2.513867632804E-05,0.));
#1840 = ORIENTED_EDGE('',*,*,#1841,.T.);
#1841 = EDGE_CURVE('',#1833,#1842,#1844,.T.);
#1842 = VERTEX_POINT('',#1843);
#1843 = CARTESIAN_POINT('',(75.330000000007,-8.670008636246,-59.3));
#1844 = LINE('',#1845,#1846);
#1845 = CARTESIAN_POINT('',(75.330000000007,-4.664981775786,-59.3));
#1846 = VECTOR('',#1847,1.);
#1847 = DIRECTION('',(2.691633622476E-14,1.,0.));
#1848 = ORIENTED_EDGE('',*,*,#1849,.T.);
#1849 = EDGE_CURVE('',#1842,#1850,#1852,.T.);
#1850 = VERTEX_POINT('',#1851);
#1851 = CARTESIAN_POINT('',(76.780000273921,-7.22000000265,-59.3));
#1852 = CIRCLE('',#1853,1.450000000005);
#1853 = AXIS2_PLACEMENT_3D('',#1854,#1855,#1856);
#1854 = CARTESIAN_POINT('',(76.780000000012,-8.670000002656,-59.3));
#1855 = DIRECTION('',(0.,0.,-1.));
#1856 = DIRECTION('',(1.889029193598E-07,1.,0.));
#1857 = ORIENTED_EDGE('',*,*,#1858,.T.);
#1858 = EDGE_CURVE('',#1850,#1859,#1861,.T.);
#1859 = VERTEX_POINT('',#1860);
#1860 = CARTESIAN_POINT('',(83.219995670666,-7.220000002652,-59.3));
#1861 = LINE('',#1862,#1863);
#1862 = CARTESIAN_POINT('',(-12.95999986304,-7.22000000263,-59.3));
#1863 = VECTOR('',#1864,1.);
#1864 = DIRECTION('',(1.,-2.268718237198E-13,0.));
#1865 = ORIENTED_EDGE('',*,*,#1866,.T.);
#1866 = EDGE_CURVE('',#1859,#1806,#1867,.T.);
#1867 = CIRCLE('',#1868,1.450000000068);
#1868 = AXIS2_PLACEMENT_3D('',#1869,#1870,#1871);
#1869 = CARTESIAN_POINT('',(83.219999999939,-8.67000000265,-59.3));
#1870 = DIRECTION('',(0.,0.,-1.));
#1871 = DIRECTION('',(0.999999999944,-1.061217026695E-05,0.));
#1872 = PLANE('',#1873);
#1873 = AXIS2_PLACEMENT_3D('',#1874,#1875,#1876);
#1874 = CARTESIAN_POINT('',(-102.7,0.,-59.3));
#1875 = DIRECTION('',(0.,0.,-1.));
#1876 = DIRECTION('',(-1.,0.,0.));
#1877 = ADVANCED_FACE('',(#1878),#1884,.F.);
#1878 = FACE_BOUND('',#1879,.F.);
#1879 = EDGE_LOOP('',(#1880,#1881,#1882,#1883));
#1880 = ORIENTED_EDGE('',*,*,#1797,.F.);
#1881 = ORIENTED_EDGE('',*,*,#202,.F.);
#1882 = ORIENTED_EDGE('',*,*,#1634,.F.);
#1883 = ORIENTED_EDGE('',*,*,#340,.T.);
#1884 = CYLINDRICAL_SURFACE('',#1885,3.);
#1885 = AXIS2_PLACEMENT_3D('',#1886,#1887,#1888);
#1886 = CARTESIAN_POINT('',(65.979373392929,-6.65,-56.3));
#1887 = DIRECTION('',(0.,-1.,0.));
#1888 = DIRECTION('',(0.707106781187,0.,-0.707106781187));
#1889 = ADVANCED_FACE('',(#1890),#1909,.F.);
#1890 = FACE_BOUND('',#1891,.F.);
#1891 = EDGE_LOOP('',(#1892,#1900,#1907,#1908));
#1892 = ORIENTED_EDGE('',*,*,#1893,.T.);
#1893 = EDGE_CURVE('',#212,#1894,#1896,.T.);
#1894 = VERTEX_POINT('',#1895);
#1895 = CARTESIAN_POINT('',(72.399999999925,-16.74,-55.155));
#1896 = LINE('',#1897,#1898);
#1897 = CARTESIAN_POINT('',(72.399999999925,-12.4,-55.155));
#1898 = VECTOR('',#1899,1.);
#1899 = DIRECTION('',(0.,-1.,0.));
#1900 = ORIENTED_EDGE('',*,*,#1901,.F.);
#1901 = EDGE_CURVE('',#1894,#1894,#1902,.T.);
#1902 = CIRCLE('',#1903,0.9);
#1903 = AXIS2_PLACEMENT_3D('',#1904,#1905,#1906);
#1904 = CARTESIAN_POINT('',(71.499999999925,-16.74,-55.155));
#1905 = DIRECTION('',(0.,-1.,0.));
#1906 = DIRECTION('',(-1.,0.,0.));
#1907 = ORIENTED_EDGE('',*,*,#1893,.F.);
#1908 = ORIENTED_EDGE('',*,*,#211,.T.);
#1909 = CYLINDRICAL_SURFACE('',#1910,0.9);
#1910 = AXIS2_PLACEMENT_3D('',#1911,#1912,#1913);
#1911 = CARTESIAN_POINT('',(71.499999999925,-12.4,-55.155));
#1912 = DIRECTION('',(0.,-1.,0.));
#1913 = DIRECTION('',(-1.,0.,0.));
#1914 = ADVANCED_FACE('',(#1915),#1934,.F.);
#1915 = FACE_BOUND('',#1916,.F.);
#1916 = EDGE_LOOP('',(#1917,#1925,#1932,#1933));
#1917 = ORIENTED_EDGE('',*,*,#1918,.T.);
#1918 = EDGE_CURVE('',#223,#1919,#1921,.T.);
#1919 = VERTEX_POINT('',#1920);
#1920 = CARTESIAN_POINT('',(72.399999999925,-16.74,-46.155));
#1921 = LINE('',#1922,#1923);
#1922 = CARTESIAN_POINT('',(72.399999999925,-12.4,-46.155));
#1923 = VECTOR('',#1924,1.);
#1924 = DIRECTION('',(0.,-1.,0.));
#1925 = ORIENTED_EDGE('',*,*,#1926,.F.);
#1926 = EDGE_CURVE('',#1919,#1919,#1927,.T.);
#1927 = CIRCLE('',#1928,0.9);
#1928 = AXIS2_PLACEMENT_3D('',#1929,#1930,#1931);
#1929 = CARTESIAN_POINT('',(71.499999999925,-16.74,-46.155));
#1930 = DIRECTION('',(0.,-1.,0.));
#1931 = DIRECTION('',(-1.,0.,0.));
#1932 = ORIENTED_EDGE('',*,*,#1918,.F.);
#1933 = ORIENTED_EDGE('',*,*,#222,.T.);
#1934 = CYLINDRICAL_SURFACE('',#1935,0.9);
#1935 = AXIS2_PLACEMENT_3D('',#1936,#1937,#1938);
#1936 = CARTESIAN_POINT('',(71.499999999925,-12.4,-46.155));
#1937 = DIRECTION('',(0.,-1.,0.));
#1938 = DIRECTION('',(-1.,0.,0.));
#1939 = ADVANCED_FACE('',(#1940),#1951,.T.);
#1940 = FACE_BOUND('',#1941,.T.);
#1941 = EDGE_LOOP('',(#1942,#1948,#1949,#1950));
#1942 = ORIENTED_EDGE('',*,*,#1943,.F.);
#1943 = EDGE_CURVE('',#275,#1511,#1944,.T.);
#1944 = LINE('',#1945,#1946);
#1945 = CARTESIAN_POINT('',(85.979373392929,-6.65,-56.3));
#1946 = VECTOR('',#1947,1.);
#1947 = DIRECTION('',(0.,1.,0.));
#1948 = ORIENTED_EDGE('',*,*,#274,.T.);
#1949 = ORIENTED_EDGE('',*,*,#1617,.F.);
#1950 = ORIENTED_EDGE('',*,*,#1510,.F.);
#1951 = PLANE('',#1952);
#1952 = AXIS2_PLACEMENT_3D('',#1953,#1954,#1955);
#1953 = CARTESIAN_POINT('',(85.979373392929,-13.3,-59.3));
#1954 = DIRECTION('',(-1.,0.,0.));
#1955 = DIRECTION('',(0.,0.,1.));
#1956 = ADVANCED_FACE('',(#1957),#1963,.F.);
#1957 = FACE_BOUND('',#1958,.F.);
#1958 = EDGE_LOOP('',(#1959,#1960,#1961,#1962));
#1959 = ORIENTED_EDGE('',*,*,#1671,.F.);
#1960 = ORIENTED_EDGE('',*,*,#1580,.F.);
#1961 = ORIENTED_EDGE('',*,*,#1943,.F.);
#1962 = ORIENTED_EDGE('',*,*,#282,.T.);
#1963 = CYLINDRICAL_SURFACE('',#1964,3.);
#1964 = AXIS2_PLACEMENT_3D('',#1965,#1966,#1967);
#1965 = CARTESIAN_POINT('',(82.979373392929,-6.65,-56.3));
#1966 = DIRECTION('',(0.,-1.,0.));
#1967 = DIRECTION('',(0.707106781187,0.,-0.707106781187));
#1968 = ADVANCED_FACE('',(#1969),#1988,.F.);
#1969 = FACE_BOUND('',#1970,.F.);
#1970 = EDGE_LOOP('',(#1971,#1979,#1986,#1987));
#1971 = ORIENTED_EDGE('',*,*,#1972,.F.);
#1972 = EDGE_CURVE('',#1973,#360,#1975,.T.);
#1973 = VERTEX_POINT('',#1974);
#1974 = CARTESIAN_POINT('',(39.7,-4.209,-56.3));
#1975 = LINE('',#1976,#1977);
#1976 = CARTESIAN_POINT('',(39.7,-4.375,-56.3));
#1977 = VECTOR('',#1978,1.);
#1978 = DIRECTION('',(0.,-1.,0.));
#1979 = ORIENTED_EDGE('',*,*,#1980,.F.);
#1980 = EDGE_CURVE('',#1783,#1973,#1981,.T.);
#1981 = CIRCLE('',#1982,3.);
#1982 = AXIS2_PLACEMENT_3D('',#1983,#1984,#1985);
#1983 = CARTESIAN_POINT('',(42.7,-4.209,-56.3));
#1984 = DIRECTION('',(-5.512180379134E-17,1.,-2.22044604925E-16));
#1985 = DIRECTION('',(-0.707106781187,-1.959862471205E-16,
    -0.707106781187));
#1986 = ORIENTED_EDGE('',*,*,#1790,.F.);
#1987 = ORIENTED_EDGE('',*,*,#359,.T.);
#1988 = CYLINDRICAL_SURFACE('',#1989,3.);
#1989 = AXIS2_PLACEMENT_3D('',#1990,#1991,#1992);
#1990 = CARTESIAN_POINT('',(42.7,-4.375,-56.3));
#1991 = DIRECTION('',(0.,1.,0.));
#1992 = DIRECTION('',(-0.707106781187,0.,-0.707106781187));
#1993 = ADVANCED_FACE('',(#1994),#2014,.F.);
#1994 = FACE_BOUND('',#1995,.T.);
#1995 = EDGE_LOOP('',(#1996,#1997,#1998,#1999,#2000,#2008));
#1996 = ORIENTED_EDGE('',*,*,#512,.F.);
#1997 = ORIENTED_EDGE('',*,*,#409,.F.);
#1998 = ORIENTED_EDGE('',*,*,#368,.F.);
#1999 = ORIENTED_EDGE('',*,*,#1972,.F.);
#2000 = ORIENTED_EDGE('',*,*,#2001,.F.);
#2001 = EDGE_CURVE('',#2002,#1973,#2004,.T.);
#2002 = VERTEX_POINT('',#2003);
#2003 = CARTESIAN_POINT('',(39.7,-4.209,-51.03973374791));
#2004 = LINE('',#2005,#2006);
#2005 = CARTESIAN_POINT('',(39.7,-4.209,-54.24830029585));
#2006 = VECTOR('',#2007,1.);
#2007 = DIRECTION('',(0.,-2.22044604925E-16,-1.));
#2008 = ORIENTED_EDGE('',*,*,#2009,.F.);
#2009 = EDGE_CURVE('',#513,#2002,#2010,.T.);
#2010 = LINE('',#2011,#2012);
#2011 = CARTESIAN_POINT('',(39.7,-9.325,-51.03973374791));
#2012 = VECTOR('',#2013,1.);
#2013 = DIRECTION('',(0.,1.,0.));
#2014 = PLANE('',#2015);
#2015 = AXIS2_PLACEMENT_3D('',#2016,#2017,#2018);
#2016 = CARTESIAN_POINT('',(39.7,-8.75,-53.32673371775));
#2017 = DIRECTION('',(-1.,0.,0.));
#2018 = DIRECTION('',(0.,0.,1.));
#2019 = ADVANCED_FACE('',(#2020),#2045,.F.);
#2020 = FACE_BOUND('',#2021,.T.);
#2021 = EDGE_LOOP('',(#2022,#2030,#2038,#2044));
#2022 = ORIENTED_EDGE('',*,*,#2023,.F.);
#2023 = EDGE_CURVE('',#2024,#425,#2026,.T.);
#2024 = VERTEX_POINT('',#2025);
#2025 = CARTESIAN_POINT('',(58.,-16.74,46.904515973725));
#2026 = LINE('',#2027,#2028);
#2027 = CARTESIAN_POINT('',(58.,-10.4,46.904515973725));
#2028 = VECTOR('',#2029,1.);
#2029 = DIRECTION('',(0.,1.,0.));
#2030 = ORIENTED_EDGE('',*,*,#2031,.F.);
#2031 = EDGE_CURVE('',#2032,#2024,#2034,.T.);
#2032 = VERTEX_POINT('',#2033);
#2033 = CARTESIAN_POINT('',(98.2,-16.74,46.904515973725));
#2034 = LINE('',#2035,#2036);
#2035 = CARTESIAN_POINT('',(27.25,-16.74,46.904515973725));
#2036 = VECTOR('',#2037,1.);
#2037 = DIRECTION('',(-1.,0.,-1.727703272534E-46));
#2038 = ORIENTED_EDGE('',*,*,#2039,.F.);
#2039 = EDGE_CURVE('',#427,#2032,#2040,.T.);
#2040 = LINE('',#2041,#2042);
#2041 = CARTESIAN_POINT('',(98.2,-5.2,46.904515973725));
#2042 = VECTOR('',#2043,1.);
#2043 = DIRECTION('',(0.,-1.,0.));
#2044 = ORIENTED_EDGE('',*,*,#424,.F.);
#2045 = PLANE('',#2046);
#2046 = AXIS2_PLACEMENT_3D('',#2047,#2048,#2049);
#2047 = CARTESIAN_POINT('',(55.,-10.4,46.904515973725));
#2048 = DIRECTION('',(1.727703272534E-46,0.,-1.));
#2049 = DIRECTION('',(1.,1.115562179885E-32,1.727703272534E-46));
#2050 = ADVANCED_FACE('',(#2051),#2070,.F.);
#2051 = FACE_BOUND('',#2052,.F.);
#2052 = EDGE_LOOP('',(#2053,#2054,#2055,#2063));
#2053 = ORIENTED_EDGE('',*,*,#2039,.F.);
#2054 = ORIENTED_EDGE('',*,*,#434,.F.);
#2055 = ORIENTED_EDGE('',*,*,#2056,.F.);
#2056 = EDGE_CURVE('',#2057,#435,#2059,.T.);
#2057 = VERTEX_POINT('',#2058);
#2058 = CARTESIAN_POINT('',(101.2,-16.74,49.904515973725));
#2059 = LINE('',#2060,#2061);
#2060 = CARTESIAN_POINT('',(101.2,-5.2,49.904515973725));
#2061 = VECTOR('',#2062,1.);
#2062 = DIRECTION('',(0.,1.,0.));
#2063 = ORIENTED_EDGE('',*,*,#2064,.T.);
#2064 = EDGE_CURVE('',#2057,#2032,#2065,.T.);
#2065 = CIRCLE('',#2066,3.);
#2066 = AXIS2_PLACEMENT_3D('',#2067,#2068,#2069);
#2067 = CARTESIAN_POINT('',(98.2,-16.74,49.904515973725));
#2068 = DIRECTION('',(0.,1.,0.));
#2069 = DIRECTION('',(0.707106781187,0.,-0.707106781187));
#2070 = CYLINDRICAL_SURFACE('',#2071,3.);
#2071 = AXIS2_PLACEMENT_3D('',#2072,#2073,#2074);
#2072 = CARTESIAN_POINT('',(98.2,-5.2,49.904515973725));
#2073 = DIRECTION('',(0.,1.,0.));
#2074 = DIRECTION('',(0.707106781187,0.,-0.707106781187));
#2075 = ADVANCED_FACE('',(#2076),#2167,.F.);
#2076 = FACE_BOUND('',#2077,.T.);
#2077 = EDGE_LOOP('',(#2078,#2088,#2096,#2104,#2110,#2111,#2112,#2113,
    #2121,#2129,#2135,#2136,#2137,#2145,#2153,#2161));
#2078 = ORIENTED_EDGE('',*,*,#2079,.F.);
#2079 = EDGE_CURVE('',#2080,#2082,#2084,.T.);
#2080 = VERTEX_POINT('',#2081);
#2081 = CARTESIAN_POINT('',(101.2,-0.482842712475,-50.8));
#2082 = VERTEX_POINT('',#2083);
#2083 = CARTESIAN_POINT('',(101.2,-0.482842712475,60.217));
#2084 = LINE('',#2085,#2086);
#2085 = CARTESIAN_POINT('',(101.2,-0.482842712475,-44.422875));
#2086 = VECTOR('',#2087,1.);
#2087 = DIRECTION('',(0.,8.134929846052E-16,1.));
#2088 = ORIENTED_EDGE('',*,*,#2089,.F.);
#2089 = EDGE_CURVE('',#2090,#2080,#2092,.T.);
#2090 = VERTEX_POINT('',#2091);
#2091 = CARTESIAN_POINT('',(101.2,-1.6,-50.8));
#2092 = LINE('',#2093,#2094);
#2093 = CARTESIAN_POINT('',(101.2,-1.,-50.8));
#2094 = VECTOR('',#2095,1.);
#2095 = DIRECTION('',(0.,1.,0.));
#2096 = ORIENTED_EDGE('',*,*,#2097,.T.);
#2097 = EDGE_CURVE('',#2090,#2098,#2100,.T.);
#2098 = VERTEX_POINT('',#2099);
#2099 = CARTESIAN_POINT('',(101.2,-1.6,-47.8));
#2100 = LINE('',#2101,#2102);
#2101 = CARTESIAN_POINT('',(101.2,-1.6,1.5835));
#2102 = VECTOR('',#2103,1.);
#2103 = DIRECTION('',(0.,0.,1.));
#2104 = ORIENTED_EDGE('',*,*,#2105,.F.);
#2105 = EDGE_CURVE('',#1455,#2098,#2106,.T.);
#2106 = LINE('',#2107,#2108);
#2107 = CARTESIAN_POINT('',(101.2,-10.5,-47.8));
#2108 = VECTOR('',#2109,1.);
#2109 = DIRECTION('',(0.,1.,0.));
#2110 = ORIENTED_EDGE('',*,*,#1454,.T.);
#2111 = ORIENTED_EDGE('',*,*,#1401,.F.);
#2112 = ORIENTED_EDGE('',*,*,#495,.F.);
#2113 = ORIENTED_EDGE('',*,*,#2114,.F.);
#2114 = EDGE_CURVE('',#2115,#487,#2117,.T.);
#2115 = VERTEX_POINT('',#2116);
#2116 = CARTESIAN_POINT('',(101.2,-1.6,-27.59807621135));
#2117 = LINE('',#2118,#2119);
#2118 = CARTESIAN_POINT('',(101.2,-16.74,-27.59807621135));
#2119 = VECTOR('',#2120,1.);
#2120 = DIRECTION('',(0.,-1.,0.));
#2121 = ORIENTED_EDGE('',*,*,#2122,.T.);
#2122 = EDGE_CURVE('',#2115,#2123,#2125,.T.);
#2123 = VERTEX_POINT('',#2124);
#2124 = CARTESIAN_POINT('',(101.2,-1.6,26.370550755244));
#2125 = LINE('',#2126,#2127);
#2126 = CARTESIAN_POINT('',(101.2,-1.6,-30.4));
#2127 = VECTOR('',#2128,1.);
#2128 = DIRECTION('',(0.,0.,1.));
#2129 = ORIENTED_EDGE('',*,*,#2130,.F.);
#2130 = EDGE_CURVE('',#444,#2123,#2131,.T.);
#2131 = LINE('',#2132,#2133);
#2132 = CARTESIAN_POINT('',(101.2,-8.37,26.370550755244));
#2133 = VECTOR('',#2134,1.);
#2134 = DIRECTION('',(0.,1.,0.));
#2135 = ORIENTED_EDGE('',*,*,#443,.F.);
#2136 = ORIENTED_EDGE('',*,*,#2056,.F.);
#2137 = ORIENTED_EDGE('',*,*,#2138,.T.);
#2138 = EDGE_CURVE('',#2057,#2139,#2141,.T.);
#2139 = VERTEX_POINT('',#2140);
#2140 = CARTESIAN_POINT('',(101.2,-16.74,57.217));
#2141 = LINE('',#2142,#2143);
#2142 = CARTESIAN_POINT('',(101.2,-16.74,-28.04575));
#2143 = VECTOR('',#2144,1.);
#2144 = DIRECTION('',(0.,0.,1.));
#2145 = ORIENTED_EDGE('',*,*,#2146,.F.);
#2146 = EDGE_CURVE('',#2147,#2139,#2149,.T.);
#2147 = VERTEX_POINT('',#2148);
#2148 = CARTESIAN_POINT('',(101.2,-1.6,57.217));
#2149 = LINE('',#2150,#2151);
#2150 = CARTESIAN_POINT('',(101.2,-0.5,57.217));
#2151 = VECTOR('',#2152,1.);
#2152 = DIRECTION('',(0.,-1.,0.));
#2153 = ORIENTED_EDGE('',*,*,#2154,.T.);
#2154 = EDGE_CURVE('',#2147,#2155,#2157,.T.);
#2155 = VERTEX_POINT('',#2156);
#2156 = CARTESIAN_POINT('',(101.2,-1.6,60.217));
#2157 = LINE('',#2158,#2159);
#2158 = CARTESIAN_POINT('',(101.2,-1.6,1.5835));
#2159 = VECTOR('',#2160,1.);
#2160 = DIRECTION('',(0.,0.,1.));
#2161 = ORIENTED_EDGE('',*,*,#2162,.F.);
#2162 = EDGE_CURVE('',#2082,#2155,#2163,.T.);
#2163 = LINE('',#2164,#2165);
#2164 = CARTESIAN_POINT('',(101.2,0.,60.217));
#2165 = VECTOR('',#2166,1.);
#2166 = DIRECTION('',(0.,-1.,0.));
#2167 = PLANE('',#2168);
#2168 = AXIS2_PLACEMENT_3D('',#2169,#2170,#2171);
#2169 = CARTESIAN_POINT('',(101.2,0.,-60.8));
#2170 = DIRECTION('',(1.,0.,0.));
#2171 = DIRECTION('',(0.,0.,-1.));
#2172 = ADVANCED_FACE('',(#2173),#2192,.F.);
#2173 = FACE_BOUND('',#2174,.F.);
#2174 = EDGE_LOOP('',(#2175,#2183,#2190,#2191));
#2175 = ORIENTED_EDGE('',*,*,#2176,.F.);
#2176 = EDGE_CURVE('',#2177,#452,#2179,.T.);
#2177 = VERTEX_POINT('',#2178);
#2178 = CARTESIAN_POINT('',(100.45,-1.6,24.386237271945));
#2179 = LINE('',#2180,#2181);
#2180 = CARTESIAN_POINT('',(100.45,-8.37,24.386237271945));
#2181 = VECTOR('',#2182,1.);
#2182 = DIRECTION('',(0.,-1.,0.));
#2183 = ORIENTED_EDGE('',*,*,#2184,.F.);
#2184 = EDGE_CURVE('',#2123,#2177,#2185,.T.);
#2185 = CIRCLE('',#2186,3.);
#2186 = AXIS2_PLACEMENT_3D('',#2187,#2188,#2189);
#2187 = CARTESIAN_POINT('',(98.2,-1.6,26.370550755244));
#2188 = DIRECTION('',(0.,1.,0.));
#2189 = DIRECTION('',(0.935414346693,0.,-0.353553390593));
#2190 = ORIENTED_EDGE('',*,*,#2130,.F.);
#2191 = ORIENTED_EDGE('',*,*,#451,.T.);
#2192 = CYLINDRICAL_SURFACE('',#2193,3.);
#2193 = AXIS2_PLACEMENT_3D('',#2194,#2195,#2196);
#2194 = CARTESIAN_POINT('',(98.2,-8.37,26.370550755244));
#2195 = DIRECTION('',(0.,-1.,0.));
#2196 = DIRECTION('',(0.935414346693,0.,-0.353553390593));
#2197 = ADVANCED_FACE('',(#2198),#2217,.T.);
#2198 = FACE_BOUND('',#2199,.T.);
#2199 = EDGE_LOOP('',(#2200,#2201,#2210,#2216));
#2200 = ORIENTED_EDGE('',*,*,#2176,.F.);
#2201 = ORIENTED_EDGE('',*,*,#2202,.T.);
#2202 = EDGE_CURVE('',#2177,#2203,#2205,.T.);
#2203 = VERTEX_POINT('',#2204);
#2204 = CARTESIAN_POINT('',(99.7,-1.6,22.401923788647));
#2205 = CIRCLE('',#2206,3.);
#2206 = AXIS2_PLACEMENT_3D('',#2207,#2208,#2209);
#2207 = CARTESIAN_POINT('',(102.7,-1.6,22.401923788647));
#2208 = DIRECTION('',(0.,-1.,0.));
#2209 = DIRECTION('',(-0.5,0.,0.866025403784));
#2210 = ORIENTED_EDGE('',*,*,#2211,.T.);
#2211 = EDGE_CURVE('',#2203,#461,#2212,.T.);
#2212 = LINE('',#2213,#2214);
#2213 = CARTESIAN_POINT('',(99.7,-8.37,22.401923788647));
#2214 = VECTOR('',#2215,1.);
#2215 = DIRECTION('',(0.,-1.,0.));
#2216 = ORIENTED_EDGE('',*,*,#460,.F.);
#2217 = CYLINDRICAL_SURFACE('',#2218,3.);
#2218 = AXIS2_PLACEMENT_3D('',#2219,#2220,#2221);
#2219 = CARTESIAN_POINT('',(102.7,-8.37,22.401923788647));
#2220 = DIRECTION('',(0.,-1.,0.));
#2221 = DIRECTION('',(-0.5,0.,0.866025403784));
#2222 = ADVANCED_FACE('',(#2223),#2241,.T.);
#2223 = FACE_BOUND('',#2224,.T.);
#2224 = EDGE_LOOP('',(#2225,#2233,#2234,#2235));
#2225 = ORIENTED_EDGE('',*,*,#2226,.F.);
#2226 = EDGE_CURVE('',#470,#2227,#2229,.T.);
#2227 = VERTEX_POINT('',#2228);
#2228 = CARTESIAN_POINT('',(99.7,-1.6,-23.62944924475));
#2229 = LINE('',#2230,#2231);
#2230 = CARTESIAN_POINT('',(99.7,-16.74,-23.62944924475));
#2231 = VECTOR('',#2232,1.);
#2232 = DIRECTION('',(0.,1.,0.));
#2233 = ORIENTED_EDGE('',*,*,#469,.F.);
#2234 = ORIENTED_EDGE('',*,*,#2211,.F.);
#2235 = ORIENTED_EDGE('',*,*,#2236,.F.);
#2236 = EDGE_CURVE('',#2227,#2203,#2237,.T.);
#2237 = LINE('',#2238,#2239);
#2238 = CARTESIAN_POINT('',(99.7,-1.6,25.));
#2239 = VECTOR('',#2240,1.);
#2240 = DIRECTION('',(3.552713678801E-16,0.,1.));
#2241 = PLANE('',#2242);
#2242 = AXIS2_PLACEMENT_3D('',#2243,#2244,#2245);
#2243 = CARTESIAN_POINT('',(99.7,-16.74,-25.));
#2244 = DIRECTION('',(-1.,0.,3.552713678801E-16));
#2245 = DIRECTION('',(3.552713678801E-16,0.,1.));
#2246 = ADVANCED_FACE('',(#2247),#2266,.T.);
#2247 = FACE_BOUND('',#2248,.T.);
#2248 = EDGE_LOOP('',(#2249,#2258,#2264,#2265));
#2249 = ORIENTED_EDGE('',*,*,#2250,.T.);
#2250 = EDGE_CURVE('',#2227,#2251,#2253,.T.);
#2251 = VERTEX_POINT('',#2252);
#2252 = CARTESIAN_POINT('',(100.45,-1.6,-25.61376272805));
#2253 = CIRCLE('',#2254,3.);
#2254 = AXIS2_PLACEMENT_3D('',#2255,#2256,#2257);
#2255 = CARTESIAN_POINT('',(102.7,-1.6,-23.62944924475));
#2256 = DIRECTION('',(0.,-1.,0.));
#2257 = DIRECTION('',(-0.935414346693,-0.,-0.353553390593));
#2258 = ORIENTED_EDGE('',*,*,#2259,.T.);
#2259 = EDGE_CURVE('',#2251,#478,#2260,.T.);
#2260 = LINE('',#2261,#2262);
#2261 = CARTESIAN_POINT('',(100.45,-16.74,-25.61376272805));
#2262 = VECTOR('',#2263,1.);
#2263 = DIRECTION('',(0.,-1.,0.));
#2264 = ORIENTED_EDGE('',*,*,#477,.F.);
#2265 = ORIENTED_EDGE('',*,*,#2226,.T.);
#2266 = CYLINDRICAL_SURFACE('',#2267,3.);
#2267 = AXIS2_PLACEMENT_3D('',#2268,#2269,#2270);
#2268 = CARTESIAN_POINT('',(102.7,-16.74,-23.62944924475));
#2269 = DIRECTION('',(0.,1.,0.));
#2270 = DIRECTION('',(-0.935414346693,0.,-0.353553390593));
#2271 = ADVANCED_FACE('',(#2272),#2284,.F.);
#2272 = FACE_BOUND('',#2273,.F.);
#2273 = EDGE_LOOP('',(#2274,#2275,#2276,#2283));
#2274 = ORIENTED_EDGE('',*,*,#486,.T.);
#2275 = ORIENTED_EDGE('',*,*,#2114,.F.);
#2276 = ORIENTED_EDGE('',*,*,#2277,.F.);
#2277 = EDGE_CURVE('',#2251,#2115,#2278,.T.);
#2278 = CIRCLE('',#2279,3.);
#2279 = AXIS2_PLACEMENT_3D('',#2280,#2281,#2282);
#2280 = CARTESIAN_POINT('',(98.2,-1.6,-27.59807621135));
#2281 = DIRECTION('',(-0.,1.,0.));
#2282 = DIRECTION('',(0.5,0.,0.866025403784));
#2283 = ORIENTED_EDGE('',*,*,#2259,.T.);
#2284 = CYLINDRICAL_SURFACE('',#2285,3.);
#2285 = AXIS2_PLACEMENT_3D('',#2286,#2287,#2288);
#2286 = CARTESIAN_POINT('',(98.2,-16.74,-27.59807621135));
#2287 = DIRECTION('',(0.,1.,0.));
#2288 = DIRECTION('',(0.5,0.,0.866025403784));
#2289 = ADVANCED_FACE('',(#2290),#2309,.T.);
#2290 = FACE_BOUND('',#2291,.T.);
#2291 = EDGE_LOOP('',(#2292,#2301,#2307,#2308));
#2292 = ORIENTED_EDGE('',*,*,#2293,.T.);
#2293 = EDGE_CURVE('',#2002,#2294,#2296,.T.);
#2294 = VERTEX_POINT('',#2295);
#2295 = CARTESIAN_POINT('',(38.7,-4.209,-50.03973374791));
#2296 = CIRCLE('',#2297,1.);
#2297 = AXIS2_PLACEMENT_3D('',#2298,#2299,#2300);
#2298 = CARTESIAN_POINT('',(38.7,-4.209,-51.03973374791));
#2299 = DIRECTION('',(5.512180379134E-17,-1.,2.22044604925E-16));
#2300 = DIRECTION('',(0.707106781187,1.959862471205E-16,0.707106781187)
  );
#2301 = ORIENTED_EDGE('',*,*,#2302,.T.);
#2302 = EDGE_CURVE('',#2294,#521,#2303,.T.);
#2303 = LINE('',#2304,#2305);
#2304 = CARTESIAN_POINT('',(38.7,-9.325,-50.03973374791));
#2305 = VECTOR('',#2306,1.);
#2306 = DIRECTION('',(0.,-1.,0.));
#2307 = ORIENTED_EDGE('',*,*,#520,.F.);
#2308 = ORIENTED_EDGE('',*,*,#2009,.T.);
#2309 = CYLINDRICAL_SURFACE('',#2310,1.);
#2310 = AXIS2_PLACEMENT_3D('',#2311,#2312,#2313);
#2311 = CARTESIAN_POINT('',(38.7,-9.325,-51.03973374791));
#2312 = DIRECTION('',(0.,1.,0.));
#2313 = DIRECTION('',(0.707106781187,0.,0.707106781187));
#2314 = ADVANCED_FACE('',(#2315),#2333,.T.);
#2315 = FACE_BOUND('',#2316,.T.);
#2316 = EDGE_LOOP('',(#2317,#2325,#2326,#2327));
#2317 = ORIENTED_EDGE('',*,*,#2318,.F.);
#2318 = EDGE_CURVE('',#530,#2319,#2321,.T.);
#2319 = VERTEX_POINT('',#2320);
#2320 = CARTESIAN_POINT('',(35.5,-4.209,-50.03973374791));
#2321 = LINE('',#2322,#2323);
#2322 = CARTESIAN_POINT('',(35.5,-11.6,-50.03973374791));
#2323 = VECTOR('',#2324,1.);
#2324 = DIRECTION('',(0.,1.,0.));
#2325 = ORIENTED_EDGE('',*,*,#529,.T.);
#2326 = ORIENTED_EDGE('',*,*,#2302,.F.);
#2327 = ORIENTED_EDGE('',*,*,#2328,.F.);
#2328 = EDGE_CURVE('',#2319,#2294,#2329,.T.);
#2329 = LINE('',#2330,#2331);
#2330 = CARTESIAN_POINT('',(35.298844557389,-4.209,-50.03973374791));
#2331 = VECTOR('',#2332,1.);
#2332 = DIRECTION('',(1.,5.512180379134E-17,0.));
#2333 = PLANE('',#2334);
#2334 = AXIS2_PLACEMENT_3D('',#2335,#2336,#2337);
#2335 = CARTESIAN_POINT('',(33.598459409852,-9.9,-50.03973374791));
#2336 = DIRECTION('',(0.,0.,1.));
#2337 = DIRECTION('',(1.,5.512180379134E-17,0.));
#2338 = ADVANCED_FACE('',(#2339),#2358,.T.);
#2339 = FACE_BOUND('',#2340,.T.);
#2340 = EDGE_LOOP('',(#2341,#2350,#2356,#2357));
#2341 = ORIENTED_EDGE('',*,*,#2342,.T.);
#2342 = EDGE_CURVE('',#2319,#2343,#2345,.T.);
#2343 = VERTEX_POINT('',#2344);
#2344 = CARTESIAN_POINT('',(34.5,-4.209,-51.03973374791));
#2345 = CIRCLE('',#2346,1.);
#2346 = AXIS2_PLACEMENT_3D('',#2347,#2348,#2349);
#2347 = CARTESIAN_POINT('',(35.5,-4.209,-51.03973374791));
#2348 = DIRECTION('',(5.512180379134E-17,-1.,2.22044604925E-16));
#2349 = DIRECTION('',(-0.707106781187,1.180322446163E-16,0.707106781187)
  );
#2350 = ORIENTED_EDGE('',*,*,#2351,.T.);
#2351 = EDGE_CURVE('',#2343,#538,#2352,.T.);
#2352 = LINE('',#2353,#2354);
#2353 = CARTESIAN_POINT('',(34.5,-11.6,-51.03973374791));
#2354 = VECTOR('',#2355,1.);
#2355 = DIRECTION('',(0.,-1.,0.));
#2356 = ORIENTED_EDGE('',*,*,#537,.F.);
#2357 = ORIENTED_EDGE('',*,*,#2318,.T.);
#2358 = CYLINDRICAL_SURFACE('',#2359,1.);
#2359 = AXIS2_PLACEMENT_3D('',#2360,#2361,#2362);
#2360 = CARTESIAN_POINT('',(35.5,-11.6,-51.03973374791));
#2361 = DIRECTION('',(0.,-1.,0.));
#2362 = DIRECTION('',(-0.707106781187,0.,0.707106781187));
#2363 = ADVANCED_FACE('',(#2364),#2398,.F.);
#2364 = FACE_BOUND('',#2365,.T.);
#2365 = EDGE_LOOP('',(#2366,#2367,#2375,#2383,#2391,#2397));
#2366 = ORIENTED_EDGE('',*,*,#2351,.F.);
#2367 = ORIENTED_EDGE('',*,*,#2368,.F.);
#2368 = EDGE_CURVE('',#2369,#2343,#2371,.T.);
#2369 = VERTEX_POINT('',#2370);
#2370 = CARTESIAN_POINT('',(34.5,-4.209,-54.8));
#2371 = LINE('',#2372,#2373);
#2372 = CARTESIAN_POINT('',(34.5,-4.209,-48.8349337201));
#2373 = VECTOR('',#2374,1.);
#2374 = DIRECTION('',(0.,2.22044604925E-16,1.));
#2375 = ORIENTED_EDGE('',*,*,#2376,.F.);
#2376 = EDGE_CURVE('',#2377,#2369,#2379,.T.);
#2377 = VERTEX_POINT('',#2378);
#2378 = CARTESIAN_POINT('',(34.5,-16.74,-54.8));
#2379 = LINE('',#2380,#2381);
#2380 = CARTESIAN_POINT('',(34.5,-15.02,-54.8));
#2381 = VECTOR('',#2382,1.);
#2382 = DIRECTION('',(0.,1.,0.));
#2383 = ORIENTED_EDGE('',*,*,#2384,.F.);
#2384 = EDGE_CURVE('',#2385,#2377,#2387,.T.);
#2385 = VERTEX_POINT('',#2386);
#2386 = CARTESIAN_POINT('',(34.5,-16.74,-45.50000056624));
#2387 = LINE('',#2388,#2389);
#2388 = CARTESIAN_POINT('',(34.5,-16.74,-25.37500028312));
#2389 = VECTOR('',#2390,1.);
#2390 = DIRECTION('',(0.,0.,-1.));
#2391 = ORIENTED_EDGE('',*,*,#2392,.F.);
#2392 = EDGE_CURVE('',#547,#2385,#2393,.T.);
#2393 = LINE('',#2394,#2395);
#2394 = CARTESIAN_POINT('',(34.5,-13.3,-45.50000056624));
#2395 = VECTOR('',#2396,1.);
#2396 = DIRECTION('',(0.,-1.,0.));
#2397 = ORIENTED_EDGE('',*,*,#546,.F.);
#2398 = PLANE('',#2399);
#2399 = AXIS2_PLACEMENT_3D('',#2400,#2401,#2402);
#2400 = CARTESIAN_POINT('',(34.5,-13.3,-42.50000056624));
#2401 = DIRECTION('',(1.,0.,0.));
#2402 = DIRECTION('',(0.,0.,-1.));
#2403 = ADVANCED_FACE('',(#2404),#2423,.F.);
#2404 = FACE_BOUND('',#2405,.F.);
#2405 = EDGE_LOOP('',(#2406,#2407,#2408,#2416));
#2406 = ORIENTED_EDGE('',*,*,#2392,.F.);
#2407 = ORIENTED_EDGE('',*,*,#554,.F.);
#2408 = ORIENTED_EDGE('',*,*,#2409,.F.);
#2409 = EDGE_CURVE('',#2410,#555,#2412,.T.);
#2410 = VERTEX_POINT('',#2411);
#2411 = CARTESIAN_POINT('',(31.5,-16.74,-42.50000056624));
#2412 = LINE('',#2413,#2414);
#2413 = CARTESIAN_POINT('',(31.5,-13.3,-42.50000056624));
#2414 = VECTOR('',#2415,1.);
#2415 = DIRECTION('',(0.,1.,0.));
#2416 = ORIENTED_EDGE('',*,*,#2417,.T.);
#2417 = EDGE_CURVE('',#2410,#2385,#2418,.T.);
#2418 = CIRCLE('',#2419,3.);
#2419 = AXIS2_PLACEMENT_3D('',#2420,#2421,#2422);
#2420 = CARTESIAN_POINT('',(31.5,-16.74,-45.50000056624));
#2421 = DIRECTION('',(-0.,1.,0.));
#2422 = DIRECTION('',(0.707106781187,0.,0.707106781187));
#2423 = CYLINDRICAL_SURFACE('',#2424,3.);
#2424 = AXIS2_PLACEMENT_3D('',#2425,#2426,#2427);
#2425 = CARTESIAN_POINT('',(31.5,-13.3,-45.50000056624));
#2426 = DIRECTION('',(0.,-1.,0.));
#2427 = DIRECTION('',(0.707106781187,0.,0.707106781187));
#2428 = ADVANCED_FACE('',(#2429),#2463,.F.);
#2429 = FACE_BOUND('',#2430,.T.);
#2430 = EDGE_LOOP('',(#2431,#2439,#2440,#2441,#2449,#2457));
#2431 = ORIENTED_EDGE('',*,*,#2432,.F.);
#2432 = EDGE_CURVE('',#564,#2433,#2435,.T.);
#2433 = VERTEX_POINT('',#2434);
#2434 = CARTESIAN_POINT('',(-13.,-12.5,-42.50000056624));
#2435 = LINE('',#2436,#2437);
#2436 = CARTESIAN_POINT('',(-13.,-11.85,-42.50000056624));
#2437 = VECTOR('',#2438,1.);
#2438 = DIRECTION('',(0.,-1.,0.));
#2439 = ORIENTED_EDGE('',*,*,#563,.F.);
#2440 = ORIENTED_EDGE('',*,*,#2409,.F.);
#2441 = ORIENTED_EDGE('',*,*,#2442,.F.);
#2442 = EDGE_CURVE('',#2443,#2410,#2445,.T.);
#2443 = VERTEX_POINT('',#2444);
#2444 = CARTESIAN_POINT('',(-32.01224998488,-16.74,-42.50000056624));
#2445 = LINE('',#2446,#2447);
#2446 = CARTESIAN_POINT('',(-17.5,-16.74,-42.50000056624));
#2447 = VECTOR('',#2448,1.);
#2448 = DIRECTION('',(1.,0.,2.581914010756E-16));
#2449 = ORIENTED_EDGE('',*,*,#2450,.T.);
#2450 = EDGE_CURVE('',#2443,#2451,#2453,.T.);
#2451 = VERTEX_POINT('',#2452);
#2452 = CARTESIAN_POINT('',(-32.01224998488,-12.5,-42.50000056624));
#2453 = LINE('',#2454,#2455);
#2454 = CARTESIAN_POINT('',(-32.01224998488,-13.3,-42.50000056624));
#2455 = VECTOR('',#2456,1.);
#2456 = DIRECTION('',(0.,1.,0.));
#2457 = ORIENTED_EDGE('',*,*,#2458,.F.);
#2458 = EDGE_CURVE('',#2433,#2451,#2459,.T.);
#2459 = LINE('',#2460,#2461);
#2460 = CARTESIAN_POINT('',(-28.625,-12.5,-42.50000056624));
#2461 = VECTOR('',#2462,1.);
#2462 = DIRECTION('',(-1.,0.,-2.581914010756E-16));
#2463 = PLANE('',#2464);
#2464 = AXIS2_PLACEMENT_3D('',#2465,#2466,#2467);
#2465 = CARTESIAN_POINT('',(-34.5,-13.3,-42.50000056624));
#2466 = DIRECTION('',(-2.581914010756E-16,0.,1.));
#2467 = DIRECTION('',(1.,0.,2.581914010756E-16));
#2468 = ADVANCED_FACE('',(#2469),#2488,.T.);
#2469 = FACE_BOUND('',#2470,.T.);
#2470 = EDGE_LOOP('',(#2471,#2472,#2473,#2482));
#2471 = ORIENTED_EDGE('',*,*,#571,.T.);
#2472 = ORIENTED_EDGE('',*,*,#2432,.T.);
#2473 = ORIENTED_EDGE('',*,*,#2474,.F.);
#2474 = EDGE_CURVE('',#2475,#2433,#2477,.T.);
#2475 = VERTEX_POINT('',#2476);
#2476 = CARTESIAN_POINT('',(-14.,-12.5,-41.50000056624));
#2477 = CIRCLE('',#2478,1.);
#2478 = AXIS2_PLACEMENT_3D('',#2479,#2480,#2481);
#2479 = CARTESIAN_POINT('',(-13.,-12.5,-41.50000056624));
#2480 = DIRECTION('',(0.,-1.,0.));
#2481 = DIRECTION('',(-0.707106781187,-0.,-0.707106781187));
#2482 = ORIENTED_EDGE('',*,*,#2483,.T.);
#2483 = EDGE_CURVE('',#2475,#572,#2484,.T.);
#2484 = LINE('',#2485,#2486);
#2485 = CARTESIAN_POINT('',(-14.,-11.85,-41.50000056624));
#2486 = VECTOR('',#2487,1.);
#2487 = DIRECTION('',(0.,1.,0.));
#2488 = CYLINDRICAL_SURFACE('',#2489,1.);
#2489 = AXIS2_PLACEMENT_3D('',#2490,#2491,#2492);
#2490 = CARTESIAN_POINT('',(-13.,-11.85,-41.50000056624));
#2491 = DIRECTION('',(0.,1.,0.));
#2492 = DIRECTION('',(-0.707106781187,0.,-0.707106781187));
#2493 = ADVANCED_FACE('',(#2494),#2512,.F.);
#2494 = FACE_BOUND('',#2495,.T.);
#2495 = EDGE_LOOP('',(#2496,#2497,#2505,#2511));
#2496 = ORIENTED_EDGE('',*,*,#2483,.F.);
#2497 = ORIENTED_EDGE('',*,*,#2498,.T.);
#2498 = EDGE_CURVE('',#2475,#2499,#2501,.T.);
#2499 = VERTEX_POINT('',#2500);
#2500 = CARTESIAN_POINT('',(-14.,-12.5,-38.50000056624));
#2501 = LINE('',#2502,#2503);
#2502 = CARTESIAN_POINT('',(-14.,-12.5,-42.50000056624));
#2503 = VECTOR('',#2504,1.);
#2504 = DIRECTION('',(0.,0.,1.));
#2505 = ORIENTED_EDGE('',*,*,#2506,.F.);
#2506 = EDGE_CURVE('',#581,#2499,#2507,.T.);
#2507 = LINE('',#2508,#2509);
#2508 = CARTESIAN_POINT('',(-14.,-10.15,-38.50000056624));
#2509 = VECTOR('',#2510,1.);
#2510 = DIRECTION('',(0.,-1.,0.));
#2511 = ORIENTED_EDGE('',*,*,#580,.F.);
#2512 = PLANE('',#2513);
#2513 = AXIS2_PLACEMENT_3D('',#2514,#2515,#2516);
#2514 = CARTESIAN_POINT('',(-14.,-10.4,-42.50000056624));
#2515 = DIRECTION('',(1.,0.,0.));
#2516 = DIRECTION('',(0.,0.,1.));
#2517 = ADVANCED_FACE('',(#2518),#2537,.T.);
#2518 = FACE_BOUND('',#2519,.T.);
#2519 = EDGE_LOOP('',(#2520,#2521,#2522,#2531));
#2520 = ORIENTED_EDGE('',*,*,#588,.T.);
#2521 = ORIENTED_EDGE('',*,*,#2506,.T.);
#2522 = ORIENTED_EDGE('',*,*,#2523,.F.);
#2523 = EDGE_CURVE('',#2524,#2499,#2526,.T.);
#2524 = VERTEX_POINT('',#2525);
#2525 = CARTESIAN_POINT('',(-13.,-12.5,-37.50000056624));
#2526 = CIRCLE('',#2527,1.);
#2527 = AXIS2_PLACEMENT_3D('',#2528,#2529,#2530);
#2528 = CARTESIAN_POINT('',(-13.,-12.5,-38.50000056624));
#2529 = DIRECTION('',(0.,-1.,0.));
#2530 = DIRECTION('',(-0.707106781187,0.,0.707106781187));
#2531 = ORIENTED_EDGE('',*,*,#2532,.T.);
#2532 = EDGE_CURVE('',#2524,#589,#2533,.T.);
#2533 = LINE('',#2534,#2535);
#2534 = CARTESIAN_POINT('',(-13.,-10.15,-37.50000056624));
#2535 = VECTOR('',#2536,1.);
#2536 = DIRECTION('',(0.,1.,0.));
#2537 = CYLINDRICAL_SURFACE('',#2538,1.);
#2538 = AXIS2_PLACEMENT_3D('',#2539,#2540,#2541);
#2539 = CARTESIAN_POINT('',(-13.,-10.15,-38.50000056624));
#2540 = DIRECTION('',(0.,-1.,0.));
#2541 = DIRECTION('',(-0.707106781187,0.,0.707106781187));
#2542 = ADVANCED_FACE('',(#2543),#2616,.F.);
#2543 = FACE_BOUND('',#2544,.T.);
#2544 = EDGE_LOOP('',(#2545,#2553,#2559,#2560,#2568,#2576,#2584,#2592,
    #2600,#2608,#2614,#2615));
#2545 = ORIENTED_EDGE('',*,*,#2546,.T.);
#2546 = EDGE_CURVE('',#2524,#2547,#2549,.T.);
#2547 = VERTEX_POINT('',#2548);
#2548 = CARTESIAN_POINT('',(-32.5,-12.5,-37.50000056624));
#2549 = LINE('',#2550,#2551);
#2550 = CARTESIAN_POINT('',(-57.75,-12.5,-37.50000056624));
#2551 = VECTOR('',#2552,1.);
#2552 = DIRECTION('',(-1.,0.,-1.751623080406E-46));
#2553 = ORIENTED_EDGE('',*,*,#2554,.F.);
#2554 = EDGE_CURVE('',#710,#2547,#2555,.T.);
#2555 = LINE('',#2556,#2557);
#2556 = CARTESIAN_POINT('',(-32.5,-10.15,-37.50000056624));
#2557 = VECTOR('',#2558,1.);
#2558 = DIRECTION('',(0.,-1.,0.));
#2559 = ORIENTED_EDGE('',*,*,#709,.F.);
#2560 = ORIENTED_EDGE('',*,*,#2561,.F.);
#2561 = EDGE_CURVE('',#2562,#701,#2564,.T.);
#2562 = VERTEX_POINT('',#2563);
#2563 = CARTESIAN_POINT('',(-88.84526249034,-16.74,-37.50000056624));
#2564 = LINE('',#2565,#2566);
#2565 = CARTESIAN_POINT('',(-88.84526249034,-11.9,-37.50000056624));
#2566 = VECTOR('',#2567,1.);
#2567 = DIRECTION('',(0.,1.,0.));
#2568 = ORIENTED_EDGE('',*,*,#2569,.F.);
#2569 = EDGE_CURVE('',#2570,#2562,#2572,.T.);
#2570 = VERTEX_POINT('',#2571);
#2571 = CARTESIAN_POINT('',(-8.,-16.74,-37.50000056624));
#2572 = LINE('',#2573,#2574);
#2573 = CARTESIAN_POINT('',(-46.625,-16.74,-37.50000056624));
#2574 = VECTOR('',#2575,1.);
#2575 = DIRECTION('',(-1.,0.,-1.751623080406E-46));
#2576 = ORIENTED_EDGE('',*,*,#2577,.F.);
#2577 = EDGE_CURVE('',#2578,#2570,#2580,.T.);
#2578 = VERTEX_POINT('',#2579);
#2579 = CARTESIAN_POINT('',(-8.,-12.5,-37.50000056624));
#2580 = LINE('',#2581,#2582);
#2581 = CARTESIAN_POINT('',(-8.,-12.4,-37.50000056624));
#2582 = VECTOR('',#2583,1.);
#2583 = DIRECTION('',(0.,-1.,0.));
#2584 = ORIENTED_EDGE('',*,*,#2585,.T.);
#2585 = EDGE_CURVE('',#2578,#2586,#2588,.T.);
#2586 = VERTEX_POINT('',#2587);
#2587 = CARTESIAN_POINT('',(8.,-12.5,-37.50000056624));
#2588 = LINE('',#2589,#2590);
#2589 = CARTESIAN_POINT('',(-46.375,-12.5,-37.50000056624));
#2590 = VECTOR('',#2591,1.);
#2591 = DIRECTION('',(1.,0.,1.751623080406E-46));
#2592 = ORIENTED_EDGE('',*,*,#2593,.F.);
#2593 = EDGE_CURVE('',#2594,#2586,#2596,.T.);
#2594 = VERTEX_POINT('',#2595);
#2595 = CARTESIAN_POINT('',(8.,-16.74,-37.50000056624));
#2596 = LINE('',#2597,#2598);
#2597 = CARTESIAN_POINT('',(8.,-12.4,-37.50000056624));
#2598 = VECTOR('',#2599,1.);
#2599 = DIRECTION('',(0.,1.,0.));
#2600 = ORIENTED_EDGE('',*,*,#2601,.F.);
#2601 = EDGE_CURVE('',#2602,#2594,#2604,.T.);
#2602 = VERTEX_POINT('',#2603);
#2603 = CARTESIAN_POINT('',(89.932267425405,-16.74,-37.50000056624));
#2604 = LINE('',#2605,#2606);
#2605 = CARTESIAN_POINT('',(-46.625,-16.74,-37.50000056624));
#2606 = VECTOR('',#2607,1.);
#2607 = DIRECTION('',(-1.,0.,-1.751623080406E-46));
#2608 = ORIENTED_EDGE('',*,*,#2609,.F.);
#2609 = EDGE_CURVE('',#598,#2602,#2610,.T.);
#2610 = LINE('',#2611,#2612);
#2611 = CARTESIAN_POINT('',(89.932267425405,-10.9,-37.50000056624));
#2612 = VECTOR('',#2613,1.);
#2613 = DIRECTION('',(0.,-1.,0.));
#2614 = ORIENTED_EDGE('',*,*,#597,.F.);
#2615 = ORIENTED_EDGE('',*,*,#2532,.F.);
#2616 = PLANE('',#2617);
#2617 = AXIS2_PLACEMENT_3D('',#2618,#2619,#2620);
#2618 = CARTESIAN_POINT('',(-92.75,-9.9,-37.50000056624));
#2619 = DIRECTION('',(1.751623080406E-46,0.,-1.));
#2620 = DIRECTION('',(1.,3.830980170368E-34,1.751623080406E-46));
#2621 = ADVANCED_FACE('',(#2622),#2641,.F.);
#2622 = FACE_BOUND('',#2623,.F.);
#2623 = EDGE_LOOP('',(#2624,#2625,#2626,#2634));
#2624 = ORIENTED_EDGE('',*,*,#2609,.F.);
#2625 = ORIENTED_EDGE('',*,*,#605,.F.);
#2626 = ORIENTED_EDGE('',*,*,#2627,.F.);
#2627 = EDGE_CURVE('',#2628,#606,#2630,.T.);
#2628 = VERTEX_POINT('',#2629);
#2629 = CARTESIAN_POINT('',(92.302243926009,-16.74,-36.33935137198));
#2630 = LINE('',#2631,#2632);
#2631 = CARTESIAN_POINT('',(92.302243926009,-10.9,-36.33935137198));
#2632 = VECTOR('',#2633,1.);
#2633 = DIRECTION('',(0.,1.,0.));
#2634 = ORIENTED_EDGE('',*,*,#2635,.T.);
#2635 = EDGE_CURVE('',#2628,#2602,#2636,.T.);
#2636 = CIRCLE('',#2637,3.);
#2637 = AXIS2_PLACEMENT_3D('',#2638,#2639,#2640);
#2638 = CARTESIAN_POINT('',(89.932267425405,-16.74,-34.50000056624));
#2639 = DIRECTION('',(0.,1.,0.));
#2640 = DIRECTION('',(0.43981988629,0.,-0.898086002354));
#2641 = CYLINDRICAL_SURFACE('',#2642,3.);
#2642 = AXIS2_PLACEMENT_3D('',#2643,#2644,#2645);
#2643 = CARTESIAN_POINT('',(89.932267425405,-10.9,-34.50000056624));
#2644 = DIRECTION('',(0.,1.,0.));
#2645 = DIRECTION('',(0.43981988629,0.,-0.898086002354));
#2646 = ADVANCED_FACE('',(#2647),#2666,.T.);
#2647 = FACE_BOUND('',#2648,.T.);
#2648 = EDGE_LOOP('',(#2649,#2650,#2659,#2665));
#2649 = ORIENTED_EDGE('',*,*,#2627,.F.);
#2650 = ORIENTED_EDGE('',*,*,#2651,.F.);
#2651 = EDGE_CURVE('',#2652,#2628,#2654,.T.);
#2652 = VERTEX_POINT('',#2653);
#2653 = CARTESIAN_POINT('',(94.211110220757,-16.74,-35.21435108886));
#2654 = CIRCLE('',#2655,3.);
#2655 = AXIS2_PLACEMENT_3D('',#2656,#2657,#2658);
#2656 = CARTESIAN_POINT('',(94.672220426612,-16.74,-38.17870217773));
#2657 = DIRECTION('',(0.,-1.,0.));
#2658 = DIRECTION('',(-0.153703401952,0.,0.988117029622));
#2659 = ORIENTED_EDGE('',*,*,#2660,.T.);
#2660 = EDGE_CURVE('',#2652,#615,#2661,.T.);
#2661 = LINE('',#2662,#2663);
#2662 = CARTESIAN_POINT('',(94.211110220757,-10.9,-35.21435108886));
#2663 = VECTOR('',#2664,1.);
#2664 = DIRECTION('',(0.,1.,0.));
#2665 = ORIENTED_EDGE('',*,*,#614,.T.);
#2666 = CYLINDRICAL_SURFACE('',#2667,3.);
#2667 = AXIS2_PLACEMENT_3D('',#2668,#2669,#2670);
#2668 = CARTESIAN_POINT('',(94.672220426612,-10.9,-38.17870217773));
#2669 = DIRECTION('',(0.,-1.,0.));
#2670 = DIRECTION('',(-0.153703401952,0.,0.988117029622));
#2671 = ADVANCED_FACE('',(#2672),#2691,.F.);
#2672 = FACE_BOUND('',#2673,.F.);
#2673 = EDGE_LOOP('',(#2674,#2675,#2683,#2690));
#2674 = ORIENTED_EDGE('',*,*,#623,.F.);
#2675 = ORIENTED_EDGE('',*,*,#2676,.F.);
#2676 = EDGE_CURVE('',#2677,#624,#2679,.T.);
#2677 = VERTEX_POINT('',#2678);
#2678 = CARTESIAN_POINT('',(96.750000014901,-16.74,-32.25));
#2679 = LINE('',#2680,#2681);
#2680 = CARTESIAN_POINT('',(96.750000014901,-13.4,-32.25));
#2681 = VECTOR('',#2682,1.);
#2682 = DIRECTION('',(0.,1.,0.));
#2683 = ORIENTED_EDGE('',*,*,#2684,.T.);
#2684 = EDGE_CURVE('',#2677,#2652,#2685,.T.);
#2685 = CIRCLE('',#2686,3.);
#2686 = AXIS2_PLACEMENT_3D('',#2687,#2688,#2689);
#2687 = CARTESIAN_POINT('',(93.750000014901,-16.74,-32.25));
#2688 = DIRECTION('',(0.,1.,0.));
#2689 = DIRECTION('',(0.707106781187,0.,-0.707106781187));
#2690 = ORIENTED_EDGE('',*,*,#2660,.T.);
#2691 = CYLINDRICAL_SURFACE('',#2692,3.);
#2692 = AXIS2_PLACEMENT_3D('',#2693,#2694,#2695);
#2693 = CARTESIAN_POINT('',(93.750000014901,-13.4,-32.25));
#2694 = DIRECTION('',(0.,-1.,0.));
#2695 = DIRECTION('',(0.707106781187,0.,-0.707106781187));
#2696 = ADVANCED_FACE('',(#2697),#2715,.F.);
#2697 = FACE_BOUND('',#2698,.T.);
#2698 = EDGE_LOOP('',(#2699,#2700,#2708,#2714));
#2699 = ORIENTED_EDGE('',*,*,#2676,.F.);
#2700 = ORIENTED_EDGE('',*,*,#2701,.F.);
#2701 = EDGE_CURVE('',#2702,#2677,#2704,.T.);
#2702 = VERTEX_POINT('',#2703);
#2703 = CARTESIAN_POINT('',(96.750000014901,-16.74,-10.22861726552));
#2704 = LINE('',#2705,#2706);
#2705 = CARTESIAN_POINT('',(96.750000014901,-16.74,23.87500000745));
#2706 = VECTOR('',#2707,1.);
#2707 = DIRECTION('',(-2.22044604925E-16,0.,-1.));
#2708 = ORIENTED_EDGE('',*,*,#2709,.F.);
#2709 = EDGE_CURVE('',#633,#2702,#2710,.T.);
#2710 = LINE('',#2711,#2712);
#2711 = CARTESIAN_POINT('',(96.750000014901,-14.9,-10.22861726552));
#2712 = VECTOR('',#2713,1.);
#2713 = DIRECTION('',(0.,-1.,0.));
#2714 = ORIENTED_EDGE('',*,*,#632,.F.);
#2715 = PLANE('',#2716);
#2716 = AXIS2_PLACEMENT_3D('',#2717,#2718,#2719);
#2717 = CARTESIAN_POINT('',(96.750000014901,-14.9,56.000000014901));
#2718 = DIRECTION('',(1.,0.,-2.22044604925E-16));
#2719 = DIRECTION('',(-2.22044604925E-16,0.,-1.));
#2720 = ADVANCED_FACE('',(#2721),#2740,.F.);
#2721 = FACE_BOUND('',#2722,.F.);
#2722 = EDGE_LOOP('',(#2723,#2724,#2725,#2733));
#2723 = ORIENTED_EDGE('',*,*,#2709,.F.);
#2724 = ORIENTED_EDGE('',*,*,#640,.F.);
#2725 = ORIENTED_EDGE('',*,*,#2726,.F.);
#2726 = EDGE_CURVE('',#2727,#641,#2729,.T.);
#2727 = VERTEX_POINT('',#2728);
#2728 = CARTESIAN_POINT('',(93.750000014901,-16.74,-7.228617265524));
#2729 = LINE('',#2730,#2731);
#2730 = CARTESIAN_POINT('',(93.750000014901,-14.9,-7.228617265524));
#2731 = VECTOR('',#2732,1.);
#2732 = DIRECTION('',(0.,1.,0.));
#2733 = ORIENTED_EDGE('',*,*,#2734,.T.);
#2734 = EDGE_CURVE('',#2727,#2702,#2735,.T.);
#2735 = CIRCLE('',#2736,3.);
#2736 = AXIS2_PLACEMENT_3D('',#2737,#2738,#2739);
#2737 = CARTESIAN_POINT('',(93.750000014901,-16.74,-10.22861726552));
#2738 = DIRECTION('',(-0.,1.,0.));
#2739 = DIRECTION('',(0.707106781187,0.,0.707106781187));
#2740 = CYLINDRICAL_SURFACE('',#2741,3.);
#2741 = AXIS2_PLACEMENT_3D('',#2742,#2743,#2744);
#2742 = CARTESIAN_POINT('',(93.750000014901,-14.9,-10.22861726552));
#2743 = DIRECTION('',(0.,1.,0.));
#2744 = DIRECTION('',(0.707106781187,0.,0.707106781187));
#2745 = ADVANCED_FACE('',(#2746),#2796,.T.);
#2746 = FACE_BOUND('',#2747,.T.);
#2747 = EDGE_LOOP('',(#2748,#2749,#2757,#2765,#2773,#2781,#2789,#2795));
#2748 = ORIENTED_EDGE('',*,*,#2726,.F.);
#2749 = ORIENTED_EDGE('',*,*,#2750,.T.);
#2750 = EDGE_CURVE('',#2727,#2751,#2753,.T.);
#2751 = VERTEX_POINT('',#2752);
#2752 = CARTESIAN_POINT('',(5.,-16.74,-7.228617265524));
#2753 = LINE('',#2754,#2755);
#2754 = CARTESIAN_POINT('',(-2.75,-16.74,-7.228617265524));
#2755 = VECTOR('',#2756,1.);
#2756 = DIRECTION('',(-1.,0.,0.));
#2757 = ORIENTED_EDGE('',*,*,#2758,.F.);
#2758 = EDGE_CURVE('',#2759,#2751,#2761,.T.);
#2759 = VERTEX_POINT('',#2760);
#2760 = CARTESIAN_POINT('',(5.,-12.5,-7.228617265524));
#2761 = LINE('',#2762,#2763);
#2762 = CARTESIAN_POINT('',(5.,-14.9,-7.228617265524));
#2763 = VECTOR('',#2764,1.);
#2764 = DIRECTION('',(0.,-1.,0.));
#2765 = ORIENTED_EDGE('',*,*,#2766,.F.);
#2766 = EDGE_CURVE('',#2767,#2759,#2769,.T.);
#2767 = VERTEX_POINT('',#2768);
#2768 = CARTESIAN_POINT('',(-8.,-12.5,-7.228617265524));
#2769 = LINE('',#2770,#2771);
#2770 = CARTESIAN_POINT('',(2.5,-12.5,-7.228617265524));
#2771 = VECTOR('',#2772,1.);
#2772 = DIRECTION('',(1.,0.,0.));
#2773 = ORIENTED_EDGE('',*,*,#2774,.F.);
#2774 = EDGE_CURVE('',#2775,#2767,#2777,.T.);
#2775 = VERTEX_POINT('',#2776);
#2776 = CARTESIAN_POINT('',(-8.,-16.74,-7.228617265524));
#2777 = LINE('',#2778,#2779);
#2778 = CARTESIAN_POINT('',(-8.,-14.9,-7.228617265524));
#2779 = VECTOR('',#2780,1.);
#2780 = DIRECTION('',(0.,1.,0.));
#2781 = ORIENTED_EDGE('',*,*,#2782,.T.);
#2782 = EDGE_CURVE('',#2775,#2783,#2785,.T.);
#2783 = VERTEX_POINT('',#2784);
#2784 = CARTESIAN_POINT('',(-93.7500000149,-16.74,-7.228617265524));
#2785 = LINE('',#2786,#2787);
#2786 = CARTESIAN_POINT('',(-2.75,-16.74,-7.228617265524));
#2787 = VECTOR('',#2788,1.);
#2788 = DIRECTION('',(-1.,0.,0.));
#2789 = ORIENTED_EDGE('',*,*,#2790,.F.);
#2790 = EDGE_CURVE('',#650,#2783,#2791,.T.);
#2791 = LINE('',#2792,#2793);
#2792 = CARTESIAN_POINT('',(-93.7500000149,-14.9,-7.228617265524));
#2793 = VECTOR('',#2794,1.);
#2794 = DIRECTION('',(0.,-1.,0.));
#2795 = ORIENTED_EDGE('',*,*,#649,.T.);
#2796 = PLANE('',#2797);
#2797 = AXIS2_PLACEMENT_3D('',#2798,#2799,#2800);
#2798 = CARTESIAN_POINT('',(-5.,-14.9,-7.228617265524));
#2799 = DIRECTION('',(0.,0.,-1.));
#2800 = DIRECTION('',(-1.,0.,0.));
#2801 = ADVANCED_FACE('',(#2802),#2821,.F.);
#2802 = FACE_BOUND('',#2803,.F.);
#2803 = EDGE_LOOP('',(#2804,#2812,#2819,#2820));
#2804 = ORIENTED_EDGE('',*,*,#2805,.F.);
#2805 = EDGE_CURVE('',#2806,#658,#2808,.T.);
#2806 = VERTEX_POINT('',#2807);
#2807 = CARTESIAN_POINT('',(-96.7500000149,-16.74,-10.22861726552));
#2808 = LINE('',#2809,#2810);
#2809 = CARTESIAN_POINT('',(-96.7500000149,-14.9,-10.22861726552));
#2810 = VECTOR('',#2811,1.);
#2811 = DIRECTION('',(0.,1.,0.));
#2812 = ORIENTED_EDGE('',*,*,#2813,.F.);
#2813 = EDGE_CURVE('',#2783,#2806,#2814,.T.);
#2814 = CIRCLE('',#2815,3.);
#2815 = AXIS2_PLACEMENT_3D('',#2816,#2817,#2818);
#2816 = CARTESIAN_POINT('',(-93.7500000149,-16.74,-10.22861726552));
#2817 = DIRECTION('',(0.,-1.,0.));
#2818 = DIRECTION('',(-0.707106781187,0.,0.707106781187));
#2819 = ORIENTED_EDGE('',*,*,#2790,.F.);
#2820 = ORIENTED_EDGE('',*,*,#657,.F.);
#2821 = CYLINDRICAL_SURFACE('',#2822,3.);
#2822 = AXIS2_PLACEMENT_3D('',#2823,#2824,#2825);
#2823 = CARTESIAN_POINT('',(-93.7500000149,-14.9,-10.22861726552));
#2824 = DIRECTION('',(0.,-1.,0.));
#2825 = DIRECTION('',(-0.707106781187,0.,0.707106781187));
#2826 = ADVANCED_FACE('',(#2827),#2845,.F.);
#2827 = FACE_BOUND('',#2828,.T.);
#2828 = EDGE_LOOP('',(#2829,#2837,#2838,#2839));
#2829 = ORIENTED_EDGE('',*,*,#2830,.F.);
#2830 = EDGE_CURVE('',#667,#2831,#2833,.T.);
#2831 = VERTEX_POINT('',#2832);
#2832 = CARTESIAN_POINT('',(-96.7500000149,-16.74,-32.25000056624));
#2833 = LINE('',#2834,#2835);
#2834 = CARTESIAN_POINT('',(-96.7500000149,-13.4,-32.25000056624));
#2835 = VECTOR('',#2836,1.);
#2836 = DIRECTION('',(0.,-1.,0.));
#2837 = ORIENTED_EDGE('',*,*,#666,.F.);
#2838 = ORIENTED_EDGE('',*,*,#2805,.F.);
#2839 = ORIENTED_EDGE('',*,*,#2840,.F.);
#2840 = EDGE_CURVE('',#2831,#2806,#2841,.T.);
#2841 = LINE('',#2842,#2843);
#2842 = CARTESIAN_POINT('',(-96.7500000149,-16.74,-22.12500000745));
#2843 = VECTOR('',#2844,1.);
#2844 = DIRECTION('',(0.,0.,1.));
#2845 = PLANE('',#2846);
#2846 = AXIS2_PLACEMENT_3D('',#2847,#2848,#2849);
#2847 = CARTESIAN_POINT('',(-96.7500000149,-14.9,-36.0000000149));
#2848 = DIRECTION('',(-1.,0.,0.));
#2849 = DIRECTION('',(0.,0.,1.));
#2850 = ADVANCED_FACE('',(#2851),#2870,.F.);
#2851 = FACE_BOUND('',#2852,.F.);
#2852 = EDGE_LOOP('',(#2853,#2854,#2855,#2863));
#2853 = ORIENTED_EDGE('',*,*,#2830,.F.);
#2854 = ORIENTED_EDGE('',*,*,#674,.F.);
#2855 = ORIENTED_EDGE('',*,*,#2856,.F.);
#2856 = EDGE_CURVE('',#2857,#675,#2859,.T.);
#2857 = VERTEX_POINT('',#2858);
#2858 = CARTESIAN_POINT('',(-93.7500000149,-16.74,-35.25000056624));
#2859 = LINE('',#2860,#2861);
#2860 = CARTESIAN_POINT('',(-93.7500000149,-13.4,-35.25000056624));
#2861 = VECTOR('',#2862,1.);
#2862 = DIRECTION('',(0.,1.,0.));
#2863 = ORIENTED_EDGE('',*,*,#2864,.T.);
#2864 = EDGE_CURVE('',#2857,#2831,#2865,.T.);
#2865 = CIRCLE('',#2866,3.);
#2866 = AXIS2_PLACEMENT_3D('',#2867,#2868,#2869);
#2867 = CARTESIAN_POINT('',(-93.7500000149,-16.74,-32.25000056624));
#2868 = DIRECTION('',(0.,1.,0.));
#2869 = DIRECTION('',(-0.707106781187,0.,-0.707106781187));
#2870 = CYLINDRICAL_SURFACE('',#2871,3.);
#2871 = AXIS2_PLACEMENT_3D('',#2872,#2873,#2874);
#2872 = CARTESIAN_POINT('',(-93.7500000149,-13.4,-32.25000056624));
#2873 = DIRECTION('',(0.,1.,0.));
#2874 = DIRECTION('',(-0.707106781187,0.,-0.707106781187));
#2875 = ADVANCED_FACE('',(#2876),#2894,.T.);
#2876 = FACE_BOUND('',#2877,.T.);
#2877 = EDGE_LOOP('',(#2878,#2886,#2887,#2888));
#2878 = ORIENTED_EDGE('',*,*,#2879,.F.);
#2879 = EDGE_CURVE('',#684,#2880,#2882,.T.);
#2880 = VERTEX_POINT('',#2881);
#2881 = CARTESIAN_POINT('',(-93.52901098914,-16.74,-35.25000056624));
#2882 = LINE('',#2883,#2884);
#2883 = CARTESIAN_POINT('',(-93.52901098914,-11.9,-35.25000056624));
#2884 = VECTOR('',#2885,1.);
#2885 = DIRECTION('',(0.,-1.,0.));
#2886 = ORIENTED_EDGE('',*,*,#683,.F.);
#2887 = ORIENTED_EDGE('',*,*,#2856,.F.);
#2888 = ORIENTED_EDGE('',*,*,#2889,.T.);
#2889 = EDGE_CURVE('',#2857,#2880,#2890,.T.);
#2890 = LINE('',#2891,#2892);
#2891 = CARTESIAN_POINT('',(-48.62500000745,-16.74,-35.25000056624));
#2892 = VECTOR('',#2893,1.);
#2893 = DIRECTION('',(1.,0.,0.));
#2894 = PLANE('',#2895);
#2895 = AXIS2_PLACEMENT_3D('',#2896,#2897,#2898);
#2896 = CARTESIAN_POINT('',(-96.7500000149,-11.9,-35.25000056624));
#2897 = DIRECTION('',(0.,0.,1.));
#2898 = DIRECTION('',(1.,0.,0.));
#2899 = ADVANCED_FACE('',(#2900),#2919,.T.);
#2900 = FACE_BOUND('',#2901,.T.);
#2901 = EDGE_LOOP('',(#2902,#2903,#2904,#2913));
#2902 = ORIENTED_EDGE('',*,*,#691,.T.);
#2903 = ORIENTED_EDGE('',*,*,#2879,.T.);
#2904 = ORIENTED_EDGE('',*,*,#2905,.F.);
#2905 = EDGE_CURVE('',#2906,#2880,#2908,.T.);
#2906 = VERTEX_POINT('',#2907);
#2907 = CARTESIAN_POINT('',(-91.18713673974,-16.74,-36.37500056624));
#2908 = CIRCLE('',#2909,3.);
#2909 = AXIS2_PLACEMENT_3D('',#2910,#2911,#2912);
#2910 = CARTESIAN_POINT('',(-93.52901098914,-16.74,-38.25000056624));
#2911 = DIRECTION('',(0.,-1.,0.));
#2912 = DIRECTION('',(0.433012701892,0.,0.901387818866));
#2913 = ORIENTED_EDGE('',*,*,#2914,.T.);
#2914 = EDGE_CURVE('',#2906,#692,#2915,.T.);
#2915 = LINE('',#2916,#2917);
#2916 = CARTESIAN_POINT('',(-91.18713673974,-11.9,-36.37500056624));
#2917 = VECTOR('',#2918,1.);
#2918 = DIRECTION('',(0.,1.,0.));
#2919 = CYLINDRICAL_SURFACE('',#2920,3.);
#2920 = AXIS2_PLACEMENT_3D('',#2921,#2922,#2923);
#2921 = CARTESIAN_POINT('',(-93.52901098914,-11.9,-38.25000056624));
#2922 = DIRECTION('',(0.,-1.,0.));
#2923 = DIRECTION('',(0.433012701892,0.,0.901387818866));
#2924 = ADVANCED_FACE('',(#2925),#2937,.F.);
#2925 = FACE_BOUND('',#2926,.F.);
#2926 = EDGE_LOOP('',(#2927,#2928,#2929,#2936));
#2927 = ORIENTED_EDGE('',*,*,#700,.F.);
#2928 = ORIENTED_EDGE('',*,*,#2561,.F.);
#2929 = ORIENTED_EDGE('',*,*,#2930,.T.);
#2930 = EDGE_CURVE('',#2562,#2906,#2931,.T.);
#2931 = CIRCLE('',#2932,3.);
#2932 = AXIS2_PLACEMENT_3D('',#2933,#2934,#2935);
#2933 = CARTESIAN_POINT('',(-88.84526249034,-16.74,-34.50000056624));
#2934 = DIRECTION('',(0.,1.,0.));
#2935 = DIRECTION('',(-0.968245836552,0.,-0.25));
#2936 = ORIENTED_EDGE('',*,*,#2914,.T.);
#2937 = CYLINDRICAL_SURFACE('',#2938,3.);
#2938 = AXIS2_PLACEMENT_3D('',#2939,#2940,#2941);
#2939 = CARTESIAN_POINT('',(-88.84526249034,-11.9,-34.50000056624));
#2940 = DIRECTION('',(0.,-1.,0.));
#2941 = DIRECTION('',(-0.968245836552,-0.,-0.25));
#2942 = ADVANCED_FACE('',(#2943),#2962,.T.);
#2943 = FACE_BOUND('',#2944,.T.);
#2944 = EDGE_LOOP('',(#2945,#2946,#2947,#2956));
#2945 = ORIENTED_EDGE('',*,*,#717,.T.);
#2946 = ORIENTED_EDGE('',*,*,#2554,.T.);
#2947 = ORIENTED_EDGE('',*,*,#2948,.F.);
#2948 = EDGE_CURVE('',#2949,#2547,#2951,.T.);
#2949 = VERTEX_POINT('',#2950);
#2950 = CARTESIAN_POINT('',(-31.5,-12.5,-38.50000056624));
#2951 = CIRCLE('',#2952,1.);
#2952 = AXIS2_PLACEMENT_3D('',#2953,#2954,#2955);
#2953 = CARTESIAN_POINT('',(-32.5,-12.5,-38.50000056624));
#2954 = DIRECTION('',(0.,-1.,0.));
#2955 = DIRECTION('',(0.707106781187,0.,0.707106781187));
#2956 = ORIENTED_EDGE('',*,*,#2957,.T.);
#2957 = EDGE_CURVE('',#2949,#718,#2958,.T.);
#2958 = LINE('',#2959,#2960);
#2959 = CARTESIAN_POINT('',(-31.5,-10.15,-38.50000056624));
#2960 = VECTOR('',#2961,1.);
#2961 = DIRECTION('',(0.,1.,0.));
#2962 = CYLINDRICAL_SURFACE('',#2963,1.);
#2963 = AXIS2_PLACEMENT_3D('',#2964,#2965,#2966);
#2964 = CARTESIAN_POINT('',(-32.5,-10.15,-38.50000056624));
#2965 = DIRECTION('',(0.,1.,0.));
#2966 = DIRECTION('',(0.707106781187,0.,0.707106781187));
#2967 = ADVANCED_FACE('',(#2968),#2986,.F.);
#2968 = FACE_BOUND('',#2969,.T.);
#2969 = EDGE_LOOP('',(#2970,#2971,#2979,#2985));
#2970 = ORIENTED_EDGE('',*,*,#2957,.F.);
#2971 = ORIENTED_EDGE('',*,*,#2972,.T.);
#2972 = EDGE_CURVE('',#2949,#2973,#2975,.T.);
#2973 = VERTEX_POINT('',#2974);
#2974 = CARTESIAN_POINT('',(-31.5,-12.5,-41.62701722003));
#2975 = LINE('',#2976,#2977);
#2976 = CARTESIAN_POINT('',(-31.5,-12.5,-37.50000056624));
#2977 = VECTOR('',#2978,1.);
#2978 = DIRECTION('',(0.,-3.44709479822E-64,-1.));
#2979 = ORIENTED_EDGE('',*,*,#2980,.F.);
#2980 = EDGE_CURVE('',#727,#2973,#2981,.T.);
#2981 = LINE('',#2982,#2983);
#2982 = CARTESIAN_POINT('',(-31.5,-13.3,-41.62701722003));
#2983 = VECTOR('',#2984,1.);
#2984 = DIRECTION('',(0.,-1.,0.));
#2985 = ORIENTED_EDGE('',*,*,#726,.F.);
#2986 = PLANE('',#2987);
#2987 = AXIS2_PLACEMENT_3D('',#2988,#2989,#2990);
#2988 = CARTESIAN_POINT('',(-31.5,-10.4,-37.50000056624));
#2989 = DIRECTION('',(-1.,0.,0.));
#2990 = DIRECTION('',(-0.,-3.44709479822E-64,-1.));
#2991 = ADVANCED_FACE('',(#2992),#3019,.T.);
#2992 = FACE_BOUND('',#2993,.T.);
#2993 = EDGE_LOOP('',(#2994,#3001,#3002,#3011,#3017,#3018));
#2994 = ORIENTED_EDGE('',*,*,#2995,.F.);
#2995 = EDGE_CURVE('',#2451,#2973,#2996,.T.);
#2996 = CIRCLE('',#2997,1.);
#2997 = AXIS2_PLACEMENT_3D('',#2998,#2999,#3000);
#2998 = CARTESIAN_POINT('',(-32.5,-12.5,-41.62701722003));
#2999 = DIRECTION('',(0.,-1.,0.));
#3000 = DIRECTION('',(0.790569415042,0.,-0.612372435696));
#3001 = ORIENTED_EDGE('',*,*,#2450,.F.);
#3002 = ORIENTED_EDGE('',*,*,#3003,.F.);
#3003 = EDGE_CURVE('',#3004,#2443,#3006,.T.);
#3004 = VERTEX_POINT('',#3005);
#3005 = CARTESIAN_POINT('',(-32.25,-16.74,-42.59526305658));
#3006 = CIRCLE('',#3007,1.);
#3007 = AXIS2_PLACEMENT_3D('',#3008,#3009,#3010);
#3008 = CARTESIAN_POINT('',(-32.5,-16.74,-41.62701722003));
#3009 = DIRECTION('',(0.,-1.,0.));
#3010 = DIRECTION('',(0.790569415042,0.,-0.612372435696));
#3011 = ORIENTED_EDGE('',*,*,#3012,.T.);
#3012 = EDGE_CURVE('',#3004,#735,#3013,.T.);
#3013 = LINE('',#3014,#3015);
#3014 = CARTESIAN_POINT('',(-32.25,-13.3,-42.59526305658));
#3015 = VECTOR('',#3016,1.);
#3016 = DIRECTION('',(0.,1.,0.));
#3017 = ORIENTED_EDGE('',*,*,#734,.T.);
#3018 = ORIENTED_EDGE('',*,*,#2980,.T.);
#3019 = CYLINDRICAL_SURFACE('',#3020,1.);
#3020 = AXIS2_PLACEMENT_3D('',#3021,#3022,#3023);
#3021 = CARTESIAN_POINT('',(-32.5,-13.3,-41.62701722003));
#3022 = DIRECTION('',(0.,-1.,0.));
#3023 = DIRECTION('',(0.790569415042,0.,-0.612372435696));
#3024 = ADVANCED_FACE('',(#3025),#3044,.F.);
#3025 = FACE_BOUND('',#3026,.F.);
#3026 = EDGE_LOOP('',(#3027,#3028,#3036,#3043));
#3027 = ORIENTED_EDGE('',*,*,#743,.F.);
#3028 = ORIENTED_EDGE('',*,*,#3029,.F.);
#3029 = EDGE_CURVE('',#3030,#744,#3032,.T.);
#3030 = VERTEX_POINT('',#3031);
#3031 = CARTESIAN_POINT('',(-34.5,-16.74,-45.50000056624));
#3032 = LINE('',#3033,#3034);
#3033 = CARTESIAN_POINT('',(-34.5,-13.3,-45.50000056624));
#3034 = VECTOR('',#3035,1.);
#3035 = DIRECTION('',(0.,1.,0.));
#3036 = ORIENTED_EDGE('',*,*,#3037,.T.);
#3037 = EDGE_CURVE('',#3030,#3004,#3038,.T.);
#3038 = CIRCLE('',#3039,3.);
#3039 = AXIS2_PLACEMENT_3D('',#3040,#3041,#3042);
#3040 = CARTESIAN_POINT('',(-31.5,-16.74,-45.50000056624));
#3041 = DIRECTION('',(0.,1.,-0.));
#3042 = DIRECTION('',(-0.707106781187,0.,0.707106781187));
#3043 = ORIENTED_EDGE('',*,*,#3012,.T.);
#3044 = CYLINDRICAL_SURFACE('',#3045,3.);
#3045 = AXIS2_PLACEMENT_3D('',#3046,#3047,#3048);
#3046 = CARTESIAN_POINT('',(-31.5,-13.3,-45.50000056624));
#3047 = DIRECTION('',(0.,1.,0.));
#3048 = DIRECTION('',(-0.707106781187,0.,0.707106781187));
#3049 = ADVANCED_FACE('',(#3050),#3084,.F.);
#3050 = FACE_BOUND('',#3051,.T.);
#3051 = EDGE_LOOP('',(#3052,#3060,#3061,#3062,#3070,#3078));
#3052 = ORIENTED_EDGE('',*,*,#3053,.F.);
#3053 = EDGE_CURVE('',#753,#3054,#3056,.T.);
#3054 = VERTEX_POINT('',#3055);
#3055 = CARTESIAN_POINT('',(-34.5,-4.209,-51.03973374791));
#3056 = LINE('',#3057,#3058);
#3057 = CARTESIAN_POINT('',(-34.5,-11.6,-51.03973374791));
#3058 = VECTOR('',#3059,1.);
#3059 = DIRECTION('',(0.,1.,0.));
#3060 = ORIENTED_EDGE('',*,*,#752,.F.);
#3061 = ORIENTED_EDGE('',*,*,#3029,.F.);
#3062 = ORIENTED_EDGE('',*,*,#3063,.F.);
#3063 = EDGE_CURVE('',#3064,#3030,#3066,.T.);
#3064 = VERTEX_POINT('',#3065);
#3065 = CARTESIAN_POINT('',(-34.5,-16.74,-54.8));
#3066 = LINE('',#3067,#3068);
#3067 = CARTESIAN_POINT('',(-34.5,-16.74,-33.275));
#3068 = VECTOR('',#3069,1.);
#3069 = DIRECTION('',(-1.751623080406E-46,0.,1.));
#3070 = ORIENTED_EDGE('',*,*,#3071,.F.);
#3071 = EDGE_CURVE('',#3072,#3064,#3074,.T.);
#3072 = VERTEX_POINT('',#3073);
#3073 = CARTESIAN_POINT('',(-34.5,-4.209,-54.8));
#3074 = LINE('',#3075,#3076);
#3075 = CARTESIAN_POINT('',(-34.5,-15.02,-54.8));
#3076 = VECTOR('',#3077,1.);
#3077 = DIRECTION('',(0.,-1.,0.));
#3078 = ORIENTED_EDGE('',*,*,#3079,.F.);
#3079 = EDGE_CURVE('',#3054,#3072,#3080,.T.);
#3080 = LINE('',#3081,#3082);
#3081 = CARTESIAN_POINT('',(-34.5,-4.209,-56.73493343697));
#3082 = VECTOR('',#3083,1.);
#3083 = DIRECTION('',(1.751623080406E-46,-2.22044604925E-16,-1.));
#3084 = PLANE('',#3085);
#3085 = AXIS2_PLACEMENT_3D('',#3086,#3087,#3088);
#3086 = CARTESIAN_POINT('',(-34.5,-13.3,-58.3));
#3087 = DIRECTION('',(-1.,0.,-1.751623080406E-46));
#3088 = DIRECTION('',(-1.751623080406E-46,0.,1.));
#3089 = ADVANCED_FACE('',(#3090),#3109,.T.);
#3090 = FACE_BOUND('',#3091,.T.);
#3091 = EDGE_LOOP('',(#3092,#3101,#3107,#3108));
#3092 = ORIENTED_EDGE('',*,*,#3093,.T.);
#3093 = EDGE_CURVE('',#3054,#3094,#3096,.T.);
#3094 = VERTEX_POINT('',#3095);
#3095 = CARTESIAN_POINT('',(-35.5,-4.209,-50.03973374791));
#3096 = CIRCLE('',#3097,1.);
#3097 = AXIS2_PLACEMENT_3D('',#3098,#3099,#3100);
#3098 = CARTESIAN_POINT('',(-35.5,-4.209,-51.03973374791));
#3099 = DIRECTION('',(5.512180379134E-17,-1.,2.22044604925E-16));
#3100 = DIRECTION('',(0.707106781187,1.959862471205E-16,0.707106781187)
  );
#3101 = ORIENTED_EDGE('',*,*,#3102,.T.);
#3102 = EDGE_CURVE('',#3094,#761,#3103,.T.);
#3103 = LINE('',#3104,#3105);
#3104 = CARTESIAN_POINT('',(-35.5,-11.6,-50.03973374791));
#3105 = VECTOR('',#3106,1.);
#3106 = DIRECTION('',(0.,-1.,0.));
#3107 = ORIENTED_EDGE('',*,*,#760,.F.);
#3108 = ORIENTED_EDGE('',*,*,#3053,.T.);
#3109 = CYLINDRICAL_SURFACE('',#3110,1.);
#3110 = AXIS2_PLACEMENT_3D('',#3111,#3112,#3113);
#3111 = CARTESIAN_POINT('',(-35.5,-11.6,-51.03973374791));
#3112 = DIRECTION('',(0.,1.,0.));
#3113 = DIRECTION('',(0.707106781187,0.,0.707106781187));
#3114 = ADVANCED_FACE('',(#3115),#3133,.T.);
#3115 = FACE_BOUND('',#3116,.T.);
#3116 = EDGE_LOOP('',(#3117,#3118,#3126,#3132));
#3117 = ORIENTED_EDGE('',*,*,#3102,.F.);
#3118 = ORIENTED_EDGE('',*,*,#3119,.F.);
#3119 = EDGE_CURVE('',#3120,#3094,#3122,.T.);
#3120 = VERTEX_POINT('',#3121);
#3121 = CARTESIAN_POINT('',(-38.701,-4.209,-50.03973374791));
#3122 = LINE('',#3123,#3124);
#3123 = CARTESIAN_POINT('',(-38.85038514753,-4.209,-50.03973374791));
#3124 = VECTOR('',#3125,1.);
#3125 = DIRECTION('',(1.,5.512180379134E-17,0.));
#3126 = ORIENTED_EDGE('',*,*,#3127,.F.);
#3127 = EDGE_CURVE('',#770,#3120,#3128,.T.);
#3128 = LINE('',#3129,#3130);
#3129 = CARTESIAN_POINT('',(-38.701,-9.2,-50.03973374791));
#3130 = VECTOR('',#3131,1.);
#3131 = DIRECTION('',(0.,1.,0.));
#3132 = ORIENTED_EDGE('',*,*,#769,.T.);
#3133 = PLANE('',#3134);
#3134 = AXIS2_PLACEMENT_3D('',#3135,#3136,#3137);
#3135 = CARTESIAN_POINT('',(-40.6,-9.9,-50.03973374791));
#3136 = DIRECTION('',(0.,0.,1.));
#3137 = DIRECTION('',(1.,5.512180379134E-17,0.));
#3138 = ADVANCED_FACE('',(#3139),#3158,.T.);
#3139 = FACE_BOUND('',#3140,.T.);
#3140 = EDGE_LOOP('',(#3141,#3150,#3156,#3157));
#3141 = ORIENTED_EDGE('',*,*,#3142,.T.);
#3142 = EDGE_CURVE('',#3120,#3143,#3145,.T.);
#3143 = VERTEX_POINT('',#3144);
#3144 = CARTESIAN_POINT('',(-39.701,-4.209,-51.03973374791));
#3145 = CIRCLE('',#3146,1.);
#3146 = AXIS2_PLACEMENT_3D('',#3147,#3148,#3149);
#3147 = CARTESIAN_POINT('',(-38.701,-4.209,-51.03973374791));
#3148 = DIRECTION('',(5.512180379134E-17,-1.,2.22044604925E-16));
#3149 = DIRECTION('',(-0.707106781187,1.180322446163E-16,0.707106781187)
  );
#3150 = ORIENTED_EDGE('',*,*,#3151,.T.);
#3151 = EDGE_CURVE('',#3143,#778,#3152,.T.);
#3152 = LINE('',#3153,#3154);
#3153 = CARTESIAN_POINT('',(-39.701,-9.2,-51.03973374791));
#3154 = VECTOR('',#3155,1.);
#3155 = DIRECTION('',(0.,-1.,0.));
#3156 = ORIENTED_EDGE('',*,*,#777,.F.);
#3157 = ORIENTED_EDGE('',*,*,#3127,.T.);
#3158 = CYLINDRICAL_SURFACE('',#3159,1.);
#3159 = AXIS2_PLACEMENT_3D('',#3160,#3161,#3162);
#3160 = CARTESIAN_POINT('',(-38.701,-9.2,-51.03973374791));
#3161 = DIRECTION('',(0.,-1.,0.));
#3162 = DIRECTION('',(-0.707106781187,0.,0.707106781187));
#3163 = ADVANCED_FACE('',(#3164),#3198,.F.);
#3164 = FACE_BOUND('',#3165,.T.);
#3165 = EDGE_LOOP('',(#3166,#3167,#3175,#3183,#3191,#3197));
#3166 = ORIENTED_EDGE('',*,*,#3151,.F.);
#3167 = ORIENTED_EDGE('',*,*,#3168,.F.);
#3168 = EDGE_CURVE('',#3169,#3143,#3171,.T.);
#3169 = VERTEX_POINT('',#3170);
#3170 = CARTESIAN_POINT('',(-39.701,-4.209,-56.3));
#3171 = LINE('',#3172,#3173);
#3172 = CARTESIAN_POINT('',(-39.701,-4.209,-54.24830029585));
#3173 = VECTOR('',#3174,1.);
#3174 = DIRECTION('',(0.,2.22044604925E-16,1.));
#3175 = ORIENTED_EDGE('',*,*,#3176,.F.);
#3176 = EDGE_CURVE('',#3177,#3169,#3179,.T.);
#3177 = VERTEX_POINT('',#3178);
#3178 = CARTESIAN_POINT('',(-39.701,-16.74,-56.3));
#3179 = LINE('',#3180,#3181);
#3180 = CARTESIAN_POINT('',(-39.701,-4.25,-56.3));
#3181 = VECTOR('',#3182,1.);
#3182 = DIRECTION('',(0.,1.,0.));
#3183 = ORIENTED_EDGE('',*,*,#3184,.F.);
#3184 = EDGE_CURVE('',#3185,#3177,#3187,.T.);
#3185 = VERTEX_POINT('',#3186);
#3186 = CARTESIAN_POINT('',(-39.701,-16.74,-44.50000056624));
#3187 = LINE('',#3188,#3189);
#3188 = CARTESIAN_POINT('',(-39.701,-16.74,-30.78836685887));
#3189 = VECTOR('',#3190,1.);
#3190 = DIRECTION('',(0.,0.,-1.));
#3191 = ORIENTED_EDGE('',*,*,#3192,.F.);
#3192 = EDGE_CURVE('',#787,#3185,#3193,.T.);
#3193 = LINE('',#3194,#3195);
#3194 = CARTESIAN_POINT('',(-39.701,-10.9,-44.50000056624));
#3195 = VECTOR('',#3196,1.);
#3196 = DIRECTION('',(0.,-1.,0.));
#3197 = ORIENTED_EDGE('',*,*,#786,.F.);
#3198 = PLANE('',#3199);
#3199 = AXIS2_PLACEMENT_3D('',#3200,#3201,#3202);
#3200 = CARTESIAN_POINT('',(-39.701,-8.5,-53.32673371775));
#3201 = DIRECTION('',(1.,0.,0.));
#3202 = DIRECTION('',(0.,0.,-1.));
#3203 = ADVANCED_FACE('',(#3204),#3223,.F.);
#3204 = FACE_BOUND('',#3205,.F.);
#3205 = EDGE_LOOP('',(#3206,#3207,#3208,#3216));
#3206 = ORIENTED_EDGE('',*,*,#3192,.F.);
#3207 = ORIENTED_EDGE('',*,*,#794,.F.);
#3208 = ORIENTED_EDGE('',*,*,#3209,.F.);
#3209 = EDGE_CURVE('',#3210,#795,#3212,.T.);
#3210 = VERTEX_POINT('',#3211);
#3211 = CARTESIAN_POINT('',(-42.701,-16.74,-41.50000056624));
#3212 = LINE('',#3213,#3214);
#3213 = CARTESIAN_POINT('',(-42.701,-10.9,-41.50000056624));
#3214 = VECTOR('',#3215,1.);
#3215 = DIRECTION('',(0.,1.,0.));
#3216 = ORIENTED_EDGE('',*,*,#3217,.T.);
#3217 = EDGE_CURVE('',#3210,#3185,#3218,.T.);
#3218 = CIRCLE('',#3219,3.);
#3219 = AXIS2_PLACEMENT_3D('',#3220,#3221,#3222);
#3220 = CARTESIAN_POINT('',(-42.701,-16.74,-44.50000056624));
#3221 = DIRECTION('',(-0.,1.,0.));
#3222 = DIRECTION('',(0.707106781187,0.,0.707106781187));
#3223 = CYLINDRICAL_SURFACE('',#3224,3.);
#3224 = AXIS2_PLACEMENT_3D('',#3225,#3226,#3227);
#3225 = CARTESIAN_POINT('',(-42.701,-10.9,-44.50000056624));
#3226 = DIRECTION('',(0.,-1.,0.));
#3227 = DIRECTION('',(0.707106781187,0.,0.707106781187));
#3228 = ADVANCED_FACE('',(#3229),#3247,.F.);
#3229 = FACE_BOUND('',#3230,.T.);
#3230 = EDGE_LOOP('',(#3231,#3232,#3240,#3246));
#3231 = ORIENTED_EDGE('',*,*,#3209,.F.);
#3232 = ORIENTED_EDGE('',*,*,#3233,.F.);
#3233 = EDGE_CURVE('',#3234,#3210,#3236,.T.);
#3234 = VERTEX_POINT('',#3235);
#3235 = CARTESIAN_POINT('',(-98.2,-16.74,-41.50000056624));
#3236 = LINE('',#3237,#3238);
#3237 = CARTESIAN_POINT('',(-30.1000000041,-16.74,-41.50000056624));
#3238 = VECTOR('',#3239,1.);
#3239 = DIRECTION('',(1.,0.,1.751623080406E-46));
#3240 = ORIENTED_EDGE('',*,*,#3241,.F.);
#3241 = EDGE_CURVE('',#804,#3234,#3242,.T.);
#3242 = LINE('',#3243,#3244);
#3243 = CARTESIAN_POINT('',(-98.2,-6.65,-41.50000056624));
#3244 = VECTOR('',#3245,1.);
#3245 = DIRECTION('',(0.,-1.,0.));
#3246 = ORIENTED_EDGE('',*,*,#803,.F.);
#3247 = PLANE('',#3248);
#3248 = AXIS2_PLACEMENT_3D('',#3249,#3250,#3251);
#3249 = CARTESIAN_POINT('',(-59.7000000082,-13.3,-41.50000056624));
#3250 = DIRECTION('',(-1.751623080406E-46,0.,1.));
#3251 = DIRECTION('',(1.,0.,1.751623080406E-46));
#3252 = ADVANCED_FACE('',(#3253),#3272,.F.);
#3253 = FACE_BOUND('',#3254,.F.);
#3254 = EDGE_LOOP('',(#3255,#3256,#3257,#3265));
#3255 = ORIENTED_EDGE('',*,*,#3241,.F.);
#3256 = ORIENTED_EDGE('',*,*,#811,.F.);
#3257 = ORIENTED_EDGE('',*,*,#3258,.F.);
#3258 = EDGE_CURVE('',#3259,#812,#3261,.T.);
#3259 = VERTEX_POINT('',#3260);
#3260 = CARTESIAN_POINT('',(-101.2,-16.74,-44.50000056624));
#3261 = LINE('',#3262,#3263);
#3262 = CARTESIAN_POINT('',(-101.2,-6.65,-44.50000056624));
#3263 = VECTOR('',#3264,1.);
#3264 = DIRECTION('',(0.,1.,0.));
#3265 = ORIENTED_EDGE('',*,*,#3266,.T.);
#3266 = EDGE_CURVE('',#3259,#3234,#3267,.T.);
#3267 = CIRCLE('',#3268,3.);
#3268 = AXIS2_PLACEMENT_3D('',#3269,#3270,#3271);
#3269 = CARTESIAN_POINT('',(-98.2,-16.74,-44.50000056624));
#3270 = DIRECTION('',(0.,1.,-0.));
#3271 = DIRECTION('',(-0.707106781187,0.,0.707106781187));
#3272 = CYLINDRICAL_SURFACE('',#3273,3.);
#3273 = AXIS2_PLACEMENT_3D('',#3274,#3275,#3276);
#3274 = CARTESIAN_POINT('',(-98.2,-6.65,-44.50000056624));
#3275 = DIRECTION('',(0.,1.,0.));
#3276 = DIRECTION('',(-0.707106781187,0.,0.707106781187));
#3277 = ADVANCED_FACE('',(#3278),#3399,.F.);
#3278 = FACE_BOUND('',#3279,.T.);
#3279 = EDGE_LOOP('',(#3280,#3290,#3298,#3306,#3314,#3322,#3330,#3338,
    #3344,#3345,#3353,#3361,#3367,#3368,#3369,#3377,#3385,#3393));
#3280 = ORIENTED_EDGE('',*,*,#3281,.F.);
#3281 = EDGE_CURVE('',#3282,#3284,#3286,.T.);
#3282 = VERTEX_POINT('',#3283);
#3283 = CARTESIAN_POINT('',(-101.2,-0.482842712475,60.217));
#3284 = VERTEX_POINT('',#3285);
#3285 = CARTESIAN_POINT('',(-101.2,-0.482842712475,-50.8));
#3286 = LINE('',#3287,#3288);
#3287 = CARTESIAN_POINT('',(-101.2,-0.482842712475,53.839875));
#3288 = VECTOR('',#3289,1.);
#3289 = DIRECTION('',(0.,2.711643282017E-16,-1.));
#3290 = ORIENTED_EDGE('',*,*,#3291,.F.);
#3291 = EDGE_CURVE('',#3292,#3282,#3294,.T.);
#3292 = VERTEX_POINT('',#3293);
#3293 = CARTESIAN_POINT('',(-101.2,-1.6,60.217));
#3294 = LINE('',#3295,#3296);
#3295 = CARTESIAN_POINT('',(-101.2,-3.6,60.217));
#3296 = VECTOR('',#3297,1.);
#3297 = DIRECTION('',(0.,1.,0.));
#3298 = ORIENTED_EDGE('',*,*,#3299,.T.);
#3299 = EDGE_CURVE('',#3292,#3300,#3302,.T.);
#3300 = VERTEX_POINT('',#3301);
#3301 = CARTESIAN_POINT('',(-101.2,-1.6,57.217));
#3302 = LINE('',#3303,#3304);
#3303 = CARTESIAN_POINT('',(-101.2,-1.6,67.092));
#3304 = VECTOR('',#3305,1.);
#3305 = DIRECTION('',(0.,0.,-1.));
#3306 = ORIENTED_EDGE('',*,*,#3307,.F.);
#3307 = EDGE_CURVE('',#3308,#3300,#3310,.T.);
#3308 = VERTEX_POINT('',#3309);
#3309 = CARTESIAN_POINT('',(-101.2,-16.74,57.217));
#3310 = LINE('',#3311,#3312);
#3311 = CARTESIAN_POINT('',(-101.2,-0.5,57.217));
#3312 = VECTOR('',#3313,1.);
#3313 = DIRECTION('',(0.,1.,0.));
#3314 = ORIENTED_EDGE('',*,*,#3315,.T.);
#3315 = EDGE_CURVE('',#3308,#3316,#3318,.T.);
#3316 = VERTEX_POINT('',#3317);
#3317 = CARTESIAN_POINT('',(-101.2,-16.74,49.904515973725));
#3318 = LINE('',#3319,#3320);
#3319 = CARTESIAN_POINT('',(-101.2,-16.74,37.46275));
#3320 = VECTOR('',#3321,1.);
#3321 = DIRECTION('',(0.,0.,-1.));
#3322 = ORIENTED_EDGE('',*,*,#3323,.F.);
#3323 = EDGE_CURVE('',#3324,#3316,#3326,.T.);
#3324 = VERTEX_POINT('',#3325);
#3325 = CARTESIAN_POINT('',(-101.2,-11.9,49.904515973725));
#3326 = LINE('',#3327,#3328);
#3327 = CARTESIAN_POINT('',(-101.2,-5.2,49.904515973725));
#3328 = VECTOR('',#3329,1.);
#3329 = DIRECTION('',(0.,-1.,0.));
#3330 = ORIENTED_EDGE('',*,*,#3331,.F.);
#3331 = EDGE_CURVE('',#3332,#3324,#3334,.T.);
#3332 = VERTEX_POINT('',#3333);
#3333 = CARTESIAN_POINT('',(-101.2,-11.9,42.904515973725));
#3334 = LINE('',#3335,#3336);
#3335 = CARTESIAN_POINT('',(-101.2,-11.9,-40.35346743551));
#3336 = VECTOR('',#3337,1.);
#3337 = DIRECTION('',(0.,-2.277481735284E-32,1.));
#3338 = ORIENTED_EDGE('',*,*,#3339,.F.);
#3339 = EDGE_CURVE('',#873,#3332,#3340,.T.);
#3340 = LINE('',#3341,#3342);
#3341 = CARTESIAN_POINT('',(-101.2,-5.95,42.904515973725));
#3342 = VECTOR('',#3343,1.);
#3343 = DIRECTION('',(0.,-1.,0.));
#3344 = ORIENTED_EDGE('',*,*,#872,.T.);
#3345 = ORIENTED_EDGE('',*,*,#3346,.F.);
#3346 = EDGE_CURVE('',#3347,#864,#3349,.T.);
#3347 = VERTEX_POINT('',#3348);
#3348 = CARTESIAN_POINT('',(-101.2,-1.6,27.598076211353));
#3349 = LINE('',#3350,#3351);
#3350 = CARTESIAN_POINT('',(-101.2,-16.74,27.598076211353));
#3351 = VECTOR('',#3352,1.);
#3352 = DIRECTION('',(0.,-1.,0.));
#3353 = ORIENTED_EDGE('',*,*,#3354,.T.);
#3354 = EDGE_CURVE('',#3347,#3355,#3357,.T.);
#3355 = VERTEX_POINT('',#3356);
#3356 = CARTESIAN_POINT('',(-101.2,-1.6,-27.59807621135));
#3357 = LINE('',#3358,#3359);
#3358 = CARTESIAN_POINT('',(-101.2,-1.6,35.1085));
#3359 = VECTOR('',#3360,1.);
#3360 = DIRECTION('',(0.,0.,-1.));
#3361 = ORIENTED_EDGE('',*,*,#3362,.F.);
#3362 = EDGE_CURVE('',#821,#3355,#3363,.T.);
#3363 = LINE('',#3364,#3365);
#3364 = CARTESIAN_POINT('',(-101.2,-16.74,-27.59807621135));
#3365 = VECTOR('',#3366,1.);
#3366 = DIRECTION('',(0.,1.,0.));
#3367 = ORIENTED_EDGE('',*,*,#820,.F.);
#3368 = ORIENTED_EDGE('',*,*,#3258,.F.);
#3369 = ORIENTED_EDGE('',*,*,#3370,.T.);
#3370 = EDGE_CURVE('',#3259,#3371,#3373,.T.);
#3371 = VERTEX_POINT('',#3372);
#3372 = CARTESIAN_POINT('',(-101.2,-16.74,-47.8));
#3373 = LINE('',#3374,#3375);
#3374 = CARTESIAN_POINT('',(-101.2,-16.74,37.46275));
#3375 = VECTOR('',#3376,1.);
#3376 = DIRECTION('',(0.,0.,-1.));
#3377 = ORIENTED_EDGE('',*,*,#3378,.F.);
#3378 = EDGE_CURVE('',#3379,#3371,#3381,.T.);
#3379 = VERTEX_POINT('',#3380);
#3380 = CARTESIAN_POINT('',(-101.2,-1.6,-47.8));
#3381 = LINE('',#3382,#3383);
#3382 = CARTESIAN_POINT('',(-101.2,-0.5,-47.8));
#3383 = VECTOR('',#3384,1.);
#3384 = DIRECTION('',(0.,-1.,0.));
#3385 = ORIENTED_EDGE('',*,*,#3386,.T.);
#3386 = EDGE_CURVE('',#3379,#3387,#3389,.T.);
#3387 = VERTEX_POINT('',#3388);
#3388 = CARTESIAN_POINT('',(-101.2,-1.6,-50.8));
#3389 = LINE('',#3390,#3391);
#3390 = CARTESIAN_POINT('',(-101.2,-1.6,67.092));
#3391 = VECTOR('',#3392,1.);
#3392 = DIRECTION('',(0.,0.,-1.));
#3393 = ORIENTED_EDGE('',*,*,#3394,.F.);
#3394 = EDGE_CURVE('',#3284,#3387,#3395,.T.);
#3395 = LINE('',#3396,#3397);
#3396 = CARTESIAN_POINT('',(-101.2,-11.,-50.8));
#3397 = VECTOR('',#3398,1.);
#3398 = DIRECTION('',(0.,-1.,0.));
#3399 = PLANE('',#3400);
#3400 = AXIS2_PLACEMENT_3D('',#3401,#3402,#3403);
#3401 = CARTESIAN_POINT('',(-101.2,0.,70.217));
#3402 = DIRECTION('',(-1.,0.,0.));
#3403 = DIRECTION('',(0.,0.,1.));
#3404 = ADVANCED_FACE('',(#3405),#3424,.F.);
#3405 = FACE_BOUND('',#3406,.F.);
#3406 = EDGE_LOOP('',(#3407,#3416,#3417,#3418));
#3407 = ORIENTED_EDGE('',*,*,#3408,.F.);
#3408 = EDGE_CURVE('',#3355,#3409,#3411,.T.);
#3409 = VERTEX_POINT('',#3410);
#3410 = CARTESIAN_POINT('',(-100.45,-1.6,-25.61376272805));
#3411 = CIRCLE('',#3412,3.);
#3412 = AXIS2_PLACEMENT_3D('',#3413,#3414,#3415);
#3413 = CARTESIAN_POINT('',(-98.2,-1.6,-27.59807621135));
#3414 = DIRECTION('',(0.,1.,-0.));
#3415 = DIRECTION('',(-0.5,0.,0.866025403784));
#3416 = ORIENTED_EDGE('',*,*,#3362,.F.);
#3417 = ORIENTED_EDGE('',*,*,#828,.T.);
#3418 = ORIENTED_EDGE('',*,*,#3419,.T.);
#3419 = EDGE_CURVE('',#829,#3409,#3420,.T.);
#3420 = LINE('',#3421,#3422);
#3421 = CARTESIAN_POINT('',(-100.45,-16.74,-25.61376272805));
#3422 = VECTOR('',#3423,1.);
#3423 = DIRECTION('',(0.,1.,0.));
#3424 = CYLINDRICAL_SURFACE('',#3425,3.);
#3425 = AXIS2_PLACEMENT_3D('',#3426,#3427,#3428);
#3426 = CARTESIAN_POINT('',(-98.2,-16.74,-27.59807621135));
#3427 = DIRECTION('',(0.,-1.,0.));
#3428 = DIRECTION('',(-0.5,0.,0.866025403784));
#3429 = ADVANCED_FACE('',(#3430),#3449,.T.);
#3430 = FACE_BOUND('',#3431,.T.);
#3431 = EDGE_LOOP('',(#3432,#3441,#3447,#3448));
#3432 = ORIENTED_EDGE('',*,*,#3433,.T.);
#3433 = EDGE_CURVE('',#3409,#3434,#3436,.T.);
#3434 = VERTEX_POINT('',#3435);
#3435 = CARTESIAN_POINT('',(-99.7,-1.6,-23.62944924475));
#3436 = CIRCLE('',#3437,3.);
#3437 = AXIS2_PLACEMENT_3D('',#3438,#3439,#3440);
#3438 = CARTESIAN_POINT('',(-102.7,-1.6,-23.62944924475));
#3439 = DIRECTION('',(0.,-1.,0.));
#3440 = DIRECTION('',(0.935414346693,0.,-0.353553390593));
#3441 = ORIENTED_EDGE('',*,*,#3442,.T.);
#3442 = EDGE_CURVE('',#3434,#838,#3443,.T.);
#3443 = LINE('',#3444,#3445);
#3444 = CARTESIAN_POINT('',(-99.7,-16.74,-23.62944924475));
#3445 = VECTOR('',#3446,1.);
#3446 = DIRECTION('',(0.,-1.,0.));
#3447 = ORIENTED_EDGE('',*,*,#837,.F.);
#3448 = ORIENTED_EDGE('',*,*,#3419,.T.);
#3449 = CYLINDRICAL_SURFACE('',#3450,3.);
#3450 = AXIS2_PLACEMENT_3D('',#3451,#3452,#3453);
#3451 = CARTESIAN_POINT('',(-102.7,-16.74,-23.62944924475));
#3452 = DIRECTION('',(0.,1.,0.));
#3453 = DIRECTION('',(0.935414346693,0.,-0.353553390593));
#3454 = ADVANCED_FACE('',(#3455),#3473,.T.);
#3455 = FACE_BOUND('',#3456,.T.);
#3456 = EDGE_LOOP('',(#3457,#3458,#3466,#3472));
#3457 = ORIENTED_EDGE('',*,*,#3442,.F.);
#3458 = ORIENTED_EDGE('',*,*,#3459,.F.);
#3459 = EDGE_CURVE('',#3460,#3434,#3462,.T.);
#3460 = VERTEX_POINT('',#3461);
#3461 = CARTESIAN_POINT('',(-99.7,-1.6,23.629449244757));
#3462 = LINE('',#3463,#3464);
#3463 = CARTESIAN_POINT('',(-99.7,-1.6,25.));
#3464 = VECTOR('',#3465,1.);
#3465 = DIRECTION('',(3.552713678801E-16,0.,-1.));
#3466 = ORIENTED_EDGE('',*,*,#3467,.F.);
#3467 = EDGE_CURVE('',#847,#3460,#3468,.T.);
#3468 = LINE('',#3469,#3470);
#3469 = CARTESIAN_POINT('',(-99.7,-16.74,23.629449244757));
#3470 = VECTOR('',#3471,1.);
#3471 = DIRECTION('',(0.,1.,0.));
#3472 = ORIENTED_EDGE('',*,*,#846,.F.);
#3473 = PLANE('',#3474);
#3474 = AXIS2_PLACEMENT_3D('',#3475,#3476,#3477);
#3475 = CARTESIAN_POINT('',(-99.7,-16.74,25.));
#3476 = DIRECTION('',(1.,0.,3.552713678801E-16));
#3477 = DIRECTION('',(3.552713678801E-16,0.,-1.));
#3478 = ADVANCED_FACE('',(#3479),#3498,.T.);
#3479 = FACE_BOUND('',#3480,.T.);
#3480 = EDGE_LOOP('',(#3481,#3490,#3496,#3497));
#3481 = ORIENTED_EDGE('',*,*,#3482,.T.);
#3482 = EDGE_CURVE('',#3460,#3483,#3485,.T.);
#3483 = VERTEX_POINT('',#3484);
#3484 = CARTESIAN_POINT('',(-100.45,-1.6,25.613762728055));
#3485 = CIRCLE('',#3486,3.);
#3486 = AXIS2_PLACEMENT_3D('',#3487,#3488,#3489);
#3487 = CARTESIAN_POINT('',(-102.7,-1.6,23.629449244757));
#3488 = DIRECTION('',(0.,-1.,0.));
#3489 = DIRECTION('',(0.935414346693,0.,0.353553390593));
#3490 = ORIENTED_EDGE('',*,*,#3491,.T.);
#3491 = EDGE_CURVE('',#3483,#855,#3492,.T.);
#3492 = LINE('',#3493,#3494);
#3493 = CARTESIAN_POINT('',(-100.45,-16.74,25.613762728055));
#3494 = VECTOR('',#3495,1.);
#3495 = DIRECTION('',(0.,-1.,0.));
#3496 = ORIENTED_EDGE('',*,*,#854,.F.);
#3497 = ORIENTED_EDGE('',*,*,#3467,.T.);
#3498 = CYLINDRICAL_SURFACE('',#3499,3.);
#3499 = AXIS2_PLACEMENT_3D('',#3500,#3501,#3502);
#3500 = CARTESIAN_POINT('',(-102.7,-16.74,23.629449244757));
#3501 = DIRECTION('',(0.,1.,0.));
#3502 = DIRECTION('',(0.935414346693,0.,0.353553390593));
#3503 = ADVANCED_FACE('',(#3504),#3516,.F.);
#3504 = FACE_BOUND('',#3505,.F.);
#3505 = EDGE_LOOP('',(#3506,#3507,#3508,#3515));
#3506 = ORIENTED_EDGE('',*,*,#863,.T.);
#3507 = ORIENTED_EDGE('',*,*,#3346,.F.);
#3508 = ORIENTED_EDGE('',*,*,#3509,.F.);
#3509 = EDGE_CURVE('',#3483,#3347,#3510,.T.);
#3510 = CIRCLE('',#3511,3.);
#3511 = AXIS2_PLACEMENT_3D('',#3512,#3513,#3514);
#3512 = CARTESIAN_POINT('',(-98.2,-1.6,27.598076211353));
#3513 = DIRECTION('',(0.,1.,0.));
#3514 = DIRECTION('',(-0.5,0.,-0.866025403784));
#3515 = ORIENTED_EDGE('',*,*,#3491,.T.);
#3516 = CYLINDRICAL_SURFACE('',#3517,3.);
#3517 = AXIS2_PLACEMENT_3D('',#3518,#3519,#3520);
#3518 = CARTESIAN_POINT('',(-98.2,-16.74,27.598076211353));
#3519 = DIRECTION('',(0.,1.,0.));
#3520 = DIRECTION('',(-0.5,0.,-0.866025403784));
#3521 = ADVANCED_FACE('',(#3522),#3541,.F.);
#3522 = FACE_BOUND('',#3523,.F.);
#3523 = EDGE_LOOP('',(#3524,#3525,#3526,#3534));
#3524 = ORIENTED_EDGE('',*,*,#3339,.F.);
#3525 = ORIENTED_EDGE('',*,*,#880,.F.);
#3526 = ORIENTED_EDGE('',*,*,#3527,.F.);
#3527 = EDGE_CURVE('',#3528,#881,#3530,.T.);
#3528 = VERTEX_POINT('',#3529);
#3529 = CARTESIAN_POINT('',(-98.2,-11.9,39.904515973725));
#3530 = LINE('',#3531,#3532);
#3531 = CARTESIAN_POINT('',(-98.2,-5.95,39.904515973725));
#3532 = VECTOR('',#3533,1.);
#3533 = DIRECTION('',(0.,1.,0.));
#3534 = ORIENTED_EDGE('',*,*,#3535,.T.);
#3535 = EDGE_CURVE('',#3528,#3332,#3536,.T.);
#3536 = CIRCLE('',#3537,3.);
#3537 = AXIS2_PLACEMENT_3D('',#3538,#3539,#3540);
#3538 = CARTESIAN_POINT('',(-98.2,-11.9,42.904515973725));
#3539 = DIRECTION('',(3.830980170368E-34,1.,-2.105354064876E-37));
#3540 = DIRECTION('',(-0.707106781187,2.707423346922E-34,-0.707106781187
    ));
#3541 = CYLINDRICAL_SURFACE('',#3542,3.);
#3542 = AXIS2_PLACEMENT_3D('',#3543,#3544,#3545);
#3543 = CARTESIAN_POINT('',(-98.2,-5.95,42.904515973725));
#3544 = DIRECTION('',(0.,1.,0.));
#3545 = DIRECTION('',(-0.707106781187,0.,-0.707106781187));
#3546 = ADVANCED_FACE('',(#3547),#3565,.T.);
#3547 = FACE_BOUND('',#3548,.T.);
#3548 = EDGE_LOOP('',(#3549,#3550,#3558,#3564));
#3549 = ORIENTED_EDGE('',*,*,#3527,.F.);
#3550 = ORIENTED_EDGE('',*,*,#3551,.F.);
#3551 = EDGE_CURVE('',#3552,#3528,#3554,.T.);
#3552 = VERTEX_POINT('',#3553);
#3553 = CARTESIAN_POINT('',(-94.7500000149,-11.9,39.904515973725));
#3554 = LINE('',#3555,#3556);
#3555 = CARTESIAN_POINT('',(-87.65,-11.9,39.904515973725));
#3556 = VECTOR('',#3557,1.);
#3557 = DIRECTION('',(-1.,3.830980170368E-34,0.));
#3558 = ORIENTED_EDGE('',*,*,#3559,.F.);
#3559 = EDGE_CURVE('',#890,#3552,#3560,.T.);
#3560 = LINE('',#3561,#3562);
#3561 = CARTESIAN_POINT('',(-94.7500000149,-13.4,39.904515973725));
#3562 = VECTOR('',#3563,1.);
#3563 = DIRECTION('',(0.,-1.,0.));
#3564 = ORIENTED_EDGE('',*,*,#889,.F.);
#3565 = PLANE('',#3566);
#3566 = AXIS2_PLACEMENT_3D('',#3567,#3568,#3569);
#3567 = CARTESIAN_POINT('',(-101.2,-11.9,39.904515973725));
#3568 = DIRECTION('',(0.,0.,1.));
#3569 = DIRECTION('',(1.,0.,0.));
#3570 = ADVANCED_FACE('',(#3571),#3590,.T.);
#3571 = FACE_BOUND('',#3572,.T.);
#3572 = EDGE_LOOP('',(#3573,#3574,#3575,#3584));
#3573 = ORIENTED_EDGE('',*,*,#897,.T.);
#3574 = ORIENTED_EDGE('',*,*,#3559,.T.);
#3575 = ORIENTED_EDGE('',*,*,#3576,.F.);
#3576 = EDGE_CURVE('',#3577,#3552,#3579,.T.);
#3577 = VERTEX_POINT('',#3578);
#3578 = CARTESIAN_POINT('',(-91.7500000149,-11.9,36.904515973725));
#3579 = CIRCLE('',#3580,3.);
#3580 = AXIS2_PLACEMENT_3D('',#3581,#3582,#3583);
#3581 = CARTESIAN_POINT('',(-94.7500000149,-11.9,36.904515973725));
#3582 = DIRECTION('',(-3.830980170368E-34,-1.,2.105354064876E-37));
#3583 = DIRECTION('',(0.707106781187,-2.707423346922E-34,0.707106781187)
  );
#3584 = ORIENTED_EDGE('',*,*,#3585,.T.);
#3585 = EDGE_CURVE('',#3577,#898,#3586,.T.);
#3586 = LINE('',#3587,#3588);
#3587 = CARTESIAN_POINT('',(-91.7500000149,-13.4,36.904515973725));
#3588 = VECTOR('',#3589,1.);
#3589 = DIRECTION('',(0.,1.,0.));
#3590 = CYLINDRICAL_SURFACE('',#3591,3.);
#3591 = AXIS2_PLACEMENT_3D('',#3592,#3593,#3594);
#3592 = CARTESIAN_POINT('',(-94.7500000149,-13.4,36.904515973725));
#3593 = DIRECTION('',(0.,1.,0.));
#3594 = DIRECTION('',(0.707106781187,0.,0.707106781187));
#3595 = ADVANCED_FACE('',(#3596),#3622,.F.);
#3596 = FACE_BOUND('',#3597,.T.);
#3597 = EDGE_LOOP('',(#3598,#3599,#3607,#3615,#3621));
#3598 = ORIENTED_EDGE('',*,*,#3585,.F.);
#3599 = ORIENTED_EDGE('',*,*,#3600,.F.);
#3600 = EDGE_CURVE('',#3601,#3577,#3603,.T.);
#3601 = VERTEX_POINT('',#3602);
#3602 = CARTESIAN_POINT('',(-91.7500000149,-16.74,36.904515973725));
#3603 = LINE('',#3604,#3605);
#3604 = CARTESIAN_POINT('',(-91.7500000149,-14.9,36.904515973725));
#3605 = VECTOR('',#3606,1.);
#3606 = DIRECTION('',(0.,1.,0.));
#3607 = ORIENTED_EDGE('',*,*,#3608,.F.);
#3608 = EDGE_CURVE('',#3609,#3601,#3611,.T.);
#3609 = VERTEX_POINT('',#3610);
#3610 = CARTESIAN_POINT('',(-91.7500000149,-16.74,28.525396034663));
#3611 = LINE('',#3612,#3613);
#3612 = CARTESIAN_POINT('',(-91.7500000149,-16.74,-22.12500000745));
#3613 = VECTOR('',#3614,1.);
#3614 = DIRECTION('',(-1.930822650897E-16,0.,1.));
#3615 = ORIENTED_EDGE('',*,*,#3616,.F.);
#3616 = EDGE_CURVE('',#907,#3609,#3617,.T.);
#3617 = LINE('',#3618,#3619);
#3618 = CARTESIAN_POINT('',(-91.7500000149,-14.9,28.525396034663));
#3619 = VECTOR('',#3620,1.);
#3620 = DIRECTION('',(0.,-1.,0.));
#3621 = ORIENTED_EDGE('',*,*,#906,.T.);
#3622 = PLANE('',#3623);
#3623 = AXIS2_PLACEMENT_3D('',#3624,#3625,#3626);
#3624 = CARTESIAN_POINT('',(-91.7500000149,-14.9,-36.0000000149));
#3625 = DIRECTION('',(-1.,0.,-1.930822650897E-16));
#3626 = DIRECTION('',(-1.930822650897E-16,2.22044604925E-16,1.));
#3627 = ADVANCED_FACE('',(#3628),#3647,.F.);
#3628 = FACE_BOUND('',#3629,.F.);
#3629 = EDGE_LOOP('',(#3630,#3631,#3632,#3640));
#3630 = ORIENTED_EDGE('',*,*,#3616,.F.);
#3631 = ORIENTED_EDGE('',*,*,#914,.F.);
#3632 = ORIENTED_EDGE('',*,*,#3633,.F.);
#3633 = EDGE_CURVE('',#3634,#915,#3636,.T.);
#3634 = VERTEX_POINT('',#3635);
#3635 = CARTESIAN_POINT('',(-88.7500000149,-16.74,25.525396034663));
#3636 = LINE('',#3637,#3638);
#3637 = CARTESIAN_POINT('',(-88.7500000149,-14.9,25.525396034663));
#3638 = VECTOR('',#3639,1.);
#3639 = DIRECTION('',(0.,1.,0.));
#3640 = ORIENTED_EDGE('',*,*,#3641,.F.);
#3641 = EDGE_CURVE('',#3609,#3634,#3642,.T.);
#3642 = CIRCLE('',#3643,3.);
#3643 = AXIS2_PLACEMENT_3D('',#3644,#3645,#3646);
#3644 = CARTESIAN_POINT('',(-88.7500000149,-16.74,28.525396034663));
#3645 = DIRECTION('',(0.,-1.,0.));
#3646 = DIRECTION('',(-0.707106781187,-0.,-0.707106781187));
#3647 = CYLINDRICAL_SURFACE('',#3648,3.);
#3648 = AXIS2_PLACEMENT_3D('',#3649,#3650,#3651);
#3649 = CARTESIAN_POINT('',(-88.7500000149,-14.9,28.525396034663));
#3650 = DIRECTION('',(0.,1.,0.));
#3651 = DIRECTION('',(-0.707106781187,0.,-0.707106781187));
#3652 = ADVANCED_FACE('',(#3653),#3671,.F.);
#3653 = FACE_BOUND('',#3654,.T.);
#3654 = EDGE_LOOP('',(#3655,#3663,#3664,#3665));
#3655 = ORIENTED_EDGE('',*,*,#3656,.F.);
#3656 = EDGE_CURVE('',#924,#3657,#3659,.T.);
#3657 = VERTEX_POINT('',#3658);
#3658 = CARTESIAN_POINT('',(88.750000014901,-16.74,25.525396034663));
#3659 = LINE('',#3660,#3661);
#3660 = CARTESIAN_POINT('',(88.750000014901,-14.9,25.525396034663));
#3661 = VECTOR('',#3662,1.);
#3662 = DIRECTION('',(0.,-1.,0.));
#3663 = ORIENTED_EDGE('',*,*,#923,.F.);
#3664 = ORIENTED_EDGE('',*,*,#3633,.F.);
#3665 = ORIENTED_EDGE('',*,*,#3666,.F.);
#3666 = EDGE_CURVE('',#3657,#3634,#3667,.T.);
#3667 = LINE('',#3668,#3669);
#3668 = CARTESIAN_POINT('',(13.084399400867,-16.74,25.525396034663));
#3669 = VECTOR('',#3670,1.);
#3670 = DIRECTION('',(-1.,0.,0.));
#3671 = PLANE('',#3672);
#3672 = AXIS2_PLACEMENT_3D('',#3673,#3674,#3675);
#3673 = CARTESIAN_POINT('',(26.668798801734,-14.9,25.525396034663));
#3674 = DIRECTION('',(0.,0.,-1.));
#3675 = DIRECTION('',(-1.,0.,0.));
#3676 = ADVANCED_FACE('',(#3677),#3696,.F.);
#3677 = FACE_BOUND('',#3678,.F.);
#3678 = EDGE_LOOP('',(#3679,#3680,#3681,#3689));
#3679 = ORIENTED_EDGE('',*,*,#3656,.F.);
#3680 = ORIENTED_EDGE('',*,*,#931,.F.);
#3681 = ORIENTED_EDGE('',*,*,#3682,.F.);
#3682 = EDGE_CURVE('',#3683,#932,#3685,.T.);
#3683 = VERTEX_POINT('',#3684);
#3684 = CARTESIAN_POINT('',(91.750000014901,-16.74,28.525396034663));
#3685 = LINE('',#3686,#3687);
#3686 = CARTESIAN_POINT('',(91.750000014901,-14.9,28.525396034663));
#3687 = VECTOR('',#3688,1.);
#3688 = DIRECTION('',(0.,1.,0.));
#3689 = ORIENTED_EDGE('',*,*,#3690,.T.);
#3690 = EDGE_CURVE('',#3683,#3657,#3691,.T.);
#3691 = CIRCLE('',#3692,3.);
#3692 = AXIS2_PLACEMENT_3D('',#3693,#3694,#3695);
#3693 = CARTESIAN_POINT('',(88.750000014901,-16.74,28.525396034663));
#3694 = DIRECTION('',(0.,1.,0.));
#3695 = DIRECTION('',(0.707106781187,0.,-0.707106781187));
#3696 = CYLINDRICAL_SURFACE('',#3697,3.);
#3697 = AXIS2_PLACEMENT_3D('',#3698,#3699,#3700);
#3698 = CARTESIAN_POINT('',(88.750000014901,-14.9,28.525396034663));
#3699 = DIRECTION('',(0.,-1.,0.));
#3700 = DIRECTION('',(0.707106781187,0.,-0.707106781187));
#3701 = ADVANCED_FACE('',(#3702),#3720,.F.);
#3702 = FACE_BOUND('',#3703,.T.);
#3703 = EDGE_LOOP('',(#3704,#3712,#3713,#3714));
#3704 = ORIENTED_EDGE('',*,*,#3705,.F.);
#3705 = EDGE_CURVE('',#941,#3706,#3708,.T.);
#3706 = VERTEX_POINT('',#3707);
#3707 = CARTESIAN_POINT('',(91.750000014901,-16.74,36.904515973725));
#3708 = LINE('',#3709,#3710);
#3709 = CARTESIAN_POINT('',(91.750000014901,-14.9,36.904515973725));
#3710 = VECTOR('',#3711,1.);
#3711 = DIRECTION('',(0.,-1.,0.));
#3712 = ORIENTED_EDGE('',*,*,#940,.F.);
#3713 = ORIENTED_EDGE('',*,*,#3682,.F.);
#3714 = ORIENTED_EDGE('',*,*,#3715,.F.);
#3715 = EDGE_CURVE('',#3706,#3683,#3716,.T.);
#3716 = LINE('',#3717,#3718);
#3717 = CARTESIAN_POINT('',(91.750000014901,-16.74,23.87500000745));
#3718 = VECTOR('',#3719,1.);
#3719 = DIRECTION('',(-1.930822650897E-16,0.,-1.));
#3720 = PLANE('',#3721);
#3721 = AXIS2_PLACEMENT_3D('',#3722,#3723,#3724);
#3722 = CARTESIAN_POINT('',(91.750000014901,-14.9,56.000000014901));
#3723 = DIRECTION('',(1.,0.,-1.930822650897E-16));
#3724 = DIRECTION('',(-1.930822650897E-16,-2.22044604925E-16,-1.));
#3725 = ADVANCED_FACE('',(#3726),#3745,.F.);
#3726 = FACE_BOUND('',#3727,.F.);
#3727 = EDGE_LOOP('',(#3728,#3729,#3730,#3738));
#3728 = ORIENTED_EDGE('',*,*,#3705,.F.);
#3729 = ORIENTED_EDGE('',*,*,#948,.F.);
#3730 = ORIENTED_EDGE('',*,*,#3731,.F.);
#3731 = EDGE_CURVE('',#3732,#949,#3734,.T.);
#3732 = VERTEX_POINT('',#3733);
#3733 = CARTESIAN_POINT('',(88.750000014901,-16.74,39.904515973725));
#3734 = LINE('',#3735,#3736);
#3735 = CARTESIAN_POINT('',(88.750000014901,-14.9,39.904515973725));
#3736 = VECTOR('',#3737,1.);
#3737 = DIRECTION('',(0.,1.,0.));
#3738 = ORIENTED_EDGE('',*,*,#3739,.T.);
#3739 = EDGE_CURVE('',#3732,#3706,#3740,.T.);
#3740 = CIRCLE('',#3741,3.);
#3741 = AXIS2_PLACEMENT_3D('',#3742,#3743,#3744);
#3742 = CARTESIAN_POINT('',(88.750000014901,-16.74,36.904515973725));
#3743 = DIRECTION('',(-0.,1.,0.));
#3744 = DIRECTION('',(0.707106781187,0.,0.707106781187));
#3745 = CYLINDRICAL_SURFACE('',#3746,3.);
#3746 = AXIS2_PLACEMENT_3D('',#3747,#3748,#3749);
#3747 = CARTESIAN_POINT('',(88.750000014901,-14.9,36.904515973725));
#3748 = DIRECTION('',(0.,1.,0.));
#3749 = DIRECTION('',(0.707106781187,0.,0.707106781187));
#3750 = ADVANCED_FACE('',(#3751),#3769,.T.);
#3751 = FACE_BOUND('',#3752,.T.);
#3752 = EDGE_LOOP('',(#3753,#3754,#3762,#3768));
#3753 = ORIENTED_EDGE('',*,*,#3731,.F.);
#3754 = ORIENTED_EDGE('',*,*,#3755,.T.);
#3755 = EDGE_CURVE('',#3732,#3756,#3758,.T.);
#3756 = VERTEX_POINT('',#3757);
#3757 = CARTESIAN_POINT('',(51.,-16.74,39.904515973725));
#3758 = LINE('',#3759,#3760);
#3759 = CARTESIAN_POINT('',(45.687535145168,-16.74,39.904515973725));
#3760 = VECTOR('',#3761,1.);
#3761 = DIRECTION('',(-1.,0.,0.));
#3762 = ORIENTED_EDGE('',*,*,#3763,.F.);
#3763 = EDGE_CURVE('',#958,#3756,#3764,.T.);
#3764 = LINE('',#3765,#3766);
#3765 = CARTESIAN_POINT('',(51.,-13.375,39.904515973725));
#3766 = VECTOR('',#3767,1.);
#3767 = DIRECTION('',(0.,-1.,0.));
#3768 = ORIENTED_EDGE('',*,*,#957,.T.);
#3769 = PLANE('',#3770);
#3770 = AXIS2_PLACEMENT_3D('',#3771,#3772,#3773);
#3771 = CARTESIAN_POINT('',(91.875070290337,-14.9,39.904515973725));
#3772 = DIRECTION('',(0.,0.,-1.));
#3773 = DIRECTION('',(-1.,0.,0.));
#3774 = ADVANCED_FACE('',(#3775),#3794,.T.);
#3775 = FACE_BOUND('',#3776,.T.);
#3776 = EDGE_LOOP('',(#3777,#3778,#3779,#3788));
#3777 = ORIENTED_EDGE('',*,*,#965,.T.);
#3778 = ORIENTED_EDGE('',*,*,#3763,.T.);
#3779 = ORIENTED_EDGE('',*,*,#3780,.F.);
#3780 = EDGE_CURVE('',#3781,#3756,#3783,.T.);
#3781 = VERTEX_POINT('',#3782);
#3782 = CARTESIAN_POINT('',(48.,-16.74,42.904515973725));
#3783 = CIRCLE('',#3784,3.);
#3784 = AXIS2_PLACEMENT_3D('',#3785,#3786,#3787);
#3785 = CARTESIAN_POINT('',(51.,-16.74,42.904515973725));
#3786 = DIRECTION('',(0.,-1.,0.));
#3787 = DIRECTION('',(-0.707106781187,-0.,-0.707106781187));
#3788 = ORIENTED_EDGE('',*,*,#3789,.T.);
#3789 = EDGE_CURVE('',#3781,#966,#3790,.T.);
#3790 = LINE('',#3791,#3792);
#3791 = CARTESIAN_POINT('',(48.,-13.375,42.904515973725));
#3792 = VECTOR('',#3793,1.);
#3793 = DIRECTION('',(0.,1.,0.));
#3794 = CYLINDRICAL_SURFACE('',#3795,3.);
#3795 = AXIS2_PLACEMENT_3D('',#3796,#3797,#3798);
#3796 = CARTESIAN_POINT('',(51.,-13.375,42.904515973725));
#3797 = DIRECTION('',(0.,1.,0.));
#3798 = DIRECTION('',(-0.707106781187,0.,-0.707106781187));
#3799 = ADVANCED_FACE('',(#3800),#3818,.T.);
#3800 = FACE_BOUND('',#3801,.T.);
#3801 = EDGE_LOOP('',(#3802,#3803,#3811,#3817));
#3802 = ORIENTED_EDGE('',*,*,#3789,.F.);
#3803 = ORIENTED_EDGE('',*,*,#3804,.T.);
#3804 = EDGE_CURVE('',#3781,#3805,#3807,.T.);
#3805 = VERTEX_POINT('',#3806);
#3806 = CARTESIAN_POINT('',(48.,-16.74,57.216515973725));
#3807 = LINE('',#3808,#3809);
#3808 = CARTESIAN_POINT('',(48.,-16.74,20.327257986862));
#3809 = VECTOR('',#3810,1.);
#3810 = DIRECTION('',(0.,0.,1.));
#3811 = ORIENTED_EDGE('',*,*,#3812,.F.);
#3812 = EDGE_CURVE('',#975,#3805,#3813,.T.);
#3813 = LINE('',#3814,#3815);
#3814 = CARTESIAN_POINT('',(48.,-10.875,57.216515973725));
#3815 = VECTOR('',#3816,1.);
#3816 = DIRECTION('',(0.,-1.,0.));
#3817 = ORIENTED_EDGE('',*,*,#974,.F.);
#3818 = PLANE('',#3819);
#3819 = AXIS2_PLACEMENT_3D('',#3820,#3821,#3822);
#3820 = CARTESIAN_POINT('',(48.,-11.85,48.904515973725));
#3821 = DIRECTION('',(-1.,0.,0.));
#3822 = DIRECTION('',(0.,0.,1.));
#3823 = ADVANCED_FACE('',(#3824),#3843,.F.);
#3824 = FACE_BOUND('',#3825,.F.);
#3825 = EDGE_LOOP('',(#3826,#3827,#3828,#3836));
#3826 = ORIENTED_EDGE('',*,*,#3812,.F.);
#3827 = ORIENTED_EDGE('',*,*,#982,.F.);
#3828 = ORIENTED_EDGE('',*,*,#3829,.F.);
#3829 = EDGE_CURVE('',#3830,#983,#3832,.T.);
#3830 = VERTEX_POINT('',#3831);
#3831 = CARTESIAN_POINT('',(45.,-16.74,60.216515973725));
#3832 = LINE('',#3833,#3834);
#3833 = CARTESIAN_POINT('',(45.,-10.875,60.216515973725));
#3834 = VECTOR('',#3835,1.);
#3835 = DIRECTION('',(0.,1.,0.));
#3836 = ORIENTED_EDGE('',*,*,#3837,.T.);
#3837 = EDGE_CURVE('',#3830,#3805,#3838,.T.);
#3838 = CIRCLE('',#3839,3.);
#3839 = AXIS2_PLACEMENT_3D('',#3840,#3841,#3842);
#3840 = CARTESIAN_POINT('',(45.,-16.74,57.216515973725));
#3841 = DIRECTION('',(-0.,1.,0.));
#3842 = DIRECTION('',(0.707106781187,0.,0.707106781187));
#3843 = CYLINDRICAL_SURFACE('',#3844,3.);
#3844 = AXIS2_PLACEMENT_3D('',#3845,#3846,#3847);
#3845 = CARTESIAN_POINT('',(45.,-10.875,57.216515973725));
#3846 = DIRECTION('',(0.,1.,0.));
#3847 = DIRECTION('',(0.707106781187,0.,0.707106781187));
#3848 = ADVANCED_FACE('',(#3849),#3867,.F.);
#3849 = FACE_BOUND('',#3850,.T.);
#3850 = EDGE_LOOP('',(#3851,#3852,#3860,#3866));
#3851 = ORIENTED_EDGE('',*,*,#3829,.F.);
#3852 = ORIENTED_EDGE('',*,*,#3853,.F.);
#3853 = EDGE_CURVE('',#3854,#3830,#3856,.T.);
#3854 = VERTEX_POINT('',#3855);
#3855 = CARTESIAN_POINT('',(42.536999985099,-16.74,60.216515973725));
#3856 = LINE('',#3857,#3858);
#3857 = CARTESIAN_POINT('',(24.75,-16.74,60.216515973725));
#3858 = VECTOR('',#3859,1.);
#3859 = DIRECTION('',(1.,0.,0.));
#3860 = ORIENTED_EDGE('',*,*,#3861,.F.);
#3861 = EDGE_CURVE('',#992,#3854,#3862,.T.);
#3862 = LINE('',#3863,#3864);
#3863 = CARTESIAN_POINT('',(42.536999985099,-12.15,60.216515973725));
#3864 = VECTOR('',#3865,1.);
#3865 = DIRECTION('',(0.,-1.,0.));
#3866 = ORIENTED_EDGE('',*,*,#991,.F.);
#3867 = PLANE('',#3868);
#3868 = AXIS2_PLACEMENT_3D('',#3869,#3870,#3871);
#3869 = CARTESIAN_POINT('',(50.,-9.9,60.216515973725));
#3870 = DIRECTION('',(0.,0.,1.));
#3871 = DIRECTION('',(1.,0.,0.));
#3872 = ADVANCED_FACE('',(#3873),#3892,.T.);
#3873 = FACE_BOUND('',#3874,.T.);
#3874 = EDGE_LOOP('',(#3875,#3876,#3877,#3886));
#3875 = ORIENTED_EDGE('',*,*,#999,.T.);
#3876 = ORIENTED_EDGE('',*,*,#3861,.T.);
#3877 = ORIENTED_EDGE('',*,*,#3878,.F.);
#3878 = EDGE_CURVE('',#3879,#3854,#3881,.T.);
#3879 = VERTEX_POINT('',#3880);
#3880 = CARTESIAN_POINT('',(39.536999985099,-16.74,63.216515973725));
#3881 = CIRCLE('',#3882,3.);
#3882 = AXIS2_PLACEMENT_3D('',#3883,#3884,#3885);
#3883 = CARTESIAN_POINT('',(42.536999985099,-16.74,63.216515973725));
#3884 = DIRECTION('',(0.,-1.,0.));
#3885 = DIRECTION('',(-0.707106781187,-0.,-0.707106781187));
#3886 = ORIENTED_EDGE('',*,*,#3887,.T.);
#3887 = EDGE_CURVE('',#3879,#1000,#3888,.T.);
#3888 = LINE('',#3889,#3890);
#3889 = CARTESIAN_POINT('',(39.536999985099,-12.15,63.216515973725));
#3890 = VECTOR('',#3891,1.);
#3891 = DIRECTION('',(0.,1.,0.));
#3892 = CYLINDRICAL_SURFACE('',#3893,3.);
#3893 = AXIS2_PLACEMENT_3D('',#3894,#3895,#3896);
#3894 = CARTESIAN_POINT('',(42.536999985099,-12.15,63.216515973725));
#3895 = DIRECTION('',(0.,-1.,0.));
#3896 = DIRECTION('',(-0.707106781187,-0.,-0.707106781187));
#3897 = ADVANCED_FACE('',(#3898),#3916,.T.);
#3898 = FACE_BOUND('',#3899,.T.);
#3899 = EDGE_LOOP('',(#3900,#3901,#3909,#3915));
#3900 = ORIENTED_EDGE('',*,*,#3887,.F.);
#3901 = ORIENTED_EDGE('',*,*,#3902,.T.);
#3902 = EDGE_CURVE('',#3879,#3903,#3905,.T.);
#3903 = VERTEX_POINT('',#3904);
#3904 = CARTESIAN_POINT('',(39.536999985099,-16.74,64.217));
#3905 = LINE('',#3906,#3907);
#3906 = CARTESIAN_POINT('',(39.536999985099,-16.74,31.354250007451));
#3907 = VECTOR('',#3908,1.);
#3908 = DIRECTION('',(0.,0.,1.));
#3909 = ORIENTED_EDGE('',*,*,#3910,.F.);
#3910 = EDGE_CURVE('',#1009,#3903,#3911,.T.);
#3911 = LINE('',#3912,#3913);
#3912 = CARTESIAN_POINT('',(39.536999985099,-15.57,64.217));
#3913 = VECTOR('',#3914,1.);
#3914 = DIRECTION('',(0.,-1.,0.));
#3915 = ORIENTED_EDGE('',*,*,#1008,.F.);
#3916 = PLANE('',#3917);
#3917 = AXIS2_PLACEMENT_3D('',#3918,#3919,#3920);
#3918 = CARTESIAN_POINT('',(39.536999985099,-14.4,58.000000014901));
#3919 = DIRECTION('',(-1.,0.,0.));
#3920 = DIRECTION('',(0.,0.,1.));
#3921 = ADVANCED_FACE('',(#3922),#3941,.F.);
#3922 = FACE_BOUND('',#3923,.F.);
#3923 = EDGE_LOOP('',(#3924,#3925,#3926,#3934));
#3924 = ORIENTED_EDGE('',*,*,#3910,.F.);
#3925 = ORIENTED_EDGE('',*,*,#1016,.F.);
#3926 = ORIENTED_EDGE('',*,*,#3927,.F.);
#3927 = EDGE_CURVE('',#3928,#1017,#3930,.T.);
#3928 = VERTEX_POINT('',#3929);
#3929 = CARTESIAN_POINT('',(36.536999985099,-16.74,67.217));
#3930 = LINE('',#3931,#3932);
#3931 = CARTESIAN_POINT('',(36.536999985099,-15.57,67.217));
#3932 = VECTOR('',#3933,1.);
#3933 = DIRECTION('',(0.,1.,0.));
#3934 = ORIENTED_EDGE('',*,*,#3935,.T.);
#3935 = EDGE_CURVE('',#3928,#3903,#3936,.T.);
#3936 = CIRCLE('',#3937,3.);
#3937 = AXIS2_PLACEMENT_3D('',#3938,#3939,#3940);
#3938 = CARTESIAN_POINT('',(36.536999985099,-16.74,64.217));
#3939 = DIRECTION('',(-0.,1.,0.));
#3940 = DIRECTION('',(0.707106781187,0.,0.707106781187));
#3941 = CYLINDRICAL_SURFACE('',#3942,3.);
#3942 = AXIS2_PLACEMENT_3D('',#3943,#3944,#3945);
#3943 = CARTESIAN_POINT('',(36.536999985099,-15.57,64.217));
#3944 = DIRECTION('',(0.,1.,0.));
#3945 = DIRECTION('',(0.707106781187,0.,0.707106781187));
#3946 = ADVANCED_FACE('',(#3947),#3997,.T.);
#3947 = FACE_BOUND('',#3948,.T.);
#3948 = EDGE_LOOP('',(#3949,#3957,#3958,#3959,#3967,#3975,#3983,#3991));
#3949 = ORIENTED_EDGE('',*,*,#3950,.F.);
#3950 = EDGE_CURVE('',#1026,#3951,#3953,.T.);
#3951 = VERTEX_POINT('',#3952);
#3952 = CARTESIAN_POINT('',(38.166448707388,-1.6,67.217));
#3953 = LINE('',#3954,#3955);
#3954 = CARTESIAN_POINT('',(38.166448707388,-16.74,67.217));
#3955 = VECTOR('',#3956,1.);
#3956 = DIRECTION('',(0.,1.,0.));
#3957 = ORIENTED_EDGE('',*,*,#1025,.T.);
#3958 = ORIENTED_EDGE('',*,*,#3927,.F.);
#3959 = ORIENTED_EDGE('',*,*,#3960,.F.);
#3960 = EDGE_CURVE('',#3961,#3928,#3963,.T.);
#3961 = VERTEX_POINT('',#3962);
#3962 = CARTESIAN_POINT('',(-37.00000049173,-16.74,67.217));
#3963 = LINE('',#3964,#3965);
#3964 = CARTESIAN_POINT('',(19.768499992549,-16.74,67.217));
#3965 = VECTOR('',#3966,1.);
#3966 = DIRECTION('',(1.,0.,0.));
#3967 = ORIENTED_EDGE('',*,*,#3968,.F.);
#3968 = EDGE_CURVE('',#3969,#3961,#3971,.T.);
#3969 = VERTEX_POINT('',#3970);
#3970 = CARTESIAN_POINT('',(-37.00000049173,-10.4,67.217));
#3971 = LINE('',#3972,#3973);
#3972 = CARTESIAN_POINT('',(-37.00000049173,-13.32,67.217));
#3973 = VECTOR('',#3974,1.);
#3974 = DIRECTION('',(0.,-1.,0.));
#3975 = ORIENTED_EDGE('',*,*,#3976,.T.);
#3976 = EDGE_CURVE('',#3969,#3977,#3979,.T.);
#3977 = VERTEX_POINT('',#3978);
#3978 = CARTESIAN_POINT('',(-38.62944921402,-10.4,67.217));
#3979 = LINE('',#3980,#3981);
#3980 = CARTESIAN_POINT('',(20.50599999255,-10.4,67.217));
#3981 = VECTOR('',#3982,1.);
#3982 = DIRECTION('',(-1.,-3.830980170368E-34,0.));
#3983 = ORIENTED_EDGE('',*,*,#3984,.F.);
#3984 = EDGE_CURVE('',#3985,#3977,#3987,.T.);
#3985 = VERTEX_POINT('',#3986);
#3986 = CARTESIAN_POINT('',(-38.62944921402,-1.6,67.217));
#3987 = LINE('',#3988,#3989);
#3988 = CARTESIAN_POINT('',(-38.62944921402,-16.74,67.217));
#3989 = VECTOR('',#3990,1.);
#3990 = DIRECTION('',(0.,-1.,0.));
#3991 = ORIENTED_EDGE('',*,*,#3992,.F.);
#3992 = EDGE_CURVE('',#3951,#3985,#3993,.T.);
#3993 = LINE('',#3994,#3995);
#3994 = CARTESIAN_POINT('',(-40.00000049173,-1.6,67.217));
#3995 = VECTOR('',#3996,1.);
#3996 = DIRECTION('',(-1.,0.,0.));
#3997 = PLANE('',#3998);
#3998 = AXIS2_PLACEMENT_3D('',#3999,#4000,#4001);
#3999 = CARTESIAN_POINT('',(39.536999985099,-16.74,67.217));
#4000 = DIRECTION('',(0.,0.,-1.));
#4001 = DIRECTION('',(-1.,0.,0.));
#4002 = ADVANCED_FACE('',(#4003),#4022,.T.);
#4003 = FACE_BOUND('',#4004,.T.);
#4004 = EDGE_LOOP('',(#4005,#4014,#4020,#4021));
#4005 = ORIENTED_EDGE('',*,*,#4006,.T.);
#4006 = EDGE_CURVE('',#3951,#4007,#4009,.T.);
#4007 = VERTEX_POINT('',#4008);
#4008 = CARTESIAN_POINT('',(40.15076272292,-1.6,67.967000469387));
#4009 = CIRCLE('',#4010,3.);
#4010 = AXIS2_PLACEMENT_3D('',#4011,#4012,#4013);
#4011 = CARTESIAN_POINT('',(38.166448707388,-1.6,70.217));
#4012 = DIRECTION('',(0.,-1.,0.));
#4013 = DIRECTION('',(0.353553501229,0.,-0.935414304877));
#4014 = ORIENTED_EDGE('',*,*,#4015,.T.);
#4015 = EDGE_CURVE('',#4007,#1034,#4016,.T.);
#4016 = LINE('',#4017,#4018);
#4017 = CARTESIAN_POINT('',(40.15076272292,-16.74,67.967000469387));
#4018 = VECTOR('',#4019,1.);
#4019 = DIRECTION('',(0.,-1.,0.));
#4020 = ORIENTED_EDGE('',*,*,#1033,.F.);
#4021 = ORIENTED_EDGE('',*,*,#3950,.T.);
#4022 = CYLINDRICAL_SURFACE('',#4023,3.);
#4023 = AXIS2_PLACEMENT_3D('',#4024,#4025,#4026);
#4024 = CARTESIAN_POINT('',(38.166448707388,-16.74,70.217));
#4025 = DIRECTION('',(0.,1.,0.));
#4026 = DIRECTION('',(0.353553501229,0.,-0.935414304877));
#4027 = ADVANCED_FACE('',(#4028),#4047,.F.);
#4028 = FACE_BOUND('',#4029,.F.);
#4029 = EDGE_LOOP('',(#4030,#4031,#4039,#4046));
#4030 = ORIENTED_EDGE('',*,*,#1042,.T.);
#4031 = ORIENTED_EDGE('',*,*,#4032,.F.);
#4032 = EDGE_CURVE('',#4033,#1043,#4035,.T.);
#4033 = VERTEX_POINT('',#4034);
#4034 = CARTESIAN_POINT('',(42.135076738453,-1.6,68.717000938773));
#4035 = LINE('',#4036,#4037);
#4036 = CARTESIAN_POINT('',(42.135076738453,-16.74,68.717000938773));
#4037 = VECTOR('',#4038,1.);
#4038 = DIRECTION('',(0.,-1.,0.));
#4039 = ORIENTED_EDGE('',*,*,#4040,.F.);
#4040 = EDGE_CURVE('',#4007,#4033,#4041,.T.);
#4041 = CIRCLE('',#4042,3.);
#4042 = AXIS2_PLACEMENT_3D('',#4043,#4044,#4045);
#4043 = CARTESIAN_POINT('',(42.135076738453,-1.6,65.717000938773));
#4044 = DIRECTION('',(0.,1.,-0.));
#4045 = DIRECTION('',(-0.866025584451,0.,0.499999687076));
#4046 = ORIENTED_EDGE('',*,*,#4015,.T.);
#4047 = CYLINDRICAL_SURFACE('',#4048,3.);
#4048 = AXIS2_PLACEMENT_3D('',#4049,#4050,#4051);
#4049 = CARTESIAN_POINT('',(42.135076738453,-16.74,65.717000938773));
#4050 = DIRECTION('',(0.,1.,0.));
#4051 = DIRECTION('',(-0.866025584451,0.,0.499999687076));
#4052 = ADVANCED_FACE('',(#4053),#4167,.F.);
#4053 = FACE_BOUND('',#4054,.F.);
#4054 = EDGE_LOOP('',(#4055,#4065,#4073,#4081,#4089,#4097,#4105,#4113,
    #4121,#4129,#4135,#4136,#4137,#4145,#4153,#4161));
#4055 = ORIENTED_EDGE('',*,*,#4056,.T.);
#4056 = EDGE_CURVE('',#4057,#4059,#4061,.T.);
#4057 = VERTEX_POINT('',#4058);
#4058 = CARTESIAN_POINT('',(-92.7,-0.482843651248,68.717));
#4059 = VERTEX_POINT('',#4060);
#4060 = CARTESIAN_POINT('',(-92.7,-1.6,68.717));
#4061 = LINE('',#4062,#4063);
#4062 = CARTESIAN_POINT('',(-92.7,0.,68.717));
#4063 = VECTOR('',#4064,1.);
#4064 = DIRECTION('',(0.,-1.,0.));
#4065 = ORIENTED_EDGE('',*,*,#4066,.T.);
#4066 = EDGE_CURVE('',#4059,#4067,#4069,.T.);
#4067 = VERTEX_POINT('',#4068);
#4068 = CARTESIAN_POINT('',(-89.65762670082,-1.6,68.717000938773));
#4069 = LINE('',#4070,#4071);
#4070 = CARTESIAN_POINT('',(51.327534603065,-1.6,68.717));
#4071 = VECTOR('',#4072,1.);
#4072 = DIRECTION('',(1.,2.052683297351E-48,0.));
#4073 = ORIENTED_EDGE('',*,*,#4074,.T.);
#4074 = EDGE_CURVE('',#4067,#4075,#4077,.T.);
#4075 = VERTEX_POINT('',#4076);
#4076 = CARTESIAN_POINT('',(-89.65762670082,-16.74,68.717000938773));
#4077 = LINE('',#4078,#4079);
#4078 = CARTESIAN_POINT('',(-89.65762670082,-0.8,68.717000938773));
#4079 = VECTOR('',#4080,1.);
#4080 = DIRECTION('',(0.,-1.,0.));
#4081 = ORIENTED_EDGE('',*,*,#4082,.F.);
#4082 = EDGE_CURVE('',#4083,#4075,#4085,.T.);
#4083 = VERTEX_POINT('',#4084);
#4084 = CARTESIAN_POINT('',(-58.,-16.74,68.717000938773));
#4085 = LINE('',#4086,#4087);
#4086 = CARTESIAN_POINT('',(51.35,-16.74,68.717000938773));
#4087 = VECTOR('',#4088,1.);
#4088 = DIRECTION('',(-1.,0.,0.));
#4089 = ORIENTED_EDGE('',*,*,#4090,.T.);
#4090 = EDGE_CURVE('',#4083,#4091,#4093,.T.);
#4091 = VERTEX_POINT('',#4092);
#4092 = CARTESIAN_POINT('',(-58.,-11.9,68.717000938773));
#4093 = LINE('',#4094,#4095);
#4094 = CARTESIAN_POINT('',(-58.,-5.2,68.717000938773));
#4095 = VECTOR('',#4096,1.);
#4096 = DIRECTION('',(0.,1.,0.));
#4097 = ORIENTED_EDGE('',*,*,#4098,.T.);
#4098 = EDGE_CURVE('',#4091,#4099,#4101,.T.);
#4099 = VERTEX_POINT('',#4100);
#4100 = CARTESIAN_POINT('',(-51.,-11.9,68.717));
#4101 = LINE('',#4102,#4103);
#4102 = CARTESIAN_POINT('',(-92.65735237428,-11.9,68.717));
#4103 = VECTOR('',#4104,1.);
#4104 = DIRECTION('',(1.,-3.830980170368E-34,0.));
#4105 = ORIENTED_EDGE('',*,*,#4106,.T.);
#4106 = EDGE_CURVE('',#4099,#4107,#4109,.T.);
#4107 = VERTEX_POINT('',#4108);
#4108 = CARTESIAN_POINT('',(-51.,-10.4,68.717000938773));
#4109 = LINE('',#4110,#4111);
#4110 = CARTESIAN_POINT('',(-51.,-5.2,68.717000938773));
#4111 = VECTOR('',#4112,1.);
#4112 = DIRECTION('',(0.,1.,0.));
#4113 = ORIENTED_EDGE('',*,*,#4114,.T.);
#4114 = EDGE_CURVE('',#4107,#4115,#4117,.T.);
#4115 = VERTEX_POINT('',#4116);
#4116 = CARTESIAN_POINT('',(-42.59807724509,-10.4,68.717));
#4117 = LINE('',#4118,#4119);
#4118 = CARTESIAN_POINT('',(-29.3625,-10.4,68.717));
#4119 = VECTOR('',#4120,1.);
#4120 = DIRECTION('',(1.,3.830980170368E-34,1.753158785276E-46));
#4121 = ORIENTED_EDGE('',*,*,#4122,.T.);
#4122 = EDGE_CURVE('',#4115,#4123,#4125,.T.);
#4123 = VERTEX_POINT('',#4124);
#4124 = CARTESIAN_POINT('',(-42.59807724509,-1.6,68.717000938773));
#4125 = LINE('',#4126,#4127);
#4126 = CARTESIAN_POINT('',(-42.59807724509,-16.74,68.717000938773));
#4127 = VECTOR('',#4128,1.);
#4128 = DIRECTION('',(0.,1.,0.));
#4129 = ORIENTED_EDGE('',*,*,#4130,.F.);
#4130 = EDGE_CURVE('',#4033,#4123,#4131,.T.);
#4131 = LINE('',#4132,#4133);
#4132 = CARTESIAN_POINT('',(51.23424987334,-1.6,68.717000938773));
#4133 = VECTOR('',#4134,1.);
#4134 = DIRECTION('',(-1.,0.,0.));
#4135 = ORIENTED_EDGE('',*,*,#4032,.T.);
#4136 = ORIENTED_EDGE('',*,*,#1051,.T.);
#4137 = ORIENTED_EDGE('',*,*,#4138,.T.);
#4138 = EDGE_CURVE('',#1052,#4139,#4141,.T.);
#4139 = VERTEX_POINT('',#4140);
#4140 = CARTESIAN_POINT('',(89.660428362201,-1.6,68.717000938773));
#4141 = LINE('',#4142,#4143);
#4142 = CARTESIAN_POINT('',(89.660428362201,-5.2,68.717000938773));
#4143 = VECTOR('',#4144,1.);
#4144 = DIRECTION('',(0.,1.,0.));
#4145 = ORIENTED_EDGE('',*,*,#4146,.T.);
#4146 = EDGE_CURVE('',#4139,#4147,#4149,.T.);
#4147 = VERTEX_POINT('',#4148);
#4148 = CARTESIAN_POINT('',(92.7,-1.6,68.717));
#4149 = LINE('',#4150,#4151);
#4150 = CARTESIAN_POINT('',(51.327534603065,-1.6,68.717));
#4151 = VECTOR('',#4152,1.);
#4152 = DIRECTION('',(1.,2.052683297351E-48,0.));
#4153 = ORIENTED_EDGE('',*,*,#4154,.T.);
#4154 = EDGE_CURVE('',#4147,#4155,#4157,.T.);
#4155 = VERTEX_POINT('',#4156);
#4156 = CARTESIAN_POINT('',(92.7,-0.482842712475,68.717));
#4157 = LINE('',#4158,#4159);
#4158 = CARTESIAN_POINT('',(92.7,0.,68.717));
#4159 = VECTOR('',#4160,1.);
#4160 = DIRECTION('',(0.,1.,0.));
#4161 = ORIENTED_EDGE('',*,*,#4162,.T.);
#4162 = EDGE_CURVE('',#4155,#4057,#4163,.T.);
#4163 = LINE('',#4164,#4165);
#4164 = CARTESIAN_POINT('',(77.025,-0.482843651248,68.717000938773));
#4165 = VECTOR('',#4166,1.);
#4166 = DIRECTION('',(-1.,0.,0.));
#4167 = PLANE('',#4168);
#4168 = AXIS2_PLACEMENT_3D('',#4169,#4170,#4171);
#4169 = CARTESIAN_POINT('',(102.7,0.,68.717000938773));
#4170 = DIRECTION('',(0.,0.,1.));
#4171 = DIRECTION('',(1.,0.,0.));
#4172 = ADVANCED_FACE('',(#4173),#4192,.F.);
#4173 = FACE_BOUND('',#4174,.F.);
#4174 = EDGE_LOOP('',(#4175,#4183,#4190,#4191));
#4175 = ORIENTED_EDGE('',*,*,#4176,.F.);
#4176 = EDGE_CURVE('',#4177,#1060,#4179,.T.);
#4177 = VERTEX_POINT('',#4178);
#4178 = CARTESIAN_POINT('',(92.660427909176,-1.6,65.71535225855));
#4179 = LINE('',#4180,#4181);
#4180 = CARTESIAN_POINT('',(92.660427909176,-5.2,65.71535225855));
#4181 = VECTOR('',#4182,1.);
#4182 = DIRECTION('',(0.,-1.,0.));
#4183 = ORIENTED_EDGE('',*,*,#4184,.F.);
#4184 = EDGE_CURVE('',#4139,#4177,#4185,.T.);
#4185 = CIRCLE('',#4186,3.);
#4186 = AXIS2_PLACEMENT_3D('',#4187,#4188,#4189);
#4187 = CARTESIAN_POINT('',(89.660428362201,-1.6,65.717000938773));
#4188 = DIRECTION('',(-0.,1.,0.));
#4189 = DIRECTION('',(0.707301053327,0.,0.706912455657));
#4190 = ORIENTED_EDGE('',*,*,#4138,.F.);
#4191 = ORIENTED_EDGE('',*,*,#1059,.T.);
#4192 = CYLINDRICAL_SURFACE('',#4193,3.);
#4193 = AXIS2_PLACEMENT_3D('',#4194,#4195,#4196);
#4194 = CARTESIAN_POINT('',(89.660428362201,-5.2,65.717000938773));
#4195 = DIRECTION('',(0.,-1.,0.));
#4196 = DIRECTION('',(0.707301053327,0.,0.706912455657));
#4197 = ADVANCED_FACE('',(#4198),#4216,.F.);
#4198 = FACE_BOUND('',#4199,.T.);
#4199 = EDGE_LOOP('',(#4200,#4201,#4209,#4215));
#4200 = ORIENTED_EDGE('',*,*,#4176,.F.);
#4201 = ORIENTED_EDGE('',*,*,#4202,.F.);
#4202 = EDGE_CURVE('',#4203,#4177,#4205,.T.);
#4203 = VERTEX_POINT('',#4204);
#4204 = CARTESIAN_POINT('',(92.659055820365,-1.6,63.218648680223));
#4205 = LINE('',#4206,#4207);
#4206 = CARTESIAN_POINT('',(92.659204991331,-1.6,63.490085691328));
#4207 = VECTOR('',#4208,1.);
#4208 = DIRECTION('',(5.495600742736E-04,0.,0.999999848992));
#4209 = ORIENTED_EDGE('',*,*,#4210,.F.);
#4210 = EDGE_CURVE('',#1069,#4203,#4211,.T.);
#4211 = LINE('',#4212,#4213);
#4212 = CARTESIAN_POINT('',(92.659055820365,-5.7,63.218648680223));
#4213 = VECTOR('',#4214,1.);
#4214 = DIRECTION('',(0.,1.,0.));
#4215 = ORIENTED_EDGE('',*,*,#1068,.T.);
#4216 = PLANE('',#4217);
#4217 = AXIS2_PLACEMENT_3D('',#4218,#4219,#4220);
#4218 = CARTESIAN_POINT('',(92.659,-10.4,63.117075878573));
#4219 = DIRECTION('',(0.999999848992,0.,-5.495600742736E-04));
#4220 = DIRECTION('',(0.,1.,0.));
#4221 = ADVANCED_FACE('',(#4222),#4241,.T.);
#4222 = FACE_BOUND('',#4223,.T.);
#4223 = EDGE_LOOP('',(#4224,#4233,#4239,#4240));
#4224 = ORIENTED_EDGE('',*,*,#4225,.T.);
#4225 = EDGE_CURVE('',#4203,#4226,#4228,.T.);
#4226 = VERTEX_POINT('',#4227);
#4227 = CARTESIAN_POINT('',(95.65905536734,-1.6,60.217));
#4228 = CIRCLE('',#4229,3.);
#4229 = AXIS2_PLACEMENT_3D('',#4230,#4231,#4232);
#4230 = CARTESIAN_POINT('',(95.65905536734,-1.6,63.217));
#4231 = DIRECTION('',(0.,-1.,0.));
#4232 = DIRECTION('',(-0.707301053327,-0.,-0.706912455657));
#4233 = ORIENTED_EDGE('',*,*,#4234,.T.);
#4234 = EDGE_CURVE('',#4226,#1077,#4235,.T.);
#4235 = LINE('',#4236,#4237);
#4236 = CARTESIAN_POINT('',(95.65905536734,-5.7,60.217));
#4237 = VECTOR('',#4238,1.);
#4238 = DIRECTION('',(0.,-1.,0.));
#4239 = ORIENTED_EDGE('',*,*,#1076,.F.);
#4240 = ORIENTED_EDGE('',*,*,#4210,.T.);
#4241 = CYLINDRICAL_SURFACE('',#4242,3.);
#4242 = AXIS2_PLACEMENT_3D('',#4243,#4244,#4245);
#4243 = CARTESIAN_POINT('',(95.65905536734,-5.7,63.217));
#4244 = DIRECTION('',(0.,-1.,0.));
#4245 = DIRECTION('',(-0.707301053327,-0.,-0.706912455657));
#4246 = ADVANCED_FACE('',(#4247),#4281,.T.);
#4247 = FACE_BOUND('',#4248,.T.);
#4248 = EDGE_LOOP('',(#4249,#4257,#4258,#4259,#4267,#4275));
#4249 = ORIENTED_EDGE('',*,*,#4250,.F.);
#4250 = EDGE_CURVE('',#1086,#4251,#4253,.T.);
#4251 = VERTEX_POINT('',#4252);
#4252 = CARTESIAN_POINT('',(58.,-16.74,60.217));
#4253 = LINE('',#4254,#4255);
#4254 = CARTESIAN_POINT('',(58.,-5.7,60.217));
#4255 = VECTOR('',#4256,1.);
#4256 = DIRECTION('',(0.,-1.,0.));
#4257 = ORIENTED_EDGE('',*,*,#1085,.F.);
#4258 = ORIENTED_EDGE('',*,*,#4234,.F.);
#4259 = ORIENTED_EDGE('',*,*,#4260,.T.);
#4260 = EDGE_CURVE('',#4226,#4261,#4263,.T.);
#4261 = VERTEX_POINT('',#4262);
#4262 = CARTESIAN_POINT('',(98.2,-1.6,60.217));
#4263 = LINE('',#4264,#4265);
#4264 = CARTESIAN_POINT('',(46.3295,-1.6,60.217));
#4265 = VECTOR('',#4266,1.);
#4266 = DIRECTION('',(1.,0.,3.533397770986E-15));
#4267 = ORIENTED_EDGE('',*,*,#4268,.F.);
#4268 = EDGE_CURVE('',#4269,#4261,#4271,.T.);
#4269 = VERTEX_POINT('',#4270);
#4270 = CARTESIAN_POINT('',(98.2,-16.74,60.217));
#4271 = LINE('',#4272,#4273);
#4272 = CARTESIAN_POINT('',(98.2,-0.5,60.217));
#4273 = VECTOR('',#4274,1.);
#4274 = DIRECTION('',(0.,1.,0.));
#4275 = ORIENTED_EDGE('',*,*,#4276,.T.);
#4276 = EDGE_CURVE('',#4269,#4251,#4277,.T.);
#4277 = LINE('',#4278,#4279);
#4278 = CARTESIAN_POINT('',(46.3295,-16.74,60.217));
#4279 = VECTOR('',#4280,1.);
#4280 = DIRECTION('',(-1.,0.,-3.533397770986E-15));
#4281 = PLANE('',#4282);
#4282 = AXIS2_PLACEMENT_3D('',#4283,#4284,#4285);
#4283 = CARTESIAN_POINT('',(92.659,-1.,60.217));
#4284 = DIRECTION('',(3.533397770986E-15,0.,-1.));
#4285 = DIRECTION('',(1.,0.,3.533397770986E-15));
#4286 = ADVANCED_FACE('',(#4287),#4306,.F.);
#4287 = FACE_BOUND('',#4288,.F.);
#4288 = EDGE_LOOP('',(#4289,#4290,#4291,#4299));
#4289 = ORIENTED_EDGE('',*,*,#4250,.F.);
#4290 = ORIENTED_EDGE('',*,*,#1093,.F.);
#4291 = ORIENTED_EDGE('',*,*,#4292,.F.);
#4292 = EDGE_CURVE('',#4293,#1094,#4295,.T.);
#4293 = VERTEX_POINT('',#4294);
#4294 = CARTESIAN_POINT('',(55.,-16.74,57.217));
#4295 = LINE('',#4296,#4297);
#4296 = CARTESIAN_POINT('',(55.,-5.7,57.217));
#4297 = VECTOR('',#4298,1.);
#4298 = DIRECTION('',(0.,1.,0.));
#4299 = ORIENTED_EDGE('',*,*,#4300,.T.);
#4300 = EDGE_CURVE('',#4293,#4251,#4301,.T.);
#4301 = CIRCLE('',#4302,3.);
#4302 = AXIS2_PLACEMENT_3D('',#4303,#4304,#4305);
#4303 = CARTESIAN_POINT('',(58.,-16.74,57.217));
#4304 = DIRECTION('',(0.,1.,-0.));
#4305 = DIRECTION('',(-0.707106781187,0.,0.707106781187));
#4306 = CYLINDRICAL_SURFACE('',#4307,3.);
#4307 = AXIS2_PLACEMENT_3D('',#4308,#4309,#4310);
#4308 = CARTESIAN_POINT('',(58.,-5.7,57.217));
#4309 = DIRECTION('',(0.,-1.,0.));
#4310 = DIRECTION('',(-0.707106781187,0.,0.707106781187));
#4311 = ADVANCED_FACE('',(#4312),#4330,.F.);
#4312 = FACE_BOUND('',#4313,.T.);
#4313 = EDGE_LOOP('',(#4314,#4322,#4323,#4324));
#4314 = ORIENTED_EDGE('',*,*,#4315,.F.);
#4315 = EDGE_CURVE('',#1103,#4316,#4318,.T.);
#4316 = VERTEX_POINT('',#4317);
#4317 = CARTESIAN_POINT('',(55.,-16.74,49.904515973725));
#4318 = LINE('',#4319,#4320);
#4319 = CARTESIAN_POINT('',(55.,-10.4,49.904515973725));
#4320 = VECTOR('',#4321,1.);
#4321 = DIRECTION('',(0.,-1.,0.));
#4322 = ORIENTED_EDGE('',*,*,#1102,.F.);
#4323 = ORIENTED_EDGE('',*,*,#4292,.F.);
#4324 = ORIENTED_EDGE('',*,*,#4325,.F.);
#4325 = EDGE_CURVE('',#4316,#4293,#4326,.T.);
#4326 = LINE('',#4327,#4328);
#4327 = CARTESIAN_POINT('',(55.,-16.74,29.7335));
#4328 = VECTOR('',#4329,1.);
#4329 = DIRECTION('',(4.267527213853E-16,0.,1.));
#4330 = PLANE('',#4331);
#4331 = AXIS2_PLACEMENT_3D('',#4332,#4333,#4334);
#4332 = CARTESIAN_POINT('',(55.,-10.4,67.717));
#4333 = DIRECTION('',(-1.,0.,4.267527213853E-16));
#4334 = DIRECTION('',(-4.267527213853E-16,-2.22044604925E-16,-1.));
#4335 = ADVANCED_FACE('',(#4336),#4348,.F.);
#4336 = FACE_BOUND('',#4337,.F.);
#4337 = EDGE_LOOP('',(#4338,#4339,#4340,#4341));
#4338 = ORIENTED_EDGE('',*,*,#4315,.F.);
#4339 = ORIENTED_EDGE('',*,*,#1110,.F.);
#4340 = ORIENTED_EDGE('',*,*,#2023,.F.);
#4341 = ORIENTED_EDGE('',*,*,#4342,.T.);
#4342 = EDGE_CURVE('',#2024,#4316,#4343,.T.);
#4343 = CIRCLE('',#4344,3.);
#4344 = AXIS2_PLACEMENT_3D('',#4345,#4346,#4347);
#4345 = CARTESIAN_POINT('',(58.,-16.74,49.904515973725));
#4346 = DIRECTION('',(0.,1.,0.));
#4347 = DIRECTION('',(-0.707106781187,0.,-0.707106781187));
#4348 = CYLINDRICAL_SURFACE('',#4349,3.);
#4349 = AXIS2_PLACEMENT_3D('',#4350,#4351,#4352);
#4350 = CARTESIAN_POINT('',(58.,-10.4,49.904515973725));
#4351 = DIRECTION('',(0.,-1.,0.));
#4352 = DIRECTION('',(-0.707106781187,-0.,-0.707106781187));
#4353 = ADVANCED_FACE('',(#4354),#4379,.F.);
#4354 = FACE_BOUND('',#4355,.T.);
#4355 = EDGE_LOOP('',(#4356,#4364,#4372,#4378));
#4356 = ORIENTED_EDGE('',*,*,#4357,.F.);
#4357 = EDGE_CURVE('',#4358,#1120,#4360,.T.);
#4358 = VERTEX_POINT('',#4359);
#4359 = CARTESIAN_POINT('',(54.,-1.6,46.904515973725));
#4360 = LINE('',#4361,#4362);
#4361 = CARTESIAN_POINT('',(54.,-5.75,46.904515973725));
#4362 = VECTOR('',#4363,1.);
#4363 = DIRECTION('',(0.,-1.,0.));
#4364 = ORIENTED_EDGE('',*,*,#4365,.F.);
#4365 = EDGE_CURVE('',#4366,#4358,#4368,.T.);
#4366 = VERTEX_POINT('',#4367);
#4367 = CARTESIAN_POINT('',(51.,-1.6,46.904515973725));
#4368 = LINE('',#4369,#4370);
#4369 = CARTESIAN_POINT('',(-1.25,-1.6,46.904515973725));
#4370 = VECTOR('',#4371,1.);
#4371 = DIRECTION('',(1.,0.,0.));
#4372 = ORIENTED_EDGE('',*,*,#4373,.F.);
#4373 = EDGE_CURVE('',#1122,#4366,#4374,.T.);
#4374 = LINE('',#4375,#4376);
#4375 = CARTESIAN_POINT('',(51.,-5.75,46.904515973725));
#4376 = VECTOR('',#4377,1.);
#4377 = DIRECTION('',(0.,1.,0.));
#4378 = ORIENTED_EDGE('',*,*,#1119,.F.);
#4379 = PLANE('',#4380);
#4380 = AXIS2_PLACEMENT_3D('',#4381,#4382,#4383);
#4381 = CARTESIAN_POINT('',(-55.,-1.6,46.904515973725));
#4382 = DIRECTION('',(0.,0.,-1.));
#4383 = DIRECTION('',(-1.,0.,0.));
#4384 = ADVANCED_FACE('',(#4385),#4404,.T.);
#4385 = FACE_BOUND('',#4386,.T.);
#4386 = EDGE_LOOP('',(#4387,#4396,#4402,#4403));
#4387 = ORIENTED_EDGE('',*,*,#4388,.T.);
#4388 = EDGE_CURVE('',#4366,#4389,#4391,.T.);
#4389 = VERTEX_POINT('',#4390);
#4390 = CARTESIAN_POINT('',(50.,-1.6,45.904515973725));
#4391 = CIRCLE('',#4392,1.);
#4392 = AXIS2_PLACEMENT_3D('',#4393,#4394,#4395);
#4393 = CARTESIAN_POINT('',(51.,-1.6,45.904515973725));
#4394 = DIRECTION('',(0.,-1.,0.));
#4395 = DIRECTION('',(-0.707106781187,0.,0.707106781187));
#4396 = ORIENTED_EDGE('',*,*,#4397,.T.);
#4397 = EDGE_CURVE('',#4389,#1130,#4398,.T.);
#4398 = LINE('',#4399,#4400);
#4399 = CARTESIAN_POINT('',(50.,-5.75,45.904515973725));
#4400 = VECTOR('',#4401,1.);
#4401 = DIRECTION('',(0.,-1.,0.));
#4402 = ORIENTED_EDGE('',*,*,#1129,.F.);
#4403 = ORIENTED_EDGE('',*,*,#4373,.T.);
#4404 = CYLINDRICAL_SURFACE('',#4405,1.);
#4405 = AXIS2_PLACEMENT_3D('',#4406,#4407,#4408);
#4406 = CARTESIAN_POINT('',(51.,-5.75,45.904515973725));
#4407 = DIRECTION('',(0.,1.,0.));
#4408 = DIRECTION('',(-0.707106781187,0.,0.707106781187));
#4409 = ADVANCED_FACE('',(#4410),#4428,.F.);
#4410 = FACE_BOUND('',#4411,.T.);
#4411 = EDGE_LOOP('',(#4412,#4420,#4421,#4422));
#4412 = ORIENTED_EDGE('',*,*,#4413,.F.);
#4413 = EDGE_CURVE('',#1139,#4414,#4416,.T.);
#4414 = VERTEX_POINT('',#4415);
#4415 = CARTESIAN_POINT('',(50.,-1.6,42.904515973725));
#4416 = LINE('',#4417,#4418);
#4417 = CARTESIAN_POINT('',(50.,-5.75,42.904515973725));
#4418 = VECTOR('',#4419,1.);
#4419 = DIRECTION('',(0.,1.,0.));
#4420 = ORIENTED_EDGE('',*,*,#1138,.T.);
#4421 = ORIENTED_EDGE('',*,*,#4397,.F.);
#4422 = ORIENTED_EDGE('',*,*,#4423,.T.);
#4423 = EDGE_CURVE('',#4389,#4414,#4424,.T.);
#4424 = LINE('',#4425,#4426);
#4425 = CARTESIAN_POINT('',(50.,-1.6,50.904515973725));
#4426 = VECTOR('',#4427,1.);
#4427 = DIRECTION('',(0.,0.,-1.));
#4428 = PLANE('',#4429);
#4429 = AXIS2_PLACEMENT_3D('',#4430,#4431,#4432);
#4430 = CARTESIAN_POINT('',(50.,-9.9,50.904515973725));
#4431 = DIRECTION('',(1.,0.,1.752473728884E-46));
#4432 = DIRECTION('',(-1.752473728884E-46,2.22044604925E-16,1.));
#4433 = ADVANCED_FACE('',(#4434),#4453,.T.);
#4434 = FACE_BOUND('',#4435,.T.);
#4435 = EDGE_LOOP('',(#4436,#4445,#4451,#4452));
#4436 = ORIENTED_EDGE('',*,*,#4437,.T.);
#4437 = EDGE_CURVE('',#4414,#4438,#4440,.T.);
#4438 = VERTEX_POINT('',#4439);
#4439 = CARTESIAN_POINT('',(51.,-1.6,41.904515973725));
#4440 = CIRCLE('',#4441,1.);
#4441 = AXIS2_PLACEMENT_3D('',#4442,#4443,#4444);
#4442 = CARTESIAN_POINT('',(51.,-1.6,42.904515973725));
#4443 = DIRECTION('',(0.,-1.,0.));
#4444 = DIRECTION('',(-0.707106781187,-0.,-0.707106781187));
#4445 = ORIENTED_EDGE('',*,*,#4446,.T.);
#4446 = EDGE_CURVE('',#4438,#1147,#4447,.T.);
#4447 = LINE('',#4448,#4449);
#4448 = CARTESIAN_POINT('',(51.,-5.75,41.904515973725));
#4449 = VECTOR('',#4450,1.);
#4450 = DIRECTION('',(0.,-1.,0.));
#4451 = ORIENTED_EDGE('',*,*,#1146,.F.);
#4452 = ORIENTED_EDGE('',*,*,#4413,.T.);
#4453 = CYLINDRICAL_SURFACE('',#4454,1.);
#4454 = AXIS2_PLACEMENT_3D('',#4455,#4456,#4457);
#4455 = CARTESIAN_POINT('',(51.,-5.75,42.904515973725));
#4456 = DIRECTION('',(0.,1.,0.));
#4457 = DIRECTION('',(-0.707106781187,0.,-0.707106781187));
#4458 = ADVANCED_FACE('',(#4459),#4477,.F.);
#4459 = FACE_BOUND('',#4460,.T.);
#4460 = EDGE_LOOP('',(#4461,#4469,#4470,#4471));
#4461 = ORIENTED_EDGE('',*,*,#4462,.F.);
#4462 = EDGE_CURVE('',#1156,#4463,#4465,.T.);
#4463 = VERTEX_POINT('',#4464);
#4464 = CARTESIAN_POINT('',(54.,-1.6,41.904515973725));
#4465 = LINE('',#4466,#4467);
#4466 = CARTESIAN_POINT('',(54.,-5.75,41.904515973725));
#4467 = VECTOR('',#4468,1.);
#4468 = DIRECTION('',(0.,1.,0.));
#4469 = ORIENTED_EDGE('',*,*,#1155,.F.);
#4470 = ORIENTED_EDGE('',*,*,#4446,.F.);
#4471 = ORIENTED_EDGE('',*,*,#4472,.F.);
#4472 = EDGE_CURVE('',#4463,#4438,#4473,.T.);
#4473 = LINE('',#4474,#4475);
#4474 = CARTESIAN_POINT('',(53.750000409782,-1.6,41.904515973725));
#4475 = VECTOR('',#4476,1.);
#4476 = DIRECTION('',(-1.,0.,0.));
#4477 = PLANE('',#4478);
#4478 = AXIS2_PLACEMENT_3D('',#4479,#4480,#4481);
#4479 = CARTESIAN_POINT('',(55.000000819564,-1.6,41.904515973725));
#4480 = DIRECTION('',(0.,0.,1.));
#4481 = DIRECTION('',(-1.,0.,0.));
#4482 = ADVANCED_FACE('',(#4483),#4502,.T.);
#4483 = FACE_BOUND('',#4484,.T.);
#4484 = EDGE_LOOP('',(#4485,#4494,#4500,#4501));
#4485 = ORIENTED_EDGE('',*,*,#4486,.T.);
#4486 = EDGE_CURVE('',#4463,#4487,#4489,.T.);
#4487 = VERTEX_POINT('',#4488);
#4488 = CARTESIAN_POINT('',(55.,-1.6,42.904515973725));
#4489 = CIRCLE('',#4490,1.);
#4490 = AXIS2_PLACEMENT_3D('',#4491,#4492,#4493);
#4491 = CARTESIAN_POINT('',(54.,-1.6,42.904515973725));
#4492 = DIRECTION('',(0.,-1.,0.));
#4493 = DIRECTION('',(0.707106781187,0.,-0.707106781187));
#4494 = ORIENTED_EDGE('',*,*,#4495,.T.);
#4495 = EDGE_CURVE('',#4487,#1164,#4496,.T.);
#4496 = LINE('',#4497,#4498);
#4497 = CARTESIAN_POINT('',(55.,-5.75,42.904515973725));
#4498 = VECTOR('',#4499,1.);
#4499 = DIRECTION('',(0.,-1.,0.));
#4500 = ORIENTED_EDGE('',*,*,#1163,.F.);
#4501 = ORIENTED_EDGE('',*,*,#4462,.T.);
#4502 = CYLINDRICAL_SURFACE('',#4503,1.);
#4503 = AXIS2_PLACEMENT_3D('',#4504,#4505,#4506);
#4504 = CARTESIAN_POINT('',(54.,-5.75,42.904515973725));
#4505 = DIRECTION('',(0.,1.,0.));
#4506 = DIRECTION('',(0.707106781187,0.,-0.707106781187));
#4507 = ADVANCED_FACE('',(#4508),#4526,.T.);
#4508 = FACE_BOUND('',#4509,.T.);
#4509 = EDGE_LOOP('',(#4510,#4518,#4519,#4520));
#4510 = ORIENTED_EDGE('',*,*,#4511,.F.);
#4511 = EDGE_CURVE('',#1173,#4512,#4514,.T.);
#4512 = VERTEX_POINT('',#4513);
#4513 = CARTESIAN_POINT('',(55.,-1.6,45.904515973725));
#4514 = LINE('',#4515,#4516);
#4515 = CARTESIAN_POINT('',(55.,-5.75,45.904515973725));
#4516 = VECTOR('',#4517,1.);
#4517 = DIRECTION('',(0.,1.,0.));
#4518 = ORIENTED_EDGE('',*,*,#1172,.T.);
#4519 = ORIENTED_EDGE('',*,*,#4495,.F.);
#4520 = ORIENTED_EDGE('',*,*,#4521,.F.);
#4521 = EDGE_CURVE('',#4512,#4487,#4522,.T.);
#4522 = LINE('',#4523,#4524);
#4523 = CARTESIAN_POINT('',(55.,-1.6,50.904515973725));
#4524 = VECTOR('',#4525,1.);
#4525 = DIRECTION('',(8.50648478405E-50,-2.22044604925E-16,-1.));
#4526 = PLANE('',#4527);
#4527 = AXIS2_PLACEMENT_3D('',#4528,#4529,#4530);
#4528 = CARTESIAN_POINT('',(55.,-9.9,55.904515973725));
#4529 = DIRECTION('',(1.,0.,8.50648478405E-50));
#4530 = DIRECTION('',(8.50648478405E-50,-2.22044604925E-16,-1.));
#4531 = ADVANCED_FACE('',(#4532),#4544,.T.);
#4532 = FACE_BOUND('',#4533,.T.);
#4533 = EDGE_LOOP('',(#4534,#4535,#4536,#4543));
#4534 = ORIENTED_EDGE('',*,*,#1180,.F.);
#4535 = ORIENTED_EDGE('',*,*,#4511,.T.);
#4536 = ORIENTED_EDGE('',*,*,#4537,.T.);
#4537 = EDGE_CURVE('',#4512,#4358,#4538,.T.);
#4538 = CIRCLE('',#4539,1.);
#4539 = AXIS2_PLACEMENT_3D('',#4540,#4541,#4542);
#4540 = CARTESIAN_POINT('',(54.,-1.6,45.904515973725));
#4541 = DIRECTION('',(0.,-1.,0.));
#4542 = DIRECTION('',(0.707106781187,0.,0.707106781187));
#4543 = ORIENTED_EDGE('',*,*,#4357,.T.);
#4544 = CYLINDRICAL_SURFACE('',#4545,1.);
#4545 = AXIS2_PLACEMENT_3D('',#4546,#4547,#4548);
#4546 = CARTESIAN_POINT('',(54.,-5.75,45.904515973725));
#4547 = DIRECTION('',(0.,-1.,0.));
#4548 = DIRECTION('',(0.707106781187,0.,0.707106781187));
#4549 = ADVANCED_FACE('',(#4550),#4569,.F.);
#4550 = FACE_BOUND('',#4551,.F.);
#4551 = EDGE_LOOP('',(#4552,#4560,#4561,#4562));
#4552 = ORIENTED_EDGE('',*,*,#4553,.T.);
#4553 = EDGE_CURVE('',#4554,#1190,#4556,.T.);
#4554 = VERTEX_POINT('',#4555);
#4555 = CARTESIAN_POINT('',(-93.85,-16.74,37.75));
#4556 = LINE('',#4557,#4558);
#4557 = CARTESIAN_POINT('',(-93.85,-9.9,37.75));
#4558 = VECTOR('',#4559,1.);
#4559 = DIRECTION('',(0.,1.,0.));
#4560 = ORIENTED_EDGE('',*,*,#1189,.T.);
#4561 = ORIENTED_EDGE('',*,*,#4553,.F.);
#4562 = ORIENTED_EDGE('',*,*,#4563,.F.);
#4563 = EDGE_CURVE('',#4554,#4554,#4564,.T.);
#4564 = CIRCLE('',#4565,0.9);
#4565 = AXIS2_PLACEMENT_3D('',#4566,#4567,#4568);
#4566 = CARTESIAN_POINT('',(-94.75,-16.74,37.75));
#4567 = DIRECTION('',(0.,-1.,0.));
#4568 = DIRECTION('',(-1.,0.,0.));
#4569 = CYLINDRICAL_SURFACE('',#4570,0.9);
#4570 = AXIS2_PLACEMENT_3D('',#4571,#4572,#4573);
#4571 = CARTESIAN_POINT('',(-94.75,-9.9,37.75));
#4572 = DIRECTION('',(0.,1.,0.));
#4573 = DIRECTION('',(-1.,0.,0.));
#4574 = ADVANCED_FACE('',(#4575),#4594,.F.);
#4575 = FACE_BOUND('',#4576,.F.);
#4576 = EDGE_LOOP('',(#4577,#4585,#4586,#4587));
#4577 = ORIENTED_EDGE('',*,*,#4578,.T.);
#4578 = EDGE_CURVE('',#4579,#1201,#4581,.T.);
#4579 = VERTEX_POINT('',#4580);
#4580 = CARTESIAN_POINT('',(93.85,-16.74,37.75));
#4581 = LINE('',#4582,#4583);
#4582 = CARTESIAN_POINT('',(93.85,-9.9,37.75));
#4583 = VECTOR('',#4584,1.);
#4584 = DIRECTION('',(0.,1.,0.));
#4585 = ORIENTED_EDGE('',*,*,#1200,.T.);
#4586 = ORIENTED_EDGE('',*,*,#4578,.F.);
#4587 = ORIENTED_EDGE('',*,*,#4588,.F.);
#4588 = EDGE_CURVE('',#4579,#4579,#4589,.T.);
#4589 = CIRCLE('',#4590,0.9);
#4590 = AXIS2_PLACEMENT_3D('',#4591,#4592,#4593);
#4591 = CARTESIAN_POINT('',(94.75,-16.74,37.75));
#4592 = DIRECTION('',(0.,-1.,0.));
#4593 = DIRECTION('',(1.,0.,0.));
#4594 = CYLINDRICAL_SURFACE('',#4595,0.9);
#4595 = AXIS2_PLACEMENT_3D('',#4596,#4597,#4598);
#4596 = CARTESIAN_POINT('',(94.75,-9.9,37.75));
#4597 = DIRECTION('',(0.,-1.,0.));
#4598 = DIRECTION('',(1.,0.,0.));
#4599 = ADVANCED_FACE('',(#4600),#4619,.F.);
#4600 = FACE_BOUND('',#4601,.F.);
#4601 = EDGE_LOOP('',(#4602,#4610,#4611,#4612));
#4602 = ORIENTED_EDGE('',*,*,#4603,.T.);
#4603 = EDGE_CURVE('',#4604,#1212,#4606,.T.);
#4604 = VERTEX_POINT('',#4605);
#4605 = CARTESIAN_POINT('',(93.75,-16.74,-37.75));
#4606 = LINE('',#4607,#4608);
#4607 = CARTESIAN_POINT('',(93.75,-9.9,-37.75));
#4608 = VECTOR('',#4609,1.);
#4609 = DIRECTION('',(0.,1.,0.));
#4610 = ORIENTED_EDGE('',*,*,#1211,.T.);
#4611 = ORIENTED_EDGE('',*,*,#4603,.F.);
#4612 = ORIENTED_EDGE('',*,*,#4613,.F.);
#4613 = EDGE_CURVE('',#4604,#4604,#4614,.T.);
#4614 = CIRCLE('',#4615,0.9);
#4615 = AXIS2_PLACEMENT_3D('',#4616,#4617,#4618);
#4616 = CARTESIAN_POINT('',(94.65,-16.74,-37.75));
#4617 = DIRECTION('',(0.,-1.,0.));
#4618 = DIRECTION('',(1.,0.,0.));
#4619 = CYLINDRICAL_SURFACE('',#4620,0.9);
#4620 = AXIS2_PLACEMENT_3D('',#4621,#4622,#4623);
#4621 = CARTESIAN_POINT('',(94.65,-9.9,-37.75));
#4622 = DIRECTION('',(0.,-1.,0.));
#4623 = DIRECTION('',(1.,0.,0.));
#4624 = ADVANCED_FACE('',(#4625),#4644,.F.);
#4625 = FACE_BOUND('',#4626,.F.);
#4626 = EDGE_LOOP('',(#4627,#4635,#4636,#4637));
#4627 = ORIENTED_EDGE('',*,*,#4628,.T.);
#4628 = EDGE_CURVE('',#4629,#1223,#4631,.T.);
#4629 = VERTEX_POINT('',#4630);
#4630 = CARTESIAN_POINT('',(-93.75,-16.74,-37.75));
#4631 = LINE('',#4632,#4633);
#4632 = CARTESIAN_POINT('',(-93.75,-9.9,-37.75));
#4633 = VECTOR('',#4634,1.);
#4634 = DIRECTION('',(0.,1.,0.));
#4635 = ORIENTED_EDGE('',*,*,#1222,.T.);
#4636 = ORIENTED_EDGE('',*,*,#4628,.F.);
#4637 = ORIENTED_EDGE('',*,*,#4638,.F.);
#4638 = EDGE_CURVE('',#4629,#4629,#4639,.T.);
#4639 = CIRCLE('',#4640,0.9);
#4640 = AXIS2_PLACEMENT_3D('',#4641,#4642,#4643);
#4641 = CARTESIAN_POINT('',(-94.65,-16.74,-37.75));
#4642 = DIRECTION('',(0.,-1.,0.));
#4643 = DIRECTION('',(-1.,0.,0.));
#4644 = CYLINDRICAL_SURFACE('',#4645,0.9);
#4645 = AXIS2_PLACEMENT_3D('',#4646,#4647,#4648);
#4646 = CARTESIAN_POINT('',(-94.65,-9.9,-37.75));
#4647 = DIRECTION('',(0.,1.,0.));
#4648 = DIRECTION('',(-1.,0.,0.));
#4649 = ADVANCED_FACE('',(#4650),#4707,.T.);
#4650 = FACE_BOUND('',#4651,.T.);
#4651 = EDGE_LOOP('',(#4652,#4662,#4670,#4678,#4686,#4692,#4693,#4701));
#4652 = ORIENTED_EDGE('',*,*,#4653,.F.);
#4653 = EDGE_CURVE('',#4654,#4656,#4658,.T.);
#4654 = VERTEX_POINT('',#4655);
#4655 = CARTESIAN_POINT('',(8.,-12.5,8.525574934373));
#4656 = VERTEX_POINT('',#4657);
#4657 = CARTESIAN_POINT('',(8.,-16.74,8.525574934373));
#4658 = LINE('',#4659,#4660);
#4659 = CARTESIAN_POINT('',(8.,-14.9,8.525574934373));
#4660 = VECTOR('',#4661,1.);
#4661 = DIRECTION('',(0.,-1.,0.));
#4662 = ORIENTED_EDGE('',*,*,#4663,.F.);
#4663 = EDGE_CURVE('',#4664,#4654,#4666,.T.);
#4664 = VERTEX_POINT('',#4665);
#4665 = CARTESIAN_POINT('',(-8.,-12.5,8.525574934373));
#4666 = LINE('',#4667,#4668);
#4667 = CARTESIAN_POINT('',(2.5,-12.5,8.525574934373));
#4668 = VECTOR('',#4669,1.);
#4669 = DIRECTION('',(1.,0.,0.));
#4670 = ORIENTED_EDGE('',*,*,#4671,.F.);
#4671 = EDGE_CURVE('',#4672,#4664,#4674,.T.);
#4672 = VERTEX_POINT('',#4673);
#4673 = CARTESIAN_POINT('',(-8.,-16.74,8.525574934373));
#4674 = LINE('',#4675,#4676);
#4675 = CARTESIAN_POINT('',(-8.,-14.9,8.525574934373));
#4676 = VECTOR('',#4677,1.);
#4677 = DIRECTION('',(0.,1.,0.));
#4678 = ORIENTED_EDGE('',*,*,#4679,.T.);
#4679 = EDGE_CURVE('',#4672,#4680,#4682,.T.);
#4680 = VERTEX_POINT('',#4681);
#4681 = CARTESIAN_POINT('',(-93.7500000149,-16.74,8.525574934373));
#4682 = LINE('',#4683,#4684);
#4683 = CARTESIAN_POINT('',(-2.75,-16.74,8.525574934373));
#4684 = VECTOR('',#4685,1.);
#4685 = DIRECTION('',(-1.,0.,-2.875075995351E-17));
#4686 = ORIENTED_EDGE('',*,*,#4687,.F.);
#4687 = EDGE_CURVE('',#1236,#4680,#4688,.T.);
#4688 = LINE('',#4689,#4690);
#4689 = CARTESIAN_POINT('',(-93.7500000149,-14.9,8.525574934373));
#4690 = VECTOR('',#4691,1.);
#4691 = DIRECTION('',(0.,-1.,0.));
#4692 = ORIENTED_EDGE('',*,*,#1233,.F.);
#4693 = ORIENTED_EDGE('',*,*,#4694,.F.);
#4694 = EDGE_CURVE('',#4695,#1234,#4697,.T.);
#4695 = VERTEX_POINT('',#4696);
#4696 = CARTESIAN_POINT('',(93.750000014901,-16.74,8.525574934373));
#4697 = LINE('',#4698,#4699);
#4698 = CARTESIAN_POINT('',(93.750000014901,-14.9,8.525574934373));
#4699 = VECTOR('',#4700,1.);
#4700 = DIRECTION('',(0.,1.,0.));
#4701 = ORIENTED_EDGE('',*,*,#4702,.T.);
#4702 = EDGE_CURVE('',#4695,#4656,#4703,.T.);
#4703 = LINE('',#4704,#4705);
#4704 = CARTESIAN_POINT('',(-2.75,-16.74,8.525574934373));
#4705 = VECTOR('',#4706,1.);
#4706 = DIRECTION('',(-1.,0.,-2.875075995351E-17));
#4707 = PLANE('',#4708);
#4708 = AXIS2_PLACEMENT_3D('',#4709,#4710,#4711);
#4709 = CARTESIAN_POINT('',(-5.,-14.9,8.525574934373));
#4710 = DIRECTION('',(2.875075995351E-17,0.,-1.));
#4711 = DIRECTION('',(-1.,-6.767049152209E-33,-2.875075995351E-17));
#4712 = ADVANCED_FACE('',(#4713),#4732,.F.);
#4713 = FACE_BOUND('',#4714,.F.);
#4714 = EDGE_LOOP('',(#4715,#4716,#4717,#4725));
#4715 = ORIENTED_EDGE('',*,*,#4687,.F.);
#4716 = ORIENTED_EDGE('',*,*,#1243,.F.);
#4717 = ORIENTED_EDGE('',*,*,#4718,.F.);
#4718 = EDGE_CURVE('',#4719,#1244,#4721,.T.);
#4719 = VERTEX_POINT('',#4720);
#4720 = CARTESIAN_POINT('',(-96.7500000149,-16.74,5.525574934373));
#4721 = LINE('',#4722,#4723);
#4722 = CARTESIAN_POINT('',(-96.7500000149,-14.9,5.525574934373));
#4723 = VECTOR('',#4724,1.);
#4724 = DIRECTION('',(0.,1.,0.));
#4725 = ORIENTED_EDGE('',*,*,#4726,.F.);
#4726 = EDGE_CURVE('',#4680,#4719,#4727,.T.);
#4727 = CIRCLE('',#4728,3.);
#4728 = AXIS2_PLACEMENT_3D('',#4729,#4730,#4731);
#4729 = CARTESIAN_POINT('',(-93.7500000149,-16.74,5.525574934373));
#4730 = DIRECTION('',(0.,-1.,0.));
#4731 = DIRECTION('',(-0.707106781187,0.,0.707106781187));
#4732 = CYLINDRICAL_SURFACE('',#4733,3.);
#4733 = AXIS2_PLACEMENT_3D('',#4734,#4735,#4736);
#4734 = CARTESIAN_POINT('',(-93.7500000149,-14.9,5.525574934373));
#4735 = DIRECTION('',(0.,1.,0.));
#4736 = DIRECTION('',(-0.707106781187,0.,0.707106781187));
#4737 = ADVANCED_FACE('',(#4738),#4756,.F.);
#4738 = FACE_BOUND('',#4739,.T.);
#4739 = EDGE_LOOP('',(#4740,#4748,#4749,#4750));
#4740 = ORIENTED_EDGE('',*,*,#4741,.F.);
#4741 = EDGE_CURVE('',#1253,#4742,#4744,.T.);
#4742 = VERTEX_POINT('',#4743);
#4743 = CARTESIAN_POINT('',(-96.7500000149,-16.74,-2.228604247521));
#4744 = LINE('',#4745,#4746);
#4745 = CARTESIAN_POINT('',(-96.7500000149,-14.9,-2.228604247521));
#4746 = VECTOR('',#4747,1.);
#4747 = DIRECTION('',(0.,-1.,0.));
#4748 = ORIENTED_EDGE('',*,*,#1252,.F.);
#4749 = ORIENTED_EDGE('',*,*,#4718,.F.);
#4750 = ORIENTED_EDGE('',*,*,#4751,.F.);
#4751 = EDGE_CURVE('',#4742,#4719,#4752,.T.);
#4752 = LINE('',#4753,#4754);
#4753 = CARTESIAN_POINT('',(-96.7500000149,-16.74,-22.12500000745));
#4754 = VECTOR('',#4755,1.);
#4755 = DIRECTION('',(-2.22044604925E-16,0.,1.));
#4756 = PLANE('',#4757);
#4757 = AXIS2_PLACEMENT_3D('',#4758,#4759,#4760);
#4758 = CARTESIAN_POINT('',(-96.7500000149,-14.9,-36.0000000149));
#4759 = DIRECTION('',(-1.,0.,-2.22044604925E-16));
#4760 = DIRECTION('',(-2.22044604925E-16,0.,1.));
#4761 = ADVANCED_FACE('',(#4762),#4781,.F.);
#4762 = FACE_BOUND('',#4763,.F.);
#4763 = EDGE_LOOP('',(#4764,#4765,#4766,#4774));
#4764 = ORIENTED_EDGE('',*,*,#4741,.F.);
#4765 = ORIENTED_EDGE('',*,*,#1260,.F.);
#4766 = ORIENTED_EDGE('',*,*,#4767,.F.);
#4767 = EDGE_CURVE('',#4768,#1261,#4770,.T.);
#4768 = VERTEX_POINT('',#4769);
#4769 = CARTESIAN_POINT('',(-93.7500000149,-16.74,-5.228604247521));
#4770 = LINE('',#4771,#4772);
#4771 = CARTESIAN_POINT('',(-93.7500000149,-14.9,-5.228604247521));
#4772 = VECTOR('',#4773,1.);
#4773 = DIRECTION('',(0.,1.,0.));
#4774 = ORIENTED_EDGE('',*,*,#4775,.F.);
#4775 = EDGE_CURVE('',#4742,#4768,#4776,.T.);
#4776 = CIRCLE('',#4777,3.);
#4777 = AXIS2_PLACEMENT_3D('',#4778,#4779,#4780);
#4778 = CARTESIAN_POINT('',(-93.7500000149,-16.74,-2.228604247521));
#4779 = DIRECTION('',(0.,-1.,0.));
#4780 = DIRECTION('',(-0.707106781187,-0.,-0.707106781187));
#4781 = CYLINDRICAL_SURFACE('',#4782,3.);
#4782 = AXIS2_PLACEMENT_3D('',#4783,#4784,#4785);
#4783 = CARTESIAN_POINT('',(-93.7500000149,-14.9,-2.228604247521));
#4784 = DIRECTION('',(0.,1.,0.));
#4785 = DIRECTION('',(-0.707106781187,0.,-0.707106781187));
#4786 = ADVANCED_FACE('',(#4787),#4837,.F.);
#4787 = FACE_BOUND('',#4788,.T.);
#4788 = EDGE_LOOP('',(#4789,#4799,#4807,#4815,#4821,#4822,#4823,#4831));
#4789 = ORIENTED_EDGE('',*,*,#4790,.F.);
#4790 = EDGE_CURVE('',#4791,#4793,#4795,.T.);
#4791 = VERTEX_POINT('',#4792);
#4792 = CARTESIAN_POINT('',(8.,-12.5,-5.228604247521));
#4793 = VERTEX_POINT('',#4794);
#4794 = CARTESIAN_POINT('',(-8.,-12.5,-5.228604247521));
#4795 = LINE('',#4796,#4797);
#4796 = CARTESIAN_POINT('',(2.5,-12.5,-5.228604247521));
#4797 = VECTOR('',#4798,1.);
#4798 = DIRECTION('',(-1.,0.,0.));
#4799 = ORIENTED_EDGE('',*,*,#4800,.F.);
#4800 = EDGE_CURVE('',#4801,#4791,#4803,.T.);
#4801 = VERTEX_POINT('',#4802);
#4802 = CARTESIAN_POINT('',(8.,-16.74,-5.228604247521));
#4803 = LINE('',#4804,#4805);
#4804 = CARTESIAN_POINT('',(8.,-14.9,-5.228604247521));
#4805 = VECTOR('',#4806,1.);
#4806 = DIRECTION('',(0.,1.,0.));
#4807 = ORIENTED_EDGE('',*,*,#4808,.F.);
#4808 = EDGE_CURVE('',#4809,#4801,#4811,.T.);
#4809 = VERTEX_POINT('',#4810);
#4810 = CARTESIAN_POINT('',(93.750000014901,-16.74,-5.228604247521));
#4811 = LINE('',#4812,#4813);
#4812 = CARTESIAN_POINT('',(-46.40617214237,-16.74,-5.228604247521));
#4813 = VECTOR('',#4814,1.);
#4814 = DIRECTION('',(-1.,0.,0.));
#4815 = ORIENTED_EDGE('',*,*,#4816,.F.);
#4816 = EDGE_CURVE('',#1270,#4809,#4817,.T.);
#4817 = LINE('',#4818,#4819);
#4818 = CARTESIAN_POINT('',(93.750000014901,-14.9,-5.228604247521));
#4819 = VECTOR('',#4820,1.);
#4820 = DIRECTION('',(0.,-1.,0.));
#4821 = ORIENTED_EDGE('',*,*,#1269,.F.);
#4822 = ORIENTED_EDGE('',*,*,#4767,.F.);
#4823 = ORIENTED_EDGE('',*,*,#4824,.F.);
#4824 = EDGE_CURVE('',#4825,#4768,#4827,.T.);
#4825 = VERTEX_POINT('',#4826);
#4826 = CARTESIAN_POINT('',(-8.,-16.74,-5.228604247521));
#4827 = LINE('',#4828,#4829);
#4828 = CARTESIAN_POINT('',(-46.40617214237,-16.74,-5.228604247521));
#4829 = VECTOR('',#4830,1.);
#4830 = DIRECTION('',(-1.,0.,0.));
#4831 = ORIENTED_EDGE('',*,*,#4832,.F.);
#4832 = EDGE_CURVE('',#4793,#4825,#4833,.T.);
#4833 = LINE('',#4834,#4835);
#4834 = CARTESIAN_POINT('',(-8.,-14.9,-5.228604247521));
#4835 = VECTOR('',#4836,1.);
#4836 = DIRECTION('',(0.,-1.,0.));
#4837 = PLANE('',#4838);
#4838 = AXIS2_PLACEMENT_3D('',#4839,#4840,#4841);
#4839 = CARTESIAN_POINT('',(-92.31234428475,-14.9,-5.228604247521));
#4840 = DIRECTION('',(0.,0.,-1.));
#4841 = DIRECTION('',(-1.,0.,0.));
#4842 = ADVANCED_FACE('',(#4843),#4862,.F.);
#4843 = FACE_BOUND('',#4844,.F.);
#4844 = EDGE_LOOP('',(#4845,#4846,#4847,#4855));
#4845 = ORIENTED_EDGE('',*,*,#4816,.F.);
#4846 = ORIENTED_EDGE('',*,*,#1277,.F.);
#4847 = ORIENTED_EDGE('',*,*,#4848,.F.);
#4848 = EDGE_CURVE('',#4849,#1278,#4851,.T.);
#4849 = VERTEX_POINT('',#4850);
#4850 = CARTESIAN_POINT('',(96.750000014901,-16.74,-2.228604247521));
#4851 = LINE('',#4852,#4853);
#4852 = CARTESIAN_POINT('',(96.750000014901,-14.9,-2.228604247521));
#4853 = VECTOR('',#4854,1.);
#4854 = DIRECTION('',(0.,1.,0.));
#4855 = ORIENTED_EDGE('',*,*,#4856,.T.);
#4856 = EDGE_CURVE('',#4849,#4809,#4857,.T.);
#4857 = CIRCLE('',#4858,3.);
#4858 = AXIS2_PLACEMENT_3D('',#4859,#4860,#4861);
#4859 = CARTESIAN_POINT('',(93.750000014901,-16.74,-2.228604247521));
#4860 = DIRECTION('',(0.,1.,0.));
#4861 = DIRECTION('',(0.707106781187,0.,-0.707106781187));
#4862 = CYLINDRICAL_SURFACE('',#4863,3.);
#4863 = AXIS2_PLACEMENT_3D('',#4864,#4865,#4866);
#4864 = CARTESIAN_POINT('',(93.750000014901,-14.9,-2.228604247521));
#4865 = DIRECTION('',(0.,-1.,0.));
#4866 = DIRECTION('',(0.707106781187,0.,-0.707106781187));
#4867 = ADVANCED_FACE('',(#4868),#4886,.F.);
#4868 = FACE_BOUND('',#4869,.T.);
#4869 = EDGE_LOOP('',(#4870,#4871,#4879,#4885));
#4870 = ORIENTED_EDGE('',*,*,#4848,.F.);
#4871 = ORIENTED_EDGE('',*,*,#4872,.F.);
#4872 = EDGE_CURVE('',#4873,#4849,#4875,.T.);
#4873 = VERTEX_POINT('',#4874);
#4874 = CARTESIAN_POINT('',(96.750000014901,-16.74,5.525574934373));
#4875 = LINE('',#4876,#4877);
#4876 = CARTESIAN_POINT('',(96.750000014901,-16.74,23.87500000745));
#4877 = VECTOR('',#4878,1.);
#4878 = DIRECTION('',(-2.22044604925E-16,0.,-1.));
#4879 = ORIENTED_EDGE('',*,*,#4880,.F.);
#4880 = EDGE_CURVE('',#1287,#4873,#4881,.T.);
#4881 = LINE('',#4882,#4883);
#4882 = CARTESIAN_POINT('',(96.750000014901,-14.9,5.525574934373));
#4883 = VECTOR('',#4884,1.);
#4884 = DIRECTION('',(0.,-1.,0.));
#4885 = ORIENTED_EDGE('',*,*,#1286,.F.);
#4886 = PLANE('',#4887);
#4887 = AXIS2_PLACEMENT_3D('',#4888,#4889,#4890);
#4888 = CARTESIAN_POINT('',(96.750000014901,-14.9,56.000000014901));
#4889 = DIRECTION('',(1.,0.,-2.22044604925E-16));
#4890 = DIRECTION('',(-2.22044604925E-16,0.,-1.));
#4891 = ADVANCED_FACE('',(#4892),#4904,.F.);
#4892 = FACE_BOUND('',#4893,.F.);
#4893 = EDGE_LOOP('',(#4894,#4895,#4896,#4897));
#4894 = ORIENTED_EDGE('',*,*,#4880,.F.);
#4895 = ORIENTED_EDGE('',*,*,#1294,.F.);
#4896 = ORIENTED_EDGE('',*,*,#4694,.F.);
#4897 = ORIENTED_EDGE('',*,*,#4898,.T.);
#4898 = EDGE_CURVE('',#4695,#4873,#4899,.T.);
#4899 = CIRCLE('',#4900,3.);
#4900 = AXIS2_PLACEMENT_3D('',#4901,#4902,#4903);
#4901 = CARTESIAN_POINT('',(93.750000014901,-16.74,5.525574934373));
#4902 = DIRECTION('',(-0.,1.,0.));
#4903 = DIRECTION('',(0.707106781187,0.,0.707106781187));
#4904 = CYLINDRICAL_SURFACE('',#4905,3.);
#4905 = AXIS2_PLACEMENT_3D('',#4906,#4907,#4908);
#4906 = CARTESIAN_POINT('',(93.750000014901,-14.9,5.525574934373));
#4907 = DIRECTION('',(0.,-1.,0.));
#4908 = DIRECTION('',(0.707106781187,0.,0.707106781187));
#4909 = ADVANCED_FACE('',(#4910),#4967,.T.);
#4910 = FACE_BOUND('',#4911,.T.);
#4911 = EDGE_LOOP('',(#4912,#4922,#4930,#4938,#4946,#4952,#4953,#4961));
#4912 = ORIENTED_EDGE('',*,*,#4913,.F.);
#4913 = EDGE_CURVE('',#4914,#4916,#4918,.T.);
#4914 = VERTEX_POINT('',#4915);
#4915 = CARTESIAN_POINT('',(8.,-12.5,23.525167700972));
#4916 = VERTEX_POINT('',#4917);
#4917 = CARTESIAN_POINT('',(8.,-16.74,23.525167700972));
#4918 = LINE('',#4919,#4920);
#4919 = CARTESIAN_POINT('',(8.,-14.1,23.525167700972));
#4920 = VECTOR('',#4921,1.);
#4921 = DIRECTION('',(0.,-1.,0.));
#4922 = ORIENTED_EDGE('',*,*,#4923,.F.);
#4923 = EDGE_CURVE('',#4924,#4914,#4926,.T.);
#4924 = VERTEX_POINT('',#4925);
#4925 = CARTESIAN_POINT('',(-5.,-12.5,23.525167700972));
#4926 = LINE('',#4927,#4928);
#4927 = CARTESIAN_POINT('',(2.500000037253,-12.5,23.525167700972));
#4928 = VECTOR('',#4929,1.);
#4929 = DIRECTION('',(1.,0.,0.));
#4930 = ORIENTED_EDGE('',*,*,#4931,.F.);
#4931 = EDGE_CURVE('',#4932,#4924,#4934,.T.);
#4932 = VERTEX_POINT('',#4933);
#4933 = CARTESIAN_POINT('',(-5.,-16.74,23.525167700972));
#4934 = LINE('',#4935,#4936);
#4935 = CARTESIAN_POINT('',(-5.,-14.1,23.525167700972));
#4936 = VECTOR('',#4937,1.);
#4937 = DIRECTION('',(0.,1.,0.));
#4938 = ORIENTED_EDGE('',*,*,#4939,.T.);
#4939 = EDGE_CURVE('',#4932,#4940,#4942,.T.);
#4940 = VERTEX_POINT('',#4941);
#4941 = CARTESIAN_POINT('',(-93.7500000149,-16.74,23.525167700972));
#4942 = LINE('',#4943,#4944);
#4943 = CARTESIAN_POINT('',(46.159552652196,-16.74,23.525167700972));
#4944 = VECTOR('',#4945,1.);
#4945 = DIRECTION('',(-1.,0.,0.));
#4946 = ORIENTED_EDGE('',*,*,#4947,.F.);
#4947 = EDGE_CURVE('',#1304,#4940,#4948,.T.);
#4948 = LINE('',#4949,#4950);
#4949 = CARTESIAN_POINT('',(-93.7500000149,-14.9,23.525167700972));
#4950 = VECTOR('',#4951,1.);
#4951 = DIRECTION('',(0.,-1.,0.));
#4952 = ORIENTED_EDGE('',*,*,#1303,.T.);
#4953 = ORIENTED_EDGE('',*,*,#4954,.F.);
#4954 = EDGE_CURVE('',#4955,#1306,#4957,.T.);
#4955 = VERTEX_POINT('',#4956);
#4956 = CARTESIAN_POINT('',(93.750000014901,-16.74,23.525167700972));
#4957 = LINE('',#4958,#4959);
#4958 = CARTESIAN_POINT('',(93.750000014901,-14.9,23.525167700972));
#4959 = VECTOR('',#4960,1.);
#4960 = DIRECTION('',(0.,1.,0.));
#4961 = ORIENTED_EDGE('',*,*,#4962,.T.);
#4962 = EDGE_CURVE('',#4955,#4916,#4963,.T.);
#4963 = LINE('',#4964,#4965);
#4964 = CARTESIAN_POINT('',(46.159552652196,-16.74,23.525167700972));
#4965 = VECTOR('',#4966,1.);
#4966 = DIRECTION('',(-1.,0.,0.));
#4967 = PLANE('',#4968);
#4968 = AXIS2_PLACEMENT_3D('',#4969,#4970,#4971);
#4969 = CARTESIAN_POINT('',(92.819105304393,-14.9,23.525167700972));
#4970 = DIRECTION('',(0.,0.,-1.));
#4971 = DIRECTION('',(-1.,0.,0.));
#4972 = ADVANCED_FACE('',(#4973),#4992,.F.);
#4973 = FACE_BOUND('',#4974,.F.);
#4974 = EDGE_LOOP('',(#4975,#4983,#4990,#4991));
#4975 = ORIENTED_EDGE('',*,*,#4976,.F.);
#4976 = EDGE_CURVE('',#4977,#1314,#4979,.T.);
#4977 = VERTEX_POINT('',#4978);
#4978 = CARTESIAN_POINT('',(-96.7500000149,-16.74,20.525167700972));
#4979 = LINE('',#4980,#4981);
#4980 = CARTESIAN_POINT('',(-96.7500000149,-14.9,20.525167700972));
#4981 = VECTOR('',#4982,1.);
#4982 = DIRECTION('',(0.,1.,0.));
#4983 = ORIENTED_EDGE('',*,*,#4984,.F.);
#4984 = EDGE_CURVE('',#4940,#4977,#4985,.T.);
#4985 = CIRCLE('',#4986,3.);
#4986 = AXIS2_PLACEMENT_3D('',#4987,#4988,#4989);
#4987 = CARTESIAN_POINT('',(-93.7500000149,-16.74,20.525167700972));
#4988 = DIRECTION('',(0.,-1.,0.));
#4989 = DIRECTION('',(-0.707106781187,0.,0.707106781187));
#4990 = ORIENTED_EDGE('',*,*,#4947,.F.);
#4991 = ORIENTED_EDGE('',*,*,#1313,.F.);
#4992 = CYLINDRICAL_SURFACE('',#4993,3.);
#4993 = AXIS2_PLACEMENT_3D('',#4994,#4995,#4996);
#4994 = CARTESIAN_POINT('',(-93.7500000149,-14.9,20.525167700972));
#4995 = DIRECTION('',(0.,-1.,0.));
#4996 = DIRECTION('',(-0.707106781187,0.,0.707106781187));
#4997 = ADVANCED_FACE('',(#4998),#5016,.F.);
#4998 = FACE_BOUND('',#4999,.T.);
#4999 = EDGE_LOOP('',(#5000,#5008,#5009,#5010));
#5000 = ORIENTED_EDGE('',*,*,#5001,.F.);
#5001 = EDGE_CURVE('',#1323,#5002,#5004,.T.);
#5002 = VERTEX_POINT('',#5003);
#5003 = CARTESIAN_POINT('',(-96.7500000149,-16.74,13.525572754188));
#5004 = LINE('',#5005,#5006);
#5005 = CARTESIAN_POINT('',(-96.7500000149,-14.9,13.525572754188));
#5006 = VECTOR('',#5007,1.);
#5007 = DIRECTION('',(0.,-1.,0.));
#5008 = ORIENTED_EDGE('',*,*,#1322,.F.);
#5009 = ORIENTED_EDGE('',*,*,#4976,.F.);
#5010 = ORIENTED_EDGE('',*,*,#5011,.F.);
#5011 = EDGE_CURVE('',#5002,#4977,#5012,.T.);
#5012 = LINE('',#5013,#5014);
#5013 = CARTESIAN_POINT('',(-96.7500000149,-16.74,-22.12500000745));
#5014 = VECTOR('',#5015,1.);
#5015 = DIRECTION('',(0.,0.,1.));
#5016 = PLANE('',#5017);
#5017 = AXIS2_PLACEMENT_3D('',#5018,#5019,#5020);
#5018 = CARTESIAN_POINT('',(-96.7500000149,-14.9,-36.0000000149));
#5019 = DIRECTION('',(-1.,0.,0.));
#5020 = DIRECTION('',(0.,0.,1.));
#5021 = ADVANCED_FACE('',(#5022),#5041,.F.);
#5022 = FACE_BOUND('',#5023,.F.);
#5023 = EDGE_LOOP('',(#5024,#5025,#5026,#5034));
#5024 = ORIENTED_EDGE('',*,*,#5001,.F.);
#5025 = ORIENTED_EDGE('',*,*,#1330,.F.);
#5026 = ORIENTED_EDGE('',*,*,#5027,.F.);
#5027 = EDGE_CURVE('',#5028,#1331,#5030,.T.);
#5028 = VERTEX_POINT('',#5029);
#5029 = CARTESIAN_POINT('',(-93.7500000149,-16.74,10.525572754188));
#5030 = LINE('',#5031,#5032);
#5031 = CARTESIAN_POINT('',(-93.7500000149,-14.9,10.525572754188));
#5032 = VECTOR('',#5033,1.);
#5033 = DIRECTION('',(0.,1.,0.));
#5034 = ORIENTED_EDGE('',*,*,#5035,.F.);
#5035 = EDGE_CURVE('',#5002,#5028,#5036,.T.);
#5036 = CIRCLE('',#5037,3.);
#5037 = AXIS2_PLACEMENT_3D('',#5038,#5039,#5040);
#5038 = CARTESIAN_POINT('',(-93.7500000149,-16.74,13.525572754188));
#5039 = DIRECTION('',(0.,-1.,0.));
#5040 = DIRECTION('',(-0.707106781187,-0.,-0.707106781187));
#5041 = CYLINDRICAL_SURFACE('',#5042,3.);
#5042 = AXIS2_PLACEMENT_3D('',#5043,#5044,#5045);
#5043 = CARTESIAN_POINT('',(-93.7500000149,-14.9,13.525572754188));
#5044 = DIRECTION('',(0.,1.,0.));
#5045 = DIRECTION('',(-0.707106781187,0.,-0.707106781187));
#5046 = ADVANCED_FACE('',(#5047),#5097,.F.);
#5047 = FACE_BOUND('',#5048,.T.);
#5048 = EDGE_LOOP('',(#5049,#5059,#5067,#5075,#5081,#5082,#5083,#5091));
#5049 = ORIENTED_EDGE('',*,*,#5050,.F.);
#5050 = EDGE_CURVE('',#5051,#5053,#5055,.T.);
#5051 = VERTEX_POINT('',#5052);
#5052 = CARTESIAN_POINT('',(8.,-12.5,10.525572754188));
#5053 = VERTEX_POINT('',#5054);
#5054 = CARTESIAN_POINT('',(-8.,-12.5,10.525572754188));
#5055 = LINE('',#5056,#5057);
#5056 = CARTESIAN_POINT('',(2.5,-12.5,10.525572754188));
#5057 = VECTOR('',#5058,1.);
#5058 = DIRECTION('',(-1.,0.,0.));
#5059 = ORIENTED_EDGE('',*,*,#5060,.F.);
#5060 = EDGE_CURVE('',#5061,#5051,#5063,.T.);
#5061 = VERTEX_POINT('',#5062);
#5062 = CARTESIAN_POINT('',(8.,-16.74,10.525572754188));
#5063 = LINE('',#5064,#5065);
#5064 = CARTESIAN_POINT('',(8.,-14.1,10.525572754188));
#5065 = VECTOR('',#5066,1.);
#5066 = DIRECTION('',(0.,1.,0.));
#5067 = ORIENTED_EDGE('',*,*,#5068,.F.);
#5068 = EDGE_CURVE('',#5069,#5061,#5071,.T.);
#5069 = VERTEX_POINT('',#5070);
#5070 = CARTESIAN_POINT('',(93.750000014901,-16.74,10.525572754188));
#5071 = LINE('',#5072,#5073);
#5072 = CARTESIAN_POINT('',(-46.66342364872,-16.74,10.525572754188));
#5073 = VECTOR('',#5074,1.);
#5074 = DIRECTION('',(-1.,0.,0.));
#5075 = ORIENTED_EDGE('',*,*,#5076,.F.);
#5076 = EDGE_CURVE('',#1340,#5069,#5077,.T.);
#5077 = LINE('',#5078,#5079);
#5078 = CARTESIAN_POINT('',(93.750000014901,-14.9,10.525572754188));
#5079 = VECTOR('',#5080,1.);
#5080 = DIRECTION('',(0.,-1.,0.));
#5081 = ORIENTED_EDGE('',*,*,#1339,.F.);
#5082 = ORIENTED_EDGE('',*,*,#5027,.F.);
#5083 = ORIENTED_EDGE('',*,*,#5084,.F.);
#5084 = EDGE_CURVE('',#5085,#5028,#5087,.T.);
#5085 = VERTEX_POINT('',#5086);
#5086 = CARTESIAN_POINT('',(-8.,-16.74,10.525572754188));
#5087 = LINE('',#5088,#5089);
#5088 = CARTESIAN_POINT('',(-46.66342364872,-16.74,10.525572754188));
#5089 = VECTOR('',#5090,1.);
#5090 = DIRECTION('',(-1.,0.,0.));
#5091 = ORIENTED_EDGE('',*,*,#5092,.F.);
#5092 = EDGE_CURVE('',#5053,#5085,#5093,.T.);
#5093 = LINE('',#5094,#5095);
#5094 = CARTESIAN_POINT('',(-8.,-14.1,10.525572754188));
#5095 = VECTOR('',#5096,1.);
#5096 = DIRECTION('',(0.,-1.,0.));
#5097 = PLANE('',#5098);
#5098 = AXIS2_PLACEMENT_3D('',#5099,#5100,#5101);
#5099 = CARTESIAN_POINT('',(-92.82684729745,-14.9,10.525572754188));
#5100 = DIRECTION('',(0.,0.,-1.));
#5101 = DIRECTION('',(-1.,0.,0.));
#5102 = ADVANCED_FACE('',(#5103),#5122,.F.);
#5103 = FACE_BOUND('',#5104,.F.);
#5104 = EDGE_LOOP('',(#5105,#5106,#5107,#5115));
#5105 = ORIENTED_EDGE('',*,*,#5076,.F.);
#5106 = ORIENTED_EDGE('',*,*,#1347,.F.);
#5107 = ORIENTED_EDGE('',*,*,#5108,.F.);
#5108 = EDGE_CURVE('',#5109,#1348,#5111,.T.);
#5109 = VERTEX_POINT('',#5110);
#5110 = CARTESIAN_POINT('',(96.750000014901,-16.74,13.525572754188));
#5111 = LINE('',#5112,#5113);
#5112 = CARTESIAN_POINT('',(96.750000014901,-14.9,13.525572754188));
#5113 = VECTOR('',#5114,1.);
#5114 = DIRECTION('',(0.,1.,0.));
#5115 = ORIENTED_EDGE('',*,*,#5116,.T.);
#5116 = EDGE_CURVE('',#5109,#5069,#5117,.T.);
#5117 = CIRCLE('',#5118,3.);
#5118 = AXIS2_PLACEMENT_3D('',#5119,#5120,#5121);
#5119 = CARTESIAN_POINT('',(93.750000014901,-16.74,13.525572754188));
#5120 = DIRECTION('',(0.,1.,0.));
#5121 = DIRECTION('',(0.707106781187,0.,-0.707106781187));
#5122 = CYLINDRICAL_SURFACE('',#5123,3.);
#5123 = AXIS2_PLACEMENT_3D('',#5124,#5125,#5126);
#5124 = CARTESIAN_POINT('',(93.750000014901,-14.9,13.525572754188));
#5125 = DIRECTION('',(0.,-1.,0.));
#5126 = DIRECTION('',(0.707106781187,0.,-0.707106781187));
#5127 = ADVANCED_FACE('',(#5128),#5146,.F.);
#5128 = FACE_BOUND('',#5129,.T.);
#5129 = EDGE_LOOP('',(#5130,#5131,#5139,#5145));
#5130 = ORIENTED_EDGE('',*,*,#5108,.F.);
#5131 = ORIENTED_EDGE('',*,*,#5132,.F.);
#5132 = EDGE_CURVE('',#5133,#5109,#5135,.T.);
#5133 = VERTEX_POINT('',#5134);
#5134 = CARTESIAN_POINT('',(96.750000014901,-16.74,20.525167700972));
#5135 = LINE('',#5136,#5137);
#5136 = CARTESIAN_POINT('',(96.750000014901,-16.74,23.87500000745));
#5137 = VECTOR('',#5138,1.);
#5138 = DIRECTION('',(0.,0.,-1.));
#5139 = ORIENTED_EDGE('',*,*,#5140,.F.);
#5140 = EDGE_CURVE('',#1357,#5133,#5141,.T.);
#5141 = LINE('',#5142,#5143);
#5142 = CARTESIAN_POINT('',(96.750000014901,-14.9,20.525167700972));
#5143 = VECTOR('',#5144,1.);
#5144 = DIRECTION('',(0.,-1.,0.));
#5145 = ORIENTED_EDGE('',*,*,#1356,.F.);
#5146 = PLANE('',#5147);
#5147 = AXIS2_PLACEMENT_3D('',#5148,#5149,#5150);
#5148 = CARTESIAN_POINT('',(96.750000014901,-14.9,56.000000014901));
#5149 = DIRECTION('',(1.,0.,0.));
#5150 = DIRECTION('',(0.,0.,-1.));
#5151 = ADVANCED_FACE('',(#5152),#5164,.F.);
#5152 = FACE_BOUND('',#5153,.F.);
#5153 = EDGE_LOOP('',(#5154,#5155,#5156,#5157));
#5154 = ORIENTED_EDGE('',*,*,#5140,.F.);
#5155 = ORIENTED_EDGE('',*,*,#1364,.F.);
#5156 = ORIENTED_EDGE('',*,*,#4954,.F.);
#5157 = ORIENTED_EDGE('',*,*,#5158,.T.);
#5158 = EDGE_CURVE('',#4955,#5133,#5159,.T.);
#5159 = CIRCLE('',#5160,3.);
#5160 = AXIS2_PLACEMENT_3D('',#5161,#5162,#5163);
#5161 = CARTESIAN_POINT('',(93.750000014901,-16.74,20.525167700972));
#5162 = DIRECTION('',(-0.,1.,0.));
#5163 = DIRECTION('',(0.707106781187,0.,0.707106781187));
#5164 = CYLINDRICAL_SURFACE('',#5165,3.);
#5165 = AXIS2_PLACEMENT_3D('',#5166,#5167,#5168);
#5166 = CARTESIAN_POINT('',(93.750000014901,-14.9,20.525167700972));
#5167 = DIRECTION('',(0.,1.,0.));
#5168 = DIRECTION('',(0.707106781187,0.,0.707106781187));
#5169 = ADVANCED_FACE('',(#5170),#5189,.F.);
#5170 = FACE_BOUND('',#5171,.F.);
#5171 = EDGE_LOOP('',(#5172,#5180,#5181,#5182));
#5172 = ORIENTED_EDGE('',*,*,#5173,.T.);
#5173 = EDGE_CURVE('',#5174,#1374,#5176,.T.);
#5174 = VERTEX_POINT('',#5175);
#5175 = CARTESIAN_POINT('',(42.742949044291,-16.74,62.066902997766));
#5176 = LINE('',#5177,#5178);
#5177 = CARTESIAN_POINT('',(42.742949044291,-9.9,62.066902997766));
#5178 = VECTOR('',#5179,1.);
#5179 = DIRECTION('',(0.,1.,0.));
#5180 = ORIENTED_EDGE('',*,*,#1373,.F.);
#5181 = ORIENTED_EDGE('',*,*,#5173,.F.);
#5182 = ORIENTED_EDGE('',*,*,#5183,.F.);
#5183 = EDGE_CURVE('',#5174,#5174,#5184,.T.);
#5184 = CIRCLE('',#5185,0.9);
#5185 = AXIS2_PLACEMENT_3D('',#5186,#5187,#5188);
#5186 = CARTESIAN_POINT('',(41.842949044291,-16.74,62.066902997766));
#5187 = DIRECTION('',(0.,-1.,0.));
#5188 = DIRECTION('',(-1.,0.,0.));
#5189 = CYLINDRICAL_SURFACE('',#5190,0.9);
#5190 = AXIS2_PLACEMENT_3D('',#5191,#5192,#5193);
#5191 = CARTESIAN_POINT('',(41.842949044291,-9.9,62.066902997766));
#5192 = DIRECTION('',(0.,-1.,0.));
#5193 = DIRECTION('',(-1.,0.,0.));
#5194 = ADVANCED_FACE('',(#5195),#5214,.F.);
#5195 = FACE_BOUND('',#5196,.F.);
#5196 = EDGE_LOOP('',(#5197,#5205,#5206,#5207));
#5197 = ORIENTED_EDGE('',*,*,#5198,.T.);
#5198 = EDGE_CURVE('',#5199,#1385,#5201,.T.);
#5199 = VERTEX_POINT('',#5200);
#5200 = CARTESIAN_POINT('',(89.3,-16.74,62.217));
#5201 = LINE('',#5202,#5203);
#5202 = CARTESIAN_POINT('',(89.3,-13.3,62.217));
#5203 = VECTOR('',#5204,1.);
#5204 = DIRECTION('',(0.,1.,0.));
#5205 = ORIENTED_EDGE('',*,*,#1384,.T.);
#5206 = ORIENTED_EDGE('',*,*,#5198,.F.);
#5207 = ORIENTED_EDGE('',*,*,#5208,.T.);
#5208 = EDGE_CURVE('',#5199,#5199,#5209,.T.);
#5209 = CIRCLE('',#5210,0.9);
#5210 = AXIS2_PLACEMENT_3D('',#5211,#5212,#5213);
#5211 = CARTESIAN_POINT('',(90.2,-16.74,62.217));
#5212 = DIRECTION('',(-0.,1.,0.));
#5213 = DIRECTION('',(1.,0.,1.751623080406E-46));
#5214 = CYLINDRICAL_SURFACE('',#5215,0.9);
#5215 = AXIS2_PLACEMENT_3D('',#5216,#5217,#5218);
#5216 = CARTESIAN_POINT('',(90.2,-13.3,62.217));
#5217 = DIRECTION('',(0.,1.,0.));
#5218 = DIRECTION('',(1.,0.,1.751623080406E-46));
#5219 = ADVANCED_FACE('',(#5220),#5236,.F.);
#5220 = FACE_BOUND('',#5221,.F.);
#5221 = EDGE_LOOP('',(#5222,#5228,#5229,#5235));
#5222 = ORIENTED_EDGE('',*,*,#5223,.F.);
#5223 = EDGE_CURVE('',#1530,#1429,#5224,.T.);
#5224 = LINE('',#5225,#5226);
#5225 = CARTESIAN_POINT('',(92.7,-17.15,-47.8));
#5226 = VECTOR('',#5227,1.);
#5227 = DIRECTION('',(0.,-1.,0.));
#5228 = ORIENTED_EDGE('',*,*,#1537,.F.);
#5229 = ORIENTED_EDGE('',*,*,#5230,.F.);
#5230 = EDGE_CURVE('',#1427,#1538,#5231,.T.);
#5231 = LINE('',#5232,#5233);
#5232 = CARTESIAN_POINT('',(95.7,-17.15,-50.8));
#5233 = VECTOR('',#5234,1.);
#5234 = DIRECTION('',(0.,1.,0.));
#5235 = ORIENTED_EDGE('',*,*,#1426,.T.);
#5236 = CYLINDRICAL_SURFACE('',#5237,3.);
#5237 = AXIS2_PLACEMENT_3D('',#5238,#5239,#5240);
#5238 = CARTESIAN_POINT('',(95.7,-17.15,-47.8));
#5239 = DIRECTION('',(0.,1.,0.));
#5240 = DIRECTION('',(-0.707106781187,0.,-0.707106781187));
#5241 = ADVANCED_FACE('',(#5242),#5248,.T.);
#5242 = FACE_BOUND('',#5243,.T.);
#5243 = EDGE_LOOP('',(#5244,#5245,#5246,#5247));
#5244 = ORIENTED_EDGE('',*,*,#5223,.F.);
#5245 = ORIENTED_EDGE('',*,*,#1529,.F.);
#5246 = ORIENTED_EDGE('',*,*,#1495,.F.);
#5247 = ORIENTED_EDGE('',*,*,#1437,.T.);
#5248 = PLANE('',#5249);
#5249 = AXIS2_PLACEMENT_3D('',#5250,#5251,#5252);
#5250 = CARTESIAN_POINT('',(92.7,-13.3,-41.50000056624));
#5251 = DIRECTION('',(1.,0.,0.));
#5252 = DIRECTION('',(0.,0.,-1.));
#5253 = ADVANCED_FACE('',(#5254),#5273,.F.);
#5254 = FACE_BOUND('',#5255,.F.);
#5255 = EDGE_LOOP('',(#5256,#5257,#5258,#5266));
#5256 = ORIENTED_EDGE('',*,*,#2105,.F.);
#5257 = ORIENTED_EDGE('',*,*,#1462,.T.);
#5258 = ORIENTED_EDGE('',*,*,#5259,.F.);
#5259 = EDGE_CURVE('',#5260,#1463,#5262,.T.);
#5260 = VERTEX_POINT('',#5261);
#5261 = CARTESIAN_POINT('',(98.2,-1.6,-50.8));
#5262 = LINE('',#5263,#5264);
#5263 = CARTESIAN_POINT('',(98.2,-10.5,-50.8));
#5264 = VECTOR('',#5265,1.);
#5265 = DIRECTION('',(0.,-1.,0.));
#5266 = ORIENTED_EDGE('',*,*,#5267,.F.);
#5267 = EDGE_CURVE('',#2098,#5260,#5268,.T.);
#5268 = CIRCLE('',#5269,3.);
#5269 = AXIS2_PLACEMENT_3D('',#5270,#5271,#5272);
#5270 = CARTESIAN_POINT('',(98.2,-1.6,-47.8));
#5271 = DIRECTION('',(0.,1.,0.));
#5272 = DIRECTION('',(0.707106781187,0.,-0.707106781187));
#5273 = CYLINDRICAL_SURFACE('',#5274,3.);
#5274 = AXIS2_PLACEMENT_3D('',#5275,#5276,#5277);
#5275 = CARTESIAN_POINT('',(98.2,-10.5,-47.8));
#5276 = DIRECTION('',(0.,1.,0.));
#5277 = DIRECTION('',(0.707106781187,0.,-0.707106781187));
#5278 = ADVANCED_FACE('',(#5279),#5298,.T.);
#5279 = FACE_BOUND('',#5280,.T.);
#5280 = EDGE_LOOP('',(#5281,#5282,#5283,#5284,#5292));
#5281 = ORIENTED_EDGE('',*,*,#5230,.F.);
#5282 = ORIENTED_EDGE('',*,*,#1471,.T.);
#5283 = ORIENTED_EDGE('',*,*,#5259,.F.);
#5284 = ORIENTED_EDGE('',*,*,#5285,.T.);
#5285 = EDGE_CURVE('',#5260,#5286,#5288,.T.);
#5286 = VERTEX_POINT('',#5287);
#5287 = CARTESIAN_POINT('',(95.7,-1.6,-50.8));
#5288 = LINE('',#5289,#5290);
#5289 = CARTESIAN_POINT('',(46.35,-1.6,-50.8));
#5290 = VECTOR('',#5291,1.);
#5291 = DIRECTION('',(-1.,0.,3.552713678801E-15));
#5292 = ORIENTED_EDGE('',*,*,#5293,.F.);
#5293 = EDGE_CURVE('',#1538,#5286,#5294,.T.);
#5294 = LINE('',#5295,#5296);
#5295 = CARTESIAN_POINT('',(95.7,-21.,-50.8));
#5296 = VECTOR('',#5297,1.);
#5297 = DIRECTION('',(0.,1.,0.));
#5298 = PLANE('',#5299);
#5299 = AXIS2_PLACEMENT_3D('',#5300,#5301,#5302);
#5300 = CARTESIAN_POINT('',(92.7,-21.,-50.8));
#5301 = DIRECTION('',(3.552713678801E-15,0.,1.));
#5302 = DIRECTION('',(1.,0.,-3.552713678801E-15));
#5303 = ADVANCED_FACE('',(#5304),#5323,.T.);
#5304 = FACE_BOUND('',#5305,.T.);
#5305 = EDGE_LOOP('',(#5306,#5315,#5321,#5322));
#5306 = ORIENTED_EDGE('',*,*,#5307,.T.);
#5307 = EDGE_CURVE('',#5286,#5308,#5310,.T.);
#5308 = VERTEX_POINT('',#5309);
#5309 = CARTESIAN_POINT('',(92.7,-1.6,-53.8));
#5310 = CIRCLE('',#5311,3.);
#5311 = AXIS2_PLACEMENT_3D('',#5312,#5313,#5314);
#5312 = CARTESIAN_POINT('',(95.7,-1.6,-53.8));
#5313 = DIRECTION('',(0.,-1.,0.));
#5314 = DIRECTION('',(-0.707106781187,0.,0.707106781187));
#5315 = ORIENTED_EDGE('',*,*,#5316,.T.);
#5316 = EDGE_CURVE('',#5308,#1547,#5317,.T.);
#5317 = LINE('',#5318,#5319);
#5318 = CARTESIAN_POINT('',(92.7,-21.,-53.8));
#5319 = VECTOR('',#5320,1.);
#5320 = DIRECTION('',(0.,-1.,0.));
#5321 = ORIENTED_EDGE('',*,*,#1546,.F.);
#5322 = ORIENTED_EDGE('',*,*,#5293,.T.);
#5323 = CYLINDRICAL_SURFACE('',#5324,3.);
#5324 = AXIS2_PLACEMENT_3D('',#5325,#5326,#5327);
#5325 = CARTESIAN_POINT('',(95.7,-21.,-53.8));
#5326 = DIRECTION('',(0.,1.,0.));
#5327 = DIRECTION('',(-0.707106781187,0.,0.707106781187));
#5328 = ADVANCED_FACE('',(#5329),#5347,.T.);
#5329 = FACE_BOUND('',#5330,.T.);
#5330 = EDGE_LOOP('',(#5331,#5332,#5340,#5346));
#5331 = ORIENTED_EDGE('',*,*,#5316,.F.);
#5332 = ORIENTED_EDGE('',*,*,#5333,.T.);
#5333 = EDGE_CURVE('',#5308,#5334,#5336,.T.);
#5334 = VERTEX_POINT('',#5335);
#5335 = CARTESIAN_POINT('',(92.7,-1.6,-56.3));
#5336 = LINE('',#5337,#5338);
#5337 = CARTESIAN_POINT('',(92.7,-1.6,-26.79575));
#5338 = VECTOR('',#5339,1.);
#5339 = DIRECTION('',(0.,0.,-1.));
#5340 = ORIENTED_EDGE('',*,*,#5341,.F.);
#5341 = EDGE_CURVE('',#1556,#5334,#5342,.T.);
#5342 = LINE('',#5343,#5344);
#5343 = CARTESIAN_POINT('',(92.7,-10.5,-56.3));
#5344 = VECTOR('',#5345,1.);
#5345 = DIRECTION('',(0.,1.,0.));
#5346 = ORIENTED_EDGE('',*,*,#1555,.T.);
#5347 = PLANE('',#5348);
#5348 = AXIS2_PLACEMENT_3D('',#5349,#5350,#5351);
#5349 = CARTESIAN_POINT('',(92.7,-21.,-58.3));
#5350 = DIRECTION('',(-1.,0.,0.));
#5351 = DIRECTION('',(0.,0.,1.));
#5352 = ADVANCED_FACE('',(#5353),#5365,.F.);
#5353 = FACE_BOUND('',#5354,.F.);
#5354 = EDGE_LOOP('',(#5355,#5356,#5363,#5364));
#5355 = ORIENTED_EDGE('',*,*,#1678,.F.);
#5356 = ORIENTED_EDGE('',*,*,#5357,.F.);
#5357 = EDGE_CURVE('',#5334,#1679,#5358,.T.);
#5358 = CIRCLE('',#5359,3.);
#5359 = AXIS2_PLACEMENT_3D('',#5360,#5361,#5362);
#5360 = CARTESIAN_POINT('',(89.7,-1.6,-56.3));
#5361 = DIRECTION('',(0.,1.,0.));
#5362 = DIRECTION('',(0.707106781187,0.,-0.707106781187));
#5363 = ORIENTED_EDGE('',*,*,#5341,.F.);
#5364 = ORIENTED_EDGE('',*,*,#1563,.T.);
#5365 = CYLINDRICAL_SURFACE('',#5366,3.);
#5366 = AXIS2_PLACEMENT_3D('',#5367,#5368,#5369);
#5367 = CARTESIAN_POINT('',(89.7,-10.5,-56.3));
#5368 = DIRECTION('',(0.,-1.,0.));
#5369 = DIRECTION('',(0.707106781187,0.,-0.707106781187));
#5370 = ADVANCED_FACE('',(#5371),#5390,.F.);
#5371 = FACE_BOUND('',#5372,.F.);
#5372 = EDGE_LOOP('',(#5373,#5381,#5388,#5389));
#5373 = ORIENTED_EDGE('',*,*,#5374,.T.);
#5374 = EDGE_CURVE('',#1590,#5375,#5377,.T.);
#5375 = VERTEX_POINT('',#5376);
#5376 = CARTESIAN_POINT('',(89.399999999925,-16.74,-55.155));
#5377 = LINE('',#5378,#5379);
#5378 = CARTESIAN_POINT('',(89.399999999925,-12.4,-55.155));
#5379 = VECTOR('',#5380,1.);
#5380 = DIRECTION('',(0.,-1.,0.));
#5381 = ORIENTED_EDGE('',*,*,#5382,.F.);
#5382 = EDGE_CURVE('',#5375,#5375,#5383,.T.);
#5383 = CIRCLE('',#5384,0.9);
#5384 = AXIS2_PLACEMENT_3D('',#5385,#5386,#5387);
#5385 = CARTESIAN_POINT('',(88.499999999925,-16.74,-55.155));
#5386 = DIRECTION('',(0.,-1.,0.));
#5387 = DIRECTION('',(-1.,0.,0.));
#5388 = ORIENTED_EDGE('',*,*,#5374,.F.);
#5389 = ORIENTED_EDGE('',*,*,#1589,.T.);
#5390 = CYLINDRICAL_SURFACE('',#5391,0.9);
#5391 = AXIS2_PLACEMENT_3D('',#5392,#5393,#5394);
#5392 = CARTESIAN_POINT('',(88.499999999925,-12.4,-55.155));
#5393 = DIRECTION('',(0.,-1.,0.));
#5394 = DIRECTION('',(-1.,0.,0.));
#5395 = ADVANCED_FACE('',(#5396),#5415,.F.);
#5396 = FACE_BOUND('',#5397,.F.);
#5397 = EDGE_LOOP('',(#5398,#5406,#5413,#5414));
#5398 = ORIENTED_EDGE('',*,*,#5399,.T.);
#5399 = EDGE_CURVE('',#1601,#5400,#5402,.T.);
#5400 = VERTEX_POINT('',#5401);
#5401 = CARTESIAN_POINT('',(89.399999999925,-16.74,-46.155));
#5402 = LINE('',#5403,#5404);
#5403 = CARTESIAN_POINT('',(89.399999999925,-12.4,-46.155));
#5404 = VECTOR('',#5405,1.);
#5405 = DIRECTION('',(0.,-1.,0.));
#5406 = ORIENTED_EDGE('',*,*,#5407,.F.);
#5407 = EDGE_CURVE('',#5400,#5400,#5408,.T.);
#5408 = CIRCLE('',#5409,0.9);
#5409 = AXIS2_PLACEMENT_3D('',#5410,#5411,#5412);
#5410 = CARTESIAN_POINT('',(88.499999999925,-16.74,-46.155));
#5411 = DIRECTION('',(0.,-1.,0.));
#5412 = DIRECTION('',(-1.,0.,0.));
#5413 = ORIENTED_EDGE('',*,*,#5399,.F.);
#5414 = ORIENTED_EDGE('',*,*,#1600,.T.);
#5415 = CYLINDRICAL_SURFACE('',#5416,0.9);
#5416 = AXIS2_PLACEMENT_3D('',#5417,#5418,#5419);
#5417 = CARTESIAN_POINT('',(88.499999999925,-12.4,-46.155));
#5418 = DIRECTION('',(0.,-1.,0.));
#5419 = DIRECTION('',(-1.,0.,0.));
#5420 = ADVANCED_FACE('',(#5421,#5437),#5448,.F.);
#5421 = FACE_BOUND('',#5422,.T.);
#5422 = EDGE_LOOP('',(#5423,#5424,#5425,#5426,#5427,#5434,#5435,#5436));
#5423 = ORIENTED_EDGE('',*,*,#5307,.F.);
#5424 = ORIENTED_EDGE('',*,*,#5285,.F.);
#5425 = ORIENTED_EDGE('',*,*,#5267,.F.);
#5426 = ORIENTED_EDGE('',*,*,#2097,.F.);
#5427 = ORIENTED_EDGE('',*,*,#5428,.F.);
#5428 = EDGE_CURVE('',#1687,#2090,#5429,.T.);
#5429 = CIRCLE('',#5430,8.5);
#5430 = AXIS2_PLACEMENT_3D('',#5431,#5432,#5433);
#5431 = CARTESIAN_POINT('',(92.7,-1.6,-50.8));
#5432 = DIRECTION('',(0.,-1.,0.));
#5433 = DIRECTION('',(0.707106781187,0.,-0.707106781187));
#5434 = ORIENTED_EDGE('',*,*,#1686,.F.);
#5435 = ORIENTED_EDGE('',*,*,#5357,.F.);
#5436 = ORIENTED_EDGE('',*,*,#5333,.F.);
#5437 = FACE_BOUND('',#5438,.T.);
#5438 = EDGE_LOOP('',(#5439));
#5439 = ORIENTED_EDGE('',*,*,#5440,.F.);
#5440 = EDGE_CURVE('',#5441,#5441,#5443,.T.);
#5441 = VERTEX_POINT('',#5442);
#5442 = CARTESIAN_POINT('',(93.8,-1.6,-52.8));
#5443 = CIRCLE('',#5444,0.9);
#5444 = AXIS2_PLACEMENT_3D('',#5445,#5446,#5447);
#5445 = CARTESIAN_POINT('',(94.7,-1.6,-52.8));
#5446 = DIRECTION('',(-0.,1.,0.));
#5447 = DIRECTION('',(1.,0.,0.));
#5448 = PLANE('',#5449);
#5449 = AXIS2_PLACEMENT_3D('',#5450,#5451,#5452);
#5450 = CARTESIAN_POINT('',(-96.40905603291,-1.6,63.967));
#5451 = DIRECTION('',(0.,-1.,0.));
#5452 = DIRECTION('',(-1.,0.,0.));
#5453 = ADVANCED_FACE('',(#5454),#5466,.F.);
#5454 = FACE_BOUND('',#5455,.F.);
#5455 = EDGE_LOOP('',(#5456,#5457,#5458,#5459));
#5456 = ORIENTED_EDGE('',*,*,#2089,.F.);
#5457 = ORIENTED_EDGE('',*,*,#5428,.F.);
#5458 = ORIENTED_EDGE('',*,*,#1694,.F.);
#5459 = ORIENTED_EDGE('',*,*,#5460,.T.);
#5460 = EDGE_CURVE('',#1695,#2080,#5461,.T.);
#5461 = CIRCLE('',#5462,8.5);
#5462 = AXIS2_PLACEMENT_3D('',#5463,#5464,#5465);
#5463 = CARTESIAN_POINT('',(92.7,-0.482842712475,-50.8));
#5464 = DIRECTION('',(0.,-1.,0.));
#5465 = DIRECTION('',(0.707106781187,0.,-0.707106781187));
#5466 = CYLINDRICAL_SURFACE('',#5467,8.5);
#5467 = AXIS2_PLACEMENT_3D('',#5468,#5469,#5470);
#5468 = CARTESIAN_POINT('',(92.7,-2.22044604925E-15,-50.8));
#5469 = DIRECTION('',(0.,-1.,0.));
#5470 = DIRECTION('',(0.707106781187,0.,-0.707106781187));
#5471 = ADVANCED_FACE('',(#5472),#5499,.T.);
#5472 = FACE_BOUND('',#5473,.T.);
#5473 = EDGE_LOOP('',(#5474,#5483,#5484,#5493));
#5474 = ORIENTED_EDGE('',*,*,#5475,.F.);
#5475 = EDGE_CURVE('',#1703,#5476,#5478,.T.);
#5476 = VERTEX_POINT('',#5477);
#5477 = CARTESIAN_POINT('',(-92.7,-0.341421356237,-59.64142135623));
#5478 = CIRCLE('',#5479,0.2);
#5479 = AXIS2_PLACEMENT_3D('',#5480,#5481,#5482);
#5480 = CARTESIAN_POINT('',(-92.7,-0.482842712475,-59.5));
#5481 = DIRECTION('',(-1.,-1.256073966947E-13,0.));
#5482 = DIRECTION('',(0.,0.,1.));
#5483 = ORIENTED_EDGE('',*,*,#1702,.T.);
#5484 = ORIENTED_EDGE('',*,*,#5485,.T.);
#5485 = EDGE_CURVE('',#1695,#5486,#5488,.T.);
#5486 = VERTEX_POINT('',#5487);
#5487 = CARTESIAN_POINT('',(92.7,-0.341421356237,-59.64142135623));
#5488 = CIRCLE('',#5489,0.2);
#5489 = AXIS2_PLACEMENT_3D('',#5490,#5491,#5492);
#5490 = CARTESIAN_POINT('',(92.7,-0.482842712475,-59.5));
#5491 = DIRECTION('',(-1.,0.,0.));
#5492 = DIRECTION('',(0.,-1.734723475977E-15,1.));
#5493 = ORIENTED_EDGE('',*,*,#5494,.T.);
#5494 = EDGE_CURVE('',#5486,#5476,#5495,.T.);
#5495 = LINE('',#5496,#5497);
#5496 = CARTESIAN_POINT('',(-77.025,-0.341421356237,-59.64142135623));
#5497 = VECTOR('',#5498,1.);
#5498 = DIRECTION('',(-1.,0.,0.));
#5499 = CYLINDRICAL_SURFACE('',#5500,0.2);
#5500 = AXIS2_PLACEMENT_3D('',#5501,#5502,#5503);
#5501 = CARTESIAN_POINT('',(-77.025,-0.482842712475,-59.5));
#5502 = DIRECTION('',(1.,0.,0.));
#5503 = DIRECTION('',(0.,0.923879532511,0.382683432365));
#5504 = ADVANCED_FACE('',(#5505),#5523,.F.);
#5505 = FACE_BOUND('',#5506,.F.);
#5506 = EDGE_LOOP('',(#5507,#5508,#5515,#5516));
#5507 = ORIENTED_EDGE('',*,*,#1710,.F.);
#5508 = ORIENTED_EDGE('',*,*,#5509,.F.);
#5509 = EDGE_CURVE('',#3387,#1711,#5510,.T.);
#5510 = CIRCLE('',#5511,8.5);
#5511 = AXIS2_PLACEMENT_3D('',#5512,#5513,#5514);
#5512 = CARTESIAN_POINT('',(-92.7,-1.6,-50.8));
#5513 = DIRECTION('',(0.,-1.,0.));
#5514 = DIRECTION('',(-0.707106781187,-0.,-0.707106781187));
#5515 = ORIENTED_EDGE('',*,*,#3394,.F.);
#5516 = ORIENTED_EDGE('',*,*,#5517,.T.);
#5517 = EDGE_CURVE('',#3284,#1703,#5518,.T.);
#5518 = CIRCLE('',#5519,8.5);
#5519 = AXIS2_PLACEMENT_3D('',#5520,#5521,#5522);
#5520 = CARTESIAN_POINT('',(-92.7,-0.482842712475,-50.8));
#5521 = DIRECTION('',(0.,-1.,0.));
#5522 = DIRECTION('',(-0.707106781187,-0.,-0.707106781187));
#5523 = CYLINDRICAL_SURFACE('',#5524,8.5);
#5524 = AXIS2_PLACEMENT_3D('',#5525,#5526,#5527);
#5525 = CARTESIAN_POINT('',(-92.7,-2.22044604925E-15,-50.8));
#5526 = DIRECTION('',(0.,-1.,0.));
#5527 = DIRECTION('',(-0.707106781187,-0.,-0.707106781187));
#5528 = ADVANCED_FACE('',(#5529,#5575),#5586,.F.);
#5529 = FACE_BOUND('',#5530,.T.);
#5530 = EDGE_LOOP('',(#5531,#5542,#5550,#5557,#5558,#5559,#5560,#5569));
#5531 = ORIENTED_EDGE('',*,*,#5532,.F.);
#5532 = EDGE_CURVE('',#5533,#5535,#5537,.T.);
#5533 = VERTEX_POINT('',#5534);
#5534 = CARTESIAN_POINT('',(-92.7,-1.6,-53.8));
#5535 = VERTEX_POINT('',#5536);
#5536 = CARTESIAN_POINT('',(-95.7,-1.6,-50.8));
#5537 = CIRCLE('',#5538,3.);
#5538 = AXIS2_PLACEMENT_3D('',#5539,#5540,#5541);
#5539 = CARTESIAN_POINT('',(-95.7,-1.6,-53.8));
#5540 = DIRECTION('',(0.,-1.,0.));
#5541 = DIRECTION('',(0.707106781187,0.,0.707106781187));
#5542 = ORIENTED_EDGE('',*,*,#5543,.F.);
#5543 = EDGE_CURVE('',#5544,#5533,#5546,.T.);
#5544 = VERTEX_POINT('',#5545);
#5545 = CARTESIAN_POINT('',(-92.7,-1.6,-56.3));
#5546 = LINE('',#5547,#5548);
#5547 = CARTESIAN_POINT('',(-92.7,-1.6,6.5835));
#5548 = VECTOR('',#5549,1.);
#5549 = DIRECTION('',(0.,0.,1.));
#5550 = ORIENTED_EDGE('',*,*,#5551,.F.);
#5551 = EDGE_CURVE('',#1719,#5544,#5552,.T.);
#5552 = CIRCLE('',#5553,3.);
#5553 = AXIS2_PLACEMENT_3D('',#5554,#5555,#5556);
#5554 = CARTESIAN_POINT('',(-89.7,-1.6,-56.3));
#5555 = DIRECTION('',(0.,1.,0.));
#5556 = DIRECTION('',(-0.707106781187,0.,-0.707106781187));
#5557 = ORIENTED_EDGE('',*,*,#1718,.F.);
#5558 = ORIENTED_EDGE('',*,*,#5509,.F.);
#5559 = ORIENTED_EDGE('',*,*,#3386,.F.);
#5560 = ORIENTED_EDGE('',*,*,#5561,.F.);
#5561 = EDGE_CURVE('',#5562,#3379,#5564,.T.);
#5562 = VERTEX_POINT('',#5563);
#5563 = CARTESIAN_POINT('',(-98.2,-1.6,-50.8));
#5564 = CIRCLE('',#5565,3.);
#5565 = AXIS2_PLACEMENT_3D('',#5566,#5567,#5568);
#5566 = CARTESIAN_POINT('',(-98.2,-1.6,-47.8));
#5567 = DIRECTION('',(0.,1.,0.));
#5568 = DIRECTION('',(-0.707106781187,0.,-0.707106781187));
#5569 = ORIENTED_EDGE('',*,*,#5570,.F.);
#5570 = EDGE_CURVE('',#5535,#5562,#5571,.T.);
#5571 = LINE('',#5572,#5573);
#5572 = CARTESIAN_POINT('',(-50.1,-1.6,-50.8));
#5573 = VECTOR('',#5574,1.);
#5574 = DIRECTION('',(-1.,0.,-3.552713678801E-15));
#5575 = FACE_BOUND('',#5576,.T.);
#5576 = EDGE_LOOP('',(#5577));
#5577 = ORIENTED_EDGE('',*,*,#5578,.F.);
#5578 = EDGE_CURVE('',#5579,#5579,#5581,.T.);
#5579 = VERTEX_POINT('',#5580);
#5580 = CARTESIAN_POINT('',(-93.8,-1.6,-52.8));
#5581 = CIRCLE('',#5582,0.9);
#5582 = AXIS2_PLACEMENT_3D('',#5583,#5584,#5585);
#5583 = CARTESIAN_POINT('',(-94.7,-1.6,-52.8));
#5584 = DIRECTION('',(0.,1.,-0.));
#5585 = DIRECTION('',(-1.,0.,0.));
#5586 = PLANE('',#5587);
#5587 = AXIS2_PLACEMENT_3D('',#5588,#5589,#5590);
#5588 = CARTESIAN_POINT('',(-96.40905603291,-1.6,63.967));
#5589 = DIRECTION('',(0.,-1.,0.));
#5590 = DIRECTION('',(-1.,0.,0.));
#5591 = ADVANCED_FACE('',(#5592),#5611,.F.);
#5592 = FACE_BOUND('',#5593,.F.);
#5593 = EDGE_LOOP('',(#5594,#5595,#5604,#5610));
#5594 = ORIENTED_EDGE('',*,*,#1726,.F.);
#5595 = ORIENTED_EDGE('',*,*,#5596,.T.);
#5596 = EDGE_CURVE('',#1727,#5597,#5599,.T.);
#5597 = VERTEX_POINT('',#5598);
#5598 = CARTESIAN_POINT('',(-92.7,-16.74,-56.3));
#5599 = CIRCLE('',#5600,3.);
#5600 = AXIS2_PLACEMENT_3D('',#5601,#5602,#5603);
#5601 = CARTESIAN_POINT('',(-89.7,-16.74,-56.3));
#5602 = DIRECTION('',(0.,1.,0.));
#5603 = DIRECTION('',(-0.707106781187,0.,-0.707106781187));
#5604 = ORIENTED_EDGE('',*,*,#5605,.F.);
#5605 = EDGE_CURVE('',#5544,#5597,#5606,.T.);
#5606 = LINE('',#5607,#5608);
#5607 = CARTESIAN_POINT('',(-92.7,-0.5,-56.3));
#5608 = VECTOR('',#5609,1.);
#5609 = DIRECTION('',(0.,-1.,0.));
#5610 = ORIENTED_EDGE('',*,*,#5551,.F.);
#5611 = CYLINDRICAL_SURFACE('',#5612,3.);
#5612 = AXIS2_PLACEMENT_3D('',#5613,#5614,#5615);
#5613 = CARTESIAN_POINT('',(-89.7,-0.5,-56.3));
#5614 = DIRECTION('',(0.,1.,0.));
#5615 = DIRECTION('',(-0.707106781187,0.,-0.707106781187));
#5616 = ADVANCED_FACE('',(#5617),#5665,.F.);
#5617 = FACE_BOUND('',#5618,.T.);
#5618 = EDGE_LOOP('',(#5619,#5626,#5627,#5628,#5636,#5645,#5653,#5660,
    #5661,#5662,#5663,#5664));
#5619 = ORIENTED_EDGE('',*,*,#5620,.T.);
#5620 = EDGE_CURVE('',#3177,#1735,#5621,.T.);
#5621 = CIRCLE('',#5622,3.);
#5622 = AXIS2_PLACEMENT_3D('',#5623,#5624,#5625);
#5623 = CARTESIAN_POINT('',(-42.701,-16.74,-56.3));
#5624 = DIRECTION('',(0.,1.,0.));
#5625 = DIRECTION('',(0.707106781187,0.,-0.707106781187));
#5626 = ORIENTED_EDGE('',*,*,#1734,.F.);
#5627 = ORIENTED_EDGE('',*,*,#5596,.T.);
#5628 = ORIENTED_EDGE('',*,*,#5629,.F.);
#5629 = EDGE_CURVE('',#5630,#5597,#5632,.T.);
#5630 = VERTEX_POINT('',#5631);
#5631 = CARTESIAN_POINT('',(-92.7,-16.74,-53.8));
#5632 = LINE('',#5633,#5634);
#5633 = CARTESIAN_POINT('',(-92.7,-16.74,-23.04575));
#5634 = VECTOR('',#5635,1.);
#5635 = DIRECTION('',(0.,0.,-1.));
#5636 = ORIENTED_EDGE('',*,*,#5637,.T.);
#5637 = EDGE_CURVE('',#5630,#5638,#5640,.T.);
#5638 = VERTEX_POINT('',#5639);
#5639 = CARTESIAN_POINT('',(-95.7,-16.74,-50.8));
#5640 = CIRCLE('',#5641,3.);
#5641 = AXIS2_PLACEMENT_3D('',#5642,#5643,#5644);
#5642 = CARTESIAN_POINT('',(-95.7,-16.74,-53.8));
#5643 = DIRECTION('',(0.,-1.,0.));
#5644 = DIRECTION('',(0.707106781187,0.,0.707106781187));
#5645 = ORIENTED_EDGE('',*,*,#5646,.F.);
#5646 = EDGE_CURVE('',#5647,#5638,#5649,.T.);
#5647 = VERTEX_POINT('',#5648);
#5648 = CARTESIAN_POINT('',(-98.2,-16.74,-50.8));
#5649 = LINE('',#5650,#5651);
#5650 = CARTESIAN_POINT('',(-50.1,-16.74,-50.8));
#5651 = VECTOR('',#5652,1.);
#5652 = DIRECTION('',(1.,0.,3.552713678801E-15));
#5653 = ORIENTED_EDGE('',*,*,#5654,.T.);
#5654 = EDGE_CURVE('',#5647,#3371,#5655,.T.);
#5655 = CIRCLE('',#5656,3.);
#5656 = AXIS2_PLACEMENT_3D('',#5657,#5658,#5659);
#5657 = CARTESIAN_POINT('',(-98.2,-16.74,-47.8));
#5658 = DIRECTION('',(0.,1.,0.));
#5659 = DIRECTION('',(-0.707106781187,0.,-0.707106781187));
#5660 = ORIENTED_EDGE('',*,*,#3370,.F.);
#5661 = ORIENTED_EDGE('',*,*,#3266,.T.);
#5662 = ORIENTED_EDGE('',*,*,#3233,.T.);
#5663 = ORIENTED_EDGE('',*,*,#3217,.T.);
#5664 = ORIENTED_EDGE('',*,*,#3184,.T.);
#5665 = PLANE('',#5666);
#5666 = AXIS2_PLACEMENT_3D('',#5667,#5668,#5669);
#5667 = CARTESIAN_POINT('',(5.329070518201E-14,-16.74,4.7085));
#5668 = DIRECTION('',(0.,-1.,0.));
#5669 = DIRECTION('',(1.,0.,0.));
#5670 = ADVANCED_FACE('',(#5671),#5683,.F.);
#5671 = FACE_BOUND('',#5672,.F.);
#5672 = EDGE_LOOP('',(#5673,#5674,#5681,#5682));
#5673 = ORIENTED_EDGE('',*,*,#1742,.F.);
#5674 = ORIENTED_EDGE('',*,*,#5675,.F.);
#5675 = EDGE_CURVE('',#3169,#1743,#5676,.T.);
#5676 = CIRCLE('',#5677,3.);
#5677 = AXIS2_PLACEMENT_3D('',#5678,#5679,#5680);
#5678 = CARTESIAN_POINT('',(-42.701,-4.209,-56.3));
#5679 = DIRECTION('',(-5.512180379134E-17,1.,-2.22044604925E-16));
#5680 = DIRECTION('',(0.707106781187,-1.180322446163E-16,-0.707106781187
    ));
#5681 = ORIENTED_EDGE('',*,*,#3176,.F.);
#5682 = ORIENTED_EDGE('',*,*,#5620,.T.);
#5683 = CYLINDRICAL_SURFACE('',#5684,3.);
#5684 = AXIS2_PLACEMENT_3D('',#5685,#5686,#5687);
#5685 = CARTESIAN_POINT('',(-42.701,-4.25,-56.3));
#5686 = DIRECTION('',(0.,-1.,0.));
#5687 = DIRECTION('',(0.707106781187,0.,-0.707106781187));
#5688 = ADVANCED_FACE('',(#5689,#5731),#5742,.T.);
#5689 = FACE_BOUND('',#5690,.T.);
#5690 = EDGE_LOOP('',(#5691,#5692,#5693,#5702,#5710,#5719,#5726,#5727,
    #5728,#5729,#5730));
#5691 = ORIENTED_EDGE('',*,*,#3093,.F.);
#5692 = ORIENTED_EDGE('',*,*,#3079,.T.);
#5693 = ORIENTED_EDGE('',*,*,#5694,.F.);
#5694 = EDGE_CURVE('',#5695,#3072,#5697,.T.);
#5695 = VERTEX_POINT('',#5696);
#5696 = CARTESIAN_POINT('',(-31.5,-4.209,-57.8));
#5697 = CIRCLE('',#5698,3.);
#5698 = AXIS2_PLACEMENT_3D('',#5699,#5700,#5701);
#5699 = CARTESIAN_POINT('',(-31.5,-4.209,-54.8));
#5700 = DIRECTION('',(-5.512180379134E-17,1.,-2.22044604925E-16));
#5701 = DIRECTION('',(-0.707106781187,-1.959862471205E-16,
    -0.707106781187));
#5702 = ORIENTED_EDGE('',*,*,#5703,.F.);
#5703 = EDGE_CURVE('',#5704,#5695,#5706,.T.);
#5704 = VERTEX_POINT('',#5705);
#5705 = CARTESIAN_POINT('',(-31.90192378864,-4.209,-57.8));
#5706 = LINE('',#5707,#5708);
#5707 = CARTESIAN_POINT('',(-35.80038514753,-4.209,-57.8));
#5708 = VECTOR('',#5709,1.);
#5709 = DIRECTION('',(1.,5.512180379134E-17,0.));
#5710 = ORIENTED_EDGE('',*,*,#5711,.T.);
#5711 = EDGE_CURVE('',#5704,#5712,#5714,.T.);
#5712 = VERTEX_POINT('',#5713);
#5713 = CARTESIAN_POINT('',(-33.88623727194,-4.209,-58.55));
#5714 = CIRCLE('',#5715,3.);
#5715 = AXIS2_PLACEMENT_3D('',#5716,#5717,#5718);
#5716 = CARTESIAN_POINT('',(-31.90192378864,-4.209,-60.8));
#5717 = DIRECTION('',(5.512180379134E-17,-1.,2.22044604925E-16));
#5718 = DIRECTION('',(-0.866025403784,6.32854200768E-17,0.5));
#5719 = ORIENTED_EDGE('',*,*,#5720,.T.);
#5720 = EDGE_CURVE('',#5712,#1751,#5721,.T.);
#5721 = CIRCLE('',#5722,3.);
#5722 = AXIS2_PLACEMENT_3D('',#5723,#5724,#5725);
#5723 = CARTESIAN_POINT('',(-35.87055075524,-4.209,-56.3));
#5724 = DIRECTION('',(-5.512180379134E-17,1.,-2.22044604925E-16));
#5725 = DIRECTION('',(0.353553390593,-1.882152084267E-16,-0.935414346693
    ));
#5726 = ORIENTED_EDGE('',*,*,#1750,.T.);
#5727 = ORIENTED_EDGE('',*,*,#5675,.F.);
#5728 = ORIENTED_EDGE('',*,*,#3168,.T.);
#5729 = ORIENTED_EDGE('',*,*,#3142,.F.);
#5730 = ORIENTED_EDGE('',*,*,#3119,.T.);
#5731 = FACE_BOUND('',#5732,.T.);
#5732 = EDGE_LOOP('',(#5733));
#5733 = ORIENTED_EDGE('',*,*,#5734,.T.);
#5734 = EDGE_CURVE('',#5735,#5735,#5737,.T.);
#5735 = VERTEX_POINT('',#5736);
#5736 = CARTESIAN_POINT('',(-37.93805478598,-4.209,-52.60000074791));
#5737 = CIRCLE('',#5738,0.9);
#5738 = AXIS2_PLACEMENT_3D('',#5739,#5740,#5741);
#5739 = CARTESIAN_POINT('',(-37.03805478598,-4.209,-52.60000074791));
#5740 = DIRECTION('',(5.512180379134E-17,-1.,2.22044604925E-16));
#5741 = DIRECTION('',(1.,5.512180379134E-17,-1.22394991456E-32));
#5742 = PLANE('',#5743);
#5743 = AXIS2_PLACEMENT_3D('',#5744,#5745,#5746);
#5744 = CARTESIAN_POINT('',(-37.10077029507,-4.209,-55.16986687395));
#5745 = DIRECTION('',(-5.512180379134E-17,1.,-2.22044604925E-16));
#5746 = DIRECTION('',(-1.,-5.512180379134E-17,-2.687483521642E-49));
#5747 = ADVANCED_FACE('',(#5748),#5767,.F.);
#5748 = FACE_BOUND('',#5749,.F.);
#5749 = EDGE_LOOP('',(#5750,#5751,#5760,#5766));
#5750 = ORIENTED_EDGE('',*,*,#1758,.F.);
#5751 = ORIENTED_EDGE('',*,*,#5752,.F.);
#5752 = EDGE_CURVE('',#5753,#1759,#5755,.T.);
#5753 = VERTEX_POINT('',#5754);
#5754 = CARTESIAN_POINT('',(-33.88623727194,-1.6,-58.55));
#5755 = CIRCLE('',#5756,3.);
#5756 = AXIS2_PLACEMENT_3D('',#5757,#5758,#5759);
#5757 = CARTESIAN_POINT('',(-35.87055075524,-1.6,-56.3));
#5758 = DIRECTION('',(0.,1.,0.));
#5759 = DIRECTION('',(0.353553390593,0.,-0.935414346693));
#5760 = ORIENTED_EDGE('',*,*,#5761,.F.);
#5761 = EDGE_CURVE('',#5712,#5753,#5762,.T.);
#5762 = LINE('',#5763,#5764);
#5763 = CARTESIAN_POINT('',(-33.88623727194,-8.37,-58.55));
#5764 = VECTOR('',#5765,1.);
#5765 = DIRECTION('',(0.,1.,0.));
#5766 = ORIENTED_EDGE('',*,*,#5720,.T.);
#5767 = CYLINDRICAL_SURFACE('',#5768,3.);
#5768 = AXIS2_PLACEMENT_3D('',#5769,#5770,#5771);
#5769 = CARTESIAN_POINT('',(-35.87055075524,-8.37,-56.3));
#5770 = DIRECTION('',(0.,1.,0.));
#5771 = DIRECTION('',(0.353553390593,0.,-0.935414346693));
#5772 = ADVANCED_FACE('',(#5773),#5810,.T.);
#5773 = FACE_BOUND('',#5774,.T.);
#5774 = EDGE_LOOP('',(#5775,#5786,#5793,#5794,#5795,#5804));
#5775 = ORIENTED_EDGE('',*,*,#5776,.F.);
#5776 = EDGE_CURVE('',#5777,#5779,#5781,.T.);
#5777 = VERTEX_POINT('',#5778);
#5778 = CARTESIAN_POINT('',(35.113762728055,-1.6,-58.55));
#5779 = VERTEX_POINT('',#5780);
#5780 = CARTESIAN_POINT('',(33.129449244756,-1.6,-57.8));
#5781 = CIRCLE('',#5782,3.);
#5782 = AXIS2_PLACEMENT_3D('',#5783,#5784,#5785);
#5783 = CARTESIAN_POINT('',(33.129449244756,-1.6,-60.8));
#5784 = DIRECTION('',(0.,-1.,0.));
#5785 = DIRECTION('',(0.353553390593,0.,0.935414346693));
#5786 = ORIENTED_EDGE('',*,*,#5787,.F.);
#5787 = EDGE_CURVE('',#1767,#5777,#5788,.T.);
#5788 = CIRCLE('',#5789,3.);
#5789 = AXIS2_PLACEMENT_3D('',#5790,#5791,#5792);
#5790 = CARTESIAN_POINT('',(37.098076211353,-1.6,-56.3));
#5791 = DIRECTION('',(0.,1.,0.));
#5792 = DIRECTION('',(-0.866025403784,0.,-0.5));
#5793 = ORIENTED_EDGE('',*,*,#1766,.F.);
#5794 = ORIENTED_EDGE('',*,*,#5752,.F.);
#5795 = ORIENTED_EDGE('',*,*,#5796,.F.);
#5796 = EDGE_CURVE('',#5797,#5753,#5799,.T.);
#5797 = VERTEX_POINT('',#5798);
#5798 = CARTESIAN_POINT('',(-31.90192378864,-1.6,-57.8));
#5799 = CIRCLE('',#5800,3.);
#5800 = AXIS2_PLACEMENT_3D('',#5801,#5802,#5803);
#5801 = CARTESIAN_POINT('',(-31.90192378864,-1.6,-60.8));
#5802 = DIRECTION('',(0.,-1.,0.));
#5803 = DIRECTION('',(-0.866025403784,0.,0.5));
#5804 = ORIENTED_EDGE('',*,*,#5805,.T.);
#5805 = EDGE_CURVE('',#5797,#5779,#5806,.T.);
#5806 = LINE('',#5807,#5808);
#5807 = CARTESIAN_POINT('',(-34.5,-1.6,-57.8));
#5808 = VECTOR('',#5809,1.);
#5809 = DIRECTION('',(1.,0.,0.));
#5810 = PLANE('',#5811);
#5811 = AXIS2_PLACEMENT_3D('',#5812,#5813,#5814);
#5812 = CARTESIAN_POINT('',(1.7763568394E-14,-1.6,-58.55));
#5813 = DIRECTION('',(0.,1.,0.));
#5814 = DIRECTION('',(0.,0.,1.));
#5815 = ADVANCED_FACE('',(#5816),#5835,.F.);
#5816 = FACE_BOUND('',#5817,.F.);
#5817 = EDGE_LOOP('',(#5818,#5819,#5820,#5829));
#5818 = ORIENTED_EDGE('',*,*,#5787,.F.);
#5819 = ORIENTED_EDGE('',*,*,#1774,.F.);
#5820 = ORIENTED_EDGE('',*,*,#5821,.T.);
#5821 = EDGE_CURVE('',#1775,#5822,#5824,.T.);
#5822 = VERTEX_POINT('',#5823);
#5823 = CARTESIAN_POINT('',(35.113762728055,-4.209,-58.55));
#5824 = CIRCLE('',#5825,3.);
#5825 = AXIS2_PLACEMENT_3D('',#5826,#5827,#5828);
#5826 = CARTESIAN_POINT('',(37.098076211353,-4.209,-56.3));
#5827 = DIRECTION('',(-5.512180379134E-17,1.,-2.22044604925E-16));
#5828 = DIRECTION('',(-0.866025403784,-1.587591848482E-16,-0.5));
#5829 = ORIENTED_EDGE('',*,*,#5830,.T.);
#5830 = EDGE_CURVE('',#5822,#5777,#5831,.T.);
#5831 = LINE('',#5832,#5833);
#5832 = CARTESIAN_POINT('',(35.113762728055,-16.74,-58.55));
#5833 = VECTOR('',#5834,1.);
#5834 = DIRECTION('',(0.,1.,0.));
#5835 = CYLINDRICAL_SURFACE('',#5836,3.);
#5836 = AXIS2_PLACEMENT_3D('',#5837,#5838,#5839);
#5837 = CARTESIAN_POINT('',(37.098076211353,-16.74,-56.3));
#5838 = DIRECTION('',(0.,-1.,0.));
#5839 = DIRECTION('',(-0.866025403784,-0.,-0.5));
#5840 = ADVANCED_FACE('',(#5841,#5875),#5886,.T.);
#5841 = FACE_BOUND('',#5842,.T.);
#5842 = EDGE_LOOP('',(#5843,#5844,#5845,#5846,#5847,#5848,#5849,#5850,
    #5859,#5867,#5874));
#5843 = ORIENTED_EDGE('',*,*,#2342,.F.);
#5844 = ORIENTED_EDGE('',*,*,#2328,.T.);
#5845 = ORIENTED_EDGE('',*,*,#2293,.F.);
#5846 = ORIENTED_EDGE('',*,*,#2001,.T.);
#5847 = ORIENTED_EDGE('',*,*,#1980,.F.);
#5848 = ORIENTED_EDGE('',*,*,#1782,.T.);
#5849 = ORIENTED_EDGE('',*,*,#5821,.T.);
#5850 = ORIENTED_EDGE('',*,*,#5851,.T.);
#5851 = EDGE_CURVE('',#5822,#5852,#5854,.T.);
#5852 = VERTEX_POINT('',#5853);
#5853 = CARTESIAN_POINT('',(33.129449244756,-4.209,-57.8));
#5854 = CIRCLE('',#5855,3.);
#5855 = AXIS2_PLACEMENT_3D('',#5856,#5857,#5858);
#5856 = CARTESIAN_POINT('',(33.129449244756,-4.209,-60.8));
#5857 = DIRECTION('',(5.512180379134E-17,-1.,2.22044604925E-16));
#5858 = DIRECTION('',(0.353553390593,2.271922096788E-16,0.935414346693)
  );
#5859 = ORIENTED_EDGE('',*,*,#5860,.F.);
#5860 = EDGE_CURVE('',#5861,#5852,#5863,.T.);
#5861 = VERTEX_POINT('',#5862);
#5862 = CARTESIAN_POINT('',(31.5,-4.209,-57.8));
#5863 = LINE('',#5864,#5865);
#5864 = CARTESIAN_POINT('',(1.249614852463,-4.209,-57.8));
#5865 = VECTOR('',#5866,1.);
#5866 = DIRECTION('',(1.,5.512180379134E-17,0.));
#5867 = ORIENTED_EDGE('',*,*,#5868,.F.);
#5868 = EDGE_CURVE('',#2369,#5861,#5869,.T.);
#5869 = CIRCLE('',#5870,3.);
#5870 = AXIS2_PLACEMENT_3D('',#5871,#5872,#5873);
#5871 = CARTESIAN_POINT('',(31.5,-4.209,-54.8));
#5872 = DIRECTION('',(-5.512180379134E-17,1.,-2.22044604925E-16));
#5873 = DIRECTION('',(0.707106781187,-1.180322446163E-16,-0.707106781187
    ));
#5874 = ORIENTED_EDGE('',*,*,#2368,.T.);
#5875 = FACE_BOUND('',#5876,.T.);
#5876 = EDGE_LOOP('',(#5877));
#5877 = ORIENTED_EDGE('',*,*,#5878,.T.);
#5878 = EDGE_CURVE('',#5879,#5879,#5881,.T.);
#5879 = VERTEX_POINT('',#5880);
#5880 = CARTESIAN_POINT('',(36.099229704926,-4.209,-52.60000074791));
#5881 = CIRCLE('',#5882,0.9);
#5882 = AXIS2_PLACEMENT_3D('',#5883,#5884,#5885);
#5883 = CARTESIAN_POINT('',(36.999229704926,-4.209,-52.60000074791));
#5884 = DIRECTION('',(5.512180379134E-17,-1.,2.22044604925E-16));
#5885 = DIRECTION('',(1.,5.512180379134E-17,-1.22394991456E-32));
#5886 = PLANE('',#5887);
#5887 = AXIS2_PLACEMENT_3D('',#5888,#5889,#5890);
#5888 = CARTESIAN_POINT('',(36.999229704926,-4.209,-55.16986687395));
#5889 = DIRECTION('',(-5.512180379134E-17,1.,-2.22044604925E-16));
#5890 = DIRECTION('',(-1.,-5.512180379134E-17,-2.687483521642E-49));
#5891 = ADVANCED_FACE('',(#5892),#5917,.F.);
#5892 = FACE_BOUND('',#5893,.T.);
#5893 = EDGE_LOOP('',(#5894,#5904,#5910,#5911));
#5894 = ORIENTED_EDGE('',*,*,#5895,.F.);
#5895 = EDGE_CURVE('',#5896,#5898,#5900,.T.);
#5896 = VERTEX_POINT('',#5897);
#5897 = CARTESIAN_POINT('',(84.669999999925,-9.330019792858,-60.3));
#5898 = VERTEX_POINT('',#5899);
#5899 = CARTESIAN_POINT('',(84.669999999925,-8.670015390297,-60.3));
#5900 = LINE('',#5901,#5902);
#5901 = CARTESIAN_POINT('',(84.669999999925,-4.335007695149,-60.3));
#5902 = VECTOR('',#5903,1.);
#5903 = DIRECTION('',(0.,1.,0.));
#5904 = ORIENTED_EDGE('',*,*,#5905,.F.);
#5905 = EDGE_CURVE('',#1808,#5896,#5906,.T.);
#5906 = LINE('',#5907,#5908);
#5907 = CARTESIAN_POINT('',(84.669999999925,-9.330019792858,-59.3));
#5908 = VECTOR('',#5909,1.);
#5909 = DIRECTION('',(0.,0.,-1.));
#5910 = ORIENTED_EDGE('',*,*,#1805,.F.);
#5911 = ORIENTED_EDGE('',*,*,#5912,.T.);
#5912 = EDGE_CURVE('',#1806,#5898,#5913,.T.);
#5913 = LINE('',#5914,#5915);
#5914 = CARTESIAN_POINT('',(84.669999999925,-8.670015390297,-59.3));
#5915 = VECTOR('',#5916,1.);
#5916 = DIRECTION('',(0.,0.,-1.));
#5917 = PLANE('',#5918);
#5918 = AXIS2_PLACEMENT_3D('',#5919,#5920,#5921);
#5919 = CARTESIAN_POINT('',(84.669999999925,-8.670015390297,-59.3));
#5920 = DIRECTION('',(1.,0.,0.));
#5921 = DIRECTION('',(0.,-1.,0.));
#5922 = ADVANCED_FACE('',(#5923),#5942,.F.);
#5923 = FACE_BOUND('',#5924,.F.);
#5924 = EDGE_LOOP('',(#5925,#5926,#5927,#5935));
#5925 = ORIENTED_EDGE('',*,*,#5905,.F.);
#5926 = ORIENTED_EDGE('',*,*,#1815,.T.);
#5927 = ORIENTED_EDGE('',*,*,#5928,.T.);
#5928 = EDGE_CURVE('',#1816,#5929,#5931,.T.);
#5929 = VERTEX_POINT('',#5930);
#5930 = CARTESIAN_POINT('',(83.219987256526,-10.78000000265,-60.3));
#5931 = LINE('',#5932,#5933);
#5932 = CARTESIAN_POINT('',(83.219987256526,-10.78000000265,-59.3));
#5933 = VECTOR('',#5934,1.);
#5934 = DIRECTION('',(0.,0.,-1.));
#5935 = ORIENTED_EDGE('',*,*,#5936,.T.);
#5936 = EDGE_CURVE('',#5929,#5896,#5937,.T.);
#5937 = CIRCLE('',#5938,1.450000000056);
#5938 = AXIS2_PLACEMENT_3D('',#5939,#5940,#5941);
#5939 = CARTESIAN_POINT('',(83.220000000005,-9.33000000265,-60.3));
#5940 = DIRECTION('',(0.,0.,1.));
#5941 = DIRECTION('',(-8.788606133695E-06,-0.999999999961,0.));
#5942 = CYLINDRICAL_SURFACE('',#5943,1.450000000056);
#5943 = AXIS2_PLACEMENT_3D('',#5944,#5945,#5946);
#5944 = CARTESIAN_POINT('',(83.220000000005,-9.33000000265,-59.3));
#5945 = DIRECTION('',(0.,0.,-1.));
#5946 = DIRECTION('',(-8.788606133695E-06,-0.999999999961,-0.));
#5947 = ADVANCED_FACE('',(#5948),#5966,.F.);
#5948 = FACE_BOUND('',#5949,.T.);
#5949 = EDGE_LOOP('',(#5950,#5958,#5964,#5965));
#5950 = ORIENTED_EDGE('',*,*,#5951,.F.);
#5951 = EDGE_CURVE('',#5952,#5929,#5954,.T.);
#5952 = VERTEX_POINT('',#5953);
#5953 = CARTESIAN_POINT('',(76.779963570912,-10.78000000264,-60.3));
#5954 = LINE('',#5955,#5956);
#5955 = CARTESIAN_POINT('',(-9.740006371737,-10.78000000264,-60.3));
#5956 = VECTOR('',#5957,1.);
#5957 = DIRECTION('',(1.,-1.379153964424E-15,0.));
#5958 = ORIENTED_EDGE('',*,*,#5959,.F.);
#5959 = EDGE_CURVE('',#1825,#5952,#5960,.T.);
#5960 = LINE('',#5961,#5962);
#5961 = CARTESIAN_POINT('',(76.779963570912,-10.78000000264,-59.3));
#5962 = VECTOR('',#5963,1.);
#5963 = DIRECTION('',(0.,0.,-1.));
#5964 = ORIENTED_EDGE('',*,*,#1824,.F.);
#5965 = ORIENTED_EDGE('',*,*,#5928,.T.);
#5966 = PLANE('',#5967);
#5967 = AXIS2_PLACEMENT_3D('',#5968,#5969,#5970);
#5968 = CARTESIAN_POINT('',(83.219987256526,-10.78000000265,-59.3));
#5969 = DIRECTION('',(-1.379153964424E-15,-1.,0.));
#5970 = DIRECTION('',(-1.,1.379153964424E-15,0.));
#5971 = ADVANCED_FACE('',(#5972),#5991,.F.);
#5972 = FACE_BOUND('',#5973,.F.);
#5973 = EDGE_LOOP('',(#5974,#5975,#5976,#5984));
#5974 = ORIENTED_EDGE('',*,*,#5959,.F.);
#5975 = ORIENTED_EDGE('',*,*,#1832,.T.);
#5976 = ORIENTED_EDGE('',*,*,#5977,.T.);
#5977 = EDGE_CURVE('',#1833,#5978,#5980,.T.);
#5978 = VERTEX_POINT('',#5979);
#5979 = CARTESIAN_POINT('',(75.330000000007,-9.329963551568,-60.3));
#5980 = LINE('',#5981,#5982);
#5981 = CARTESIAN_POINT('',(75.330000000007,-9.329963551568,-59.3));
#5982 = VECTOR('',#5983,1.);
#5983 = DIRECTION('',(0.,0.,-1.));
#5984 = ORIENTED_EDGE('',*,*,#5985,.T.);
#5985 = EDGE_CURVE('',#5978,#5952,#5986,.T.);
#5986 = CIRCLE('',#5987,1.450000000458);
#5987 = AXIS2_PLACEMENT_3D('',#5988,#5989,#5990);
#5988 = CARTESIAN_POINT('',(76.780000000007,-9.330000002649,-60.3));
#5989 = DIRECTION('',(0.,0.,1.));
#5990 = DIRECTION('',(-0.999999999684,2.513867632804E-05,0.));
#5991 = CYLINDRICAL_SURFACE('',#5992,1.450000000458);
#5992 = AXIS2_PLACEMENT_3D('',#5993,#5994,#5995);
#5993 = CARTESIAN_POINT('',(76.780000000007,-9.330000002649,-59.3));
#5994 = DIRECTION('',(0.,0.,-1.));
#5995 = DIRECTION('',(-0.999999999684,2.513867632804E-05,0.));
#5996 = ADVANCED_FACE('',(#5997),#6015,.F.);
#5997 = FACE_BOUND('',#5998,.T.);
#5998 = EDGE_LOOP('',(#5999,#6007,#6013,#6014));
#5999 = ORIENTED_EDGE('',*,*,#6000,.F.);
#6000 = EDGE_CURVE('',#6001,#5978,#6003,.T.);
#6001 = VERTEX_POINT('',#6002);
#6002 = CARTESIAN_POINT('',(75.330000000007,-8.670008636246,-60.3));
#6003 = LINE('',#6004,#6005);
#6004 = CARTESIAN_POINT('',(75.330000000007,-4.664981775786,-60.3));
#6005 = VECTOR('',#6006,1.);
#6006 = DIRECTION('',(-2.691633622476E-14,-1.,0.));
#6007 = ORIENTED_EDGE('',*,*,#6008,.F.);
#6008 = EDGE_CURVE('',#1842,#6001,#6009,.T.);
#6009 = LINE('',#6010,#6011);
#6010 = CARTESIAN_POINT('',(75.330000000007,-8.670008636246,-59.3));
#6011 = VECTOR('',#6012,1.);
#6012 = DIRECTION('',(0.,0.,-1.));
#6013 = ORIENTED_EDGE('',*,*,#1841,.F.);
#6014 = ORIENTED_EDGE('',*,*,#5977,.T.);
#6015 = PLANE('',#6016);
#6016 = AXIS2_PLACEMENT_3D('',#6017,#6018,#6019);
#6017 = CARTESIAN_POINT('',(75.330000000007,-9.329963551568,-59.3));
#6018 = DIRECTION('',(-1.,2.691633622476E-14,0.));
#6019 = DIRECTION('',(2.691633622476E-14,1.,0.));
#6020 = ADVANCED_FACE('',(#6021),#6040,.F.);
#6021 = FACE_BOUND('',#6022,.F.);
#6022 = EDGE_LOOP('',(#6023,#6024,#6025,#6033));
#6023 = ORIENTED_EDGE('',*,*,#6008,.F.);
#6024 = ORIENTED_EDGE('',*,*,#1849,.T.);
#6025 = ORIENTED_EDGE('',*,*,#6026,.T.);
#6026 = EDGE_CURVE('',#1850,#6027,#6029,.T.);
#6027 = VERTEX_POINT('',#6028);
#6028 = CARTESIAN_POINT('',(76.780000273921,-7.22000000265,-60.3));
#6029 = LINE('',#6030,#6031);
#6030 = CARTESIAN_POINT('',(76.780000273921,-7.22000000265,-59.3));
#6031 = VECTOR('',#6032,1.);
#6032 = DIRECTION('',(0.,0.,-1.));
#6033 = ORIENTED_EDGE('',*,*,#6034,.T.);
#6034 = EDGE_CURVE('',#6027,#6001,#6035,.T.);
#6035 = CIRCLE('',#6036,1.450000000005);
#6036 = AXIS2_PLACEMENT_3D('',#6037,#6038,#6039);
#6037 = CARTESIAN_POINT('',(76.780000000012,-8.670000002656,-60.3));
#6038 = DIRECTION('',(0.,-0.,1.));
#6039 = DIRECTION('',(1.889029193598E-07,1.,0.));
#6040 = CYLINDRICAL_SURFACE('',#6041,1.450000000005);
#6041 = AXIS2_PLACEMENT_3D('',#6042,#6043,#6044);
#6042 = CARTESIAN_POINT('',(76.780000000012,-8.670000002656,-59.3));
#6043 = DIRECTION('',(0.,0.,-1.));
#6044 = DIRECTION('',(1.889029193598E-07,1.,0.));
#6045 = ADVANCED_FACE('',(#6046),#6064,.F.);
#6046 = FACE_BOUND('',#6047,.T.);
#6047 = EDGE_LOOP('',(#6048,#6056,#6062,#6063));
#6048 = ORIENTED_EDGE('',*,*,#6049,.F.);
#6049 = EDGE_CURVE('',#6050,#6027,#6052,.T.);
#6050 = VERTEX_POINT('',#6051);
#6051 = CARTESIAN_POINT('',(83.219995670666,-7.220000002652,-60.3));
#6052 = LINE('',#6053,#6054);
#6053 = CARTESIAN_POINT('',(-12.95999986304,-7.22000000263,-60.3));
#6054 = VECTOR('',#6055,1.);
#6055 = DIRECTION('',(-1.,2.268718237198E-13,0.));
#6056 = ORIENTED_EDGE('',*,*,#6057,.F.);
#6057 = EDGE_CURVE('',#1859,#6050,#6058,.T.);
#6058 = LINE('',#6059,#6060);
#6059 = CARTESIAN_POINT('',(83.219995670666,-7.220000002652,-59.3));
#6060 = VECTOR('',#6061,1.);
#6061 = DIRECTION('',(0.,0.,-1.));
#6062 = ORIENTED_EDGE('',*,*,#1858,.F.);
#6063 = ORIENTED_EDGE('',*,*,#6026,.T.);
#6064 = PLANE('',#6065);
#6065 = AXIS2_PLACEMENT_3D('',#6066,#6067,#6068);
#6066 = CARTESIAN_POINT('',(76.780000273921,-7.22000000265,-59.3));
#6067 = DIRECTION('',(2.268718237198E-13,1.,0.));
#6068 = DIRECTION('',(1.,-2.268718237198E-13,0.));
#6069 = ADVANCED_FACE('',(#6070),#6082,.F.);
#6070 = FACE_BOUND('',#6071,.F.);
#6071 = EDGE_LOOP('',(#6072,#6073,#6074,#6075));
#6072 = ORIENTED_EDGE('',*,*,#6057,.F.);
#6073 = ORIENTED_EDGE('',*,*,#1866,.T.);
#6074 = ORIENTED_EDGE('',*,*,#5912,.T.);
#6075 = ORIENTED_EDGE('',*,*,#6076,.T.);
#6076 = EDGE_CURVE('',#5898,#6050,#6077,.T.);
#6077 = CIRCLE('',#6078,1.450000000068);
#6078 = AXIS2_PLACEMENT_3D('',#6079,#6080,#6081);
#6079 = CARTESIAN_POINT('',(83.219999999939,-8.67000000265,-60.3));
#6080 = DIRECTION('',(-0.,0.,1.));
#6081 = DIRECTION('',(0.999999999944,-1.061217026695E-05,0.));
#6082 = CYLINDRICAL_SURFACE('',#6083,1.450000000068);
#6083 = AXIS2_PLACEMENT_3D('',#6084,#6085,#6086);
#6084 = CARTESIAN_POINT('',(83.219999999939,-8.67000000265,-59.3));
#6085 = DIRECTION('',(0.,0.,-1.));
#6086 = DIRECTION('',(0.999999999944,-1.061217026695E-05,0.));
#6087 = ADVANCED_FACE('',(#6088),#6091,.T.);
#6088 = FACE_BOUND('',#6089,.T.);
#6089 = EDGE_LOOP('',(#6090));
#6090 = ORIENTED_EDGE('',*,*,#1901,.F.);
#6091 = PLANE('',#6092);
#6092 = AXIS2_PLACEMENT_3D('',#6093,#6094,#6095);
#6093 = CARTESIAN_POINT('',(71.499999999925,-16.74,-55.155));
#6094 = DIRECTION('',(0.,1.,0.));
#6095 = DIRECTION('',(-1.,0.,0.));
#6096 = ADVANCED_FACE('',(#6097),#6100,.T.);
#6097 = FACE_BOUND('',#6098,.T.);
#6098 = EDGE_LOOP('',(#6099));
#6099 = ORIENTED_EDGE('',*,*,#1926,.F.);
#6100 = PLANE('',#6101);
#6101 = AXIS2_PLACEMENT_3D('',#6102,#6103,#6104);
#6102 = CARTESIAN_POINT('',(71.499999999925,-16.74,-46.155));
#6103 = DIRECTION('',(0.,1.,0.));
#6104 = DIRECTION('',(-1.,0.,0.));
#6105 = ADVANCED_FACE('',(#6106),#6122,.F.);
#6106 = FACE_BOUND('',#6107,.T.);
#6107 = EDGE_LOOP('',(#6108,#6109,#6110,#6111,#6112,#6119,#6120,#6121));
#6108 = ORIENTED_EDGE('',*,*,#4342,.T.);
#6109 = ORIENTED_EDGE('',*,*,#4325,.T.);
#6110 = ORIENTED_EDGE('',*,*,#4300,.T.);
#6111 = ORIENTED_EDGE('',*,*,#4276,.F.);
#6112 = ORIENTED_EDGE('',*,*,#6113,.T.);
#6113 = EDGE_CURVE('',#4269,#2139,#6114,.T.);
#6114 = CIRCLE('',#6115,3.);
#6115 = AXIS2_PLACEMENT_3D('',#6116,#6117,#6118);
#6116 = CARTESIAN_POINT('',(98.2,-16.74,57.217));
#6117 = DIRECTION('',(-0.,1.,0.));
#6118 = DIRECTION('',(0.707106781187,0.,0.707106781187));
#6119 = ORIENTED_EDGE('',*,*,#2138,.F.);
#6120 = ORIENTED_EDGE('',*,*,#2064,.T.);
#6121 = ORIENTED_EDGE('',*,*,#2031,.T.);
#6122 = PLANE('',#6123);
#6123 = AXIS2_PLACEMENT_3D('',#6124,#6125,#6126);
#6124 = CARTESIAN_POINT('',(5.329070518201E-14,-16.74,4.7085));
#6125 = DIRECTION('',(0.,-1.,0.));
#6126 = DIRECTION('',(1.,0.,0.));
#6127 = ADVANCED_FACE('',(#6128),#6155,.T.);
#6128 = FACE_BOUND('',#6129,.T.);
#6129 = EDGE_LOOP('',(#6130,#6139,#6140,#6149));
#6130 = ORIENTED_EDGE('',*,*,#6131,.F.);
#6131 = EDGE_CURVE('',#2080,#6132,#6134,.T.);
#6132 = VERTEX_POINT('',#6133);
#6133 = CARTESIAN_POINT('',(101.54142135623,-0.341421356237,-50.8));
#6134 = CIRCLE('',#6135,0.2);
#6135 = AXIS2_PLACEMENT_3D('',#6136,#6137,#6138);
#6136 = CARTESIAN_POINT('',(101.4,-0.482842712475,-50.8));
#6137 = DIRECTION('',(0.,0.,-1.));
#6138 = DIRECTION('',(-1.,0.,0.));
#6139 = ORIENTED_EDGE('',*,*,#2079,.T.);
#6140 = ORIENTED_EDGE('',*,*,#6141,.T.);
#6141 = EDGE_CURVE('',#2082,#6142,#6144,.T.);
#6142 = VERTEX_POINT('',#6143);
#6143 = CARTESIAN_POINT('',(101.54142135623,-0.341421356237,60.217));
#6144 = CIRCLE('',#6145,0.2);
#6145 = AXIS2_PLACEMENT_3D('',#6146,#6147,#6148);
#6146 = CARTESIAN_POINT('',(101.4,-0.482842712475,60.217));
#6147 = DIRECTION('',(4.440892098501E-14,-1.072126193324E-13,-1.));
#6148 = DIRECTION('',(-1.,0.,-4.440892098501E-14));
#6149 = ORIENTED_EDGE('',*,*,#6150,.T.);
#6150 = EDGE_CURVE('',#6142,#6132,#6151,.T.);
#6151 = LINE('',#6152,#6153);
#6152 = CARTESIAN_POINT('',(101.54142135623,-0.341421356237,-44.422875)
  );
#6153 = VECTOR('',#6154,1.);
#6154 = DIRECTION('',(0.,-8.134929846052E-16,-1.));
#6155 = CYLINDRICAL_SURFACE('',#6156,0.2);
#6156 = AXIS2_PLACEMENT_3D('',#6157,#6158,#6159);
#6157 = CARTESIAN_POINT('',(101.4,-0.482842712475,-44.422875));
#6158 = DIRECTION('',(0.,8.134929846052E-16,1.));
#6159 = DIRECTION('',(-0.382683432365,0.923879532511,-7.515695183182E-16
    ));
#6160 = ADVANCED_FACE('',(#6161),#6169,.T.);
#6161 = FACE_BOUND('',#6162,.T.);
#6162 = EDGE_LOOP('',(#6163,#6164,#6165,#6166,#6167,#6168));
#6163 = ORIENTED_EDGE('',*,*,#2250,.F.);
#6164 = ORIENTED_EDGE('',*,*,#2236,.T.);
#6165 = ORIENTED_EDGE('',*,*,#2202,.F.);
#6166 = ORIENTED_EDGE('',*,*,#2184,.F.);
#6167 = ORIENTED_EDGE('',*,*,#2122,.F.);
#6168 = ORIENTED_EDGE('',*,*,#2277,.F.);
#6169 = PLANE('',#6170);
#6170 = AXIS2_PLACEMENT_3D('',#6171,#6172,#6173);
#6171 = CARTESIAN_POINT('',(100.45,-1.6,-4.440892098501E-15));
#6172 = DIRECTION('',(0.,1.,0.));
#6173 = DIRECTION('',(0.,0.,1.));
#6174 = ADVANCED_FACE('',(#6175),#6187,.F.);
#6175 = FACE_BOUND('',#6176,.F.);
#6176 = EDGE_LOOP('',(#6177,#6178,#6185,#6186));
#6177 = ORIENTED_EDGE('',*,*,#2146,.F.);
#6178 = ORIENTED_EDGE('',*,*,#6179,.F.);
#6179 = EDGE_CURVE('',#4261,#2147,#6180,.T.);
#6180 = CIRCLE('',#6181,3.);
#6181 = AXIS2_PLACEMENT_3D('',#6182,#6183,#6184);
#6182 = CARTESIAN_POINT('',(98.2,-1.6,57.217));
#6183 = DIRECTION('',(-0.,1.,0.));
#6184 = DIRECTION('',(0.707106781187,0.,0.707106781187));
#6185 = ORIENTED_EDGE('',*,*,#4268,.F.);
#6186 = ORIENTED_EDGE('',*,*,#6113,.T.);
#6187 = CYLINDRICAL_SURFACE('',#6188,3.);
#6188 = AXIS2_PLACEMENT_3D('',#6189,#6190,#6191);
#6189 = CARTESIAN_POINT('',(98.2,-0.5,57.217));
#6190 = DIRECTION('',(0.,-1.,0.));
#6191 = DIRECTION('',(0.707106781187,0.,0.707106781187));
#6192 = ADVANCED_FACE('',(#6193,#6209),#6220,.F.);
#6193 = FACE_BOUND('',#6194,.F.);
#6194 = EDGE_LOOP('',(#6195,#6196,#6197,#6198,#6205,#6206,#6207,#6208));
#6195 = ORIENTED_EDGE('',*,*,#4260,.T.);
#6196 = ORIENTED_EDGE('',*,*,#6179,.T.);
#6197 = ORIENTED_EDGE('',*,*,#2154,.T.);
#6198 = ORIENTED_EDGE('',*,*,#6199,.T.);
#6199 = EDGE_CURVE('',#2155,#4147,#6200,.T.);
#6200 = CIRCLE('',#6201,8.5);
#6201 = AXIS2_PLACEMENT_3D('',#6202,#6203,#6204);
#6202 = CARTESIAN_POINT('',(92.7,-1.6,60.217));
#6203 = DIRECTION('',(0.,-1.,0.));
#6204 = DIRECTION('',(0.707106781187,0.,0.707106781187));
#6205 = ORIENTED_EDGE('',*,*,#4146,.F.);
#6206 = ORIENTED_EDGE('',*,*,#4184,.T.);
#6207 = ORIENTED_EDGE('',*,*,#4202,.F.);
#6208 = ORIENTED_EDGE('',*,*,#4225,.T.);
#6209 = FACE_BOUND('',#6210,.T.);
#6210 = EDGE_LOOP('',(#6211));
#6211 = ORIENTED_EDGE('',*,*,#6212,.F.);
#6212 = EDGE_CURVE('',#6213,#6213,#6215,.T.);
#6213 = VERTEX_POINT('',#6214);
#6214 = CARTESIAN_POINT('',(93.8,-1.6,62.217));
#6215 = CIRCLE('',#6216,0.9);
#6216 = AXIS2_PLACEMENT_3D('',#6217,#6218,#6219);
#6217 = CARTESIAN_POINT('',(94.7,-1.6,62.217));
#6218 = DIRECTION('',(-0.,1.,0.));
#6219 = DIRECTION('',(1.,0.,0.));
#6220 = PLANE('',#6221);
#6221 = AXIS2_PLACEMENT_3D('',#6222,#6223,#6224);
#6222 = CARTESIAN_POINT('',(-96.40905603291,-1.6,63.967));
#6223 = DIRECTION('',(0.,-1.,0.));
#6224 = DIRECTION('',(-1.,0.,0.));
#6225 = ADVANCED_FACE('',(#6226),#6238,.F.);
#6226 = FACE_BOUND('',#6227,.F.);
#6227 = EDGE_LOOP('',(#6228,#6229,#6230,#6231));
#6228 = ORIENTED_EDGE('',*,*,#4154,.F.);
#6229 = ORIENTED_EDGE('',*,*,#6199,.F.);
#6230 = ORIENTED_EDGE('',*,*,#2162,.F.);
#6231 = ORIENTED_EDGE('',*,*,#6232,.T.);
#6232 = EDGE_CURVE('',#2082,#4155,#6233,.T.);
#6233 = CIRCLE('',#6234,8.5);
#6234 = AXIS2_PLACEMENT_3D('',#6235,#6236,#6237);
#6235 = CARTESIAN_POINT('',(92.7,-0.482842712475,60.217));
#6236 = DIRECTION('',(0.,-1.,0.));
#6237 = DIRECTION('',(0.707106781187,0.,0.707106781187));
#6238 = CYLINDRICAL_SURFACE('',#6239,8.5);
#6239 = AXIS2_PLACEMENT_3D('',#6240,#6241,#6242);
#6240 = CARTESIAN_POINT('',(92.7,-2.22044604925E-15,60.217));
#6241 = DIRECTION('',(0.,-1.,0.));
#6242 = DIRECTION('',(0.707106781187,0.,0.707106781187));
#6243 = ADVANCED_FACE('',(#6244),#6263,.F.);
#6244 = FACE_BOUND('',#6245,.F.);
#6245 = EDGE_LOOP('',(#6246,#6254,#6255,#6256));
#6246 = ORIENTED_EDGE('',*,*,#6247,.F.);
#6247 = EDGE_CURVE('',#5861,#6248,#6250,.T.);
#6248 = VERTEX_POINT('',#6249);
#6249 = CARTESIAN_POINT('',(31.5,-16.74,-57.8));
#6250 = LINE('',#6251,#6252);
#6251 = CARTESIAN_POINT('',(31.5,-15.02,-57.8));
#6252 = VECTOR('',#6253,1.);
#6253 = DIRECTION('',(0.,-1.,0.));
#6254 = ORIENTED_EDGE('',*,*,#5868,.F.);
#6255 = ORIENTED_EDGE('',*,*,#2376,.F.);
#6256 = ORIENTED_EDGE('',*,*,#6257,.T.);
#6257 = EDGE_CURVE('',#2377,#6248,#6258,.T.);
#6258 = CIRCLE('',#6259,3.);
#6259 = AXIS2_PLACEMENT_3D('',#6260,#6261,#6262);
#6260 = CARTESIAN_POINT('',(31.5,-16.74,-54.8));
#6261 = DIRECTION('',(0.,1.,0.));
#6262 = DIRECTION('',(0.707106781187,0.,-0.707106781187));
#6263 = CYLINDRICAL_SURFACE('',#6264,3.);
#6264 = AXIS2_PLACEMENT_3D('',#6265,#6266,#6267);
#6265 = CARTESIAN_POINT('',(31.5,-15.02,-54.8));
#6266 = DIRECTION('',(0.,-1.,0.));
#6267 = DIRECTION('',(0.707106781187,0.,-0.707106781187));
#6268 = ADVANCED_FACE('',(#6269),#6293,.F.);
#6269 = FACE_BOUND('',#6270,.T.);
#6270 = EDGE_LOOP('',(#6271,#6272,#6273,#6274,#6282,#6289,#6290,#6291,
    #6292));
#6271 = ORIENTED_EDGE('',*,*,#2417,.T.);
#6272 = ORIENTED_EDGE('',*,*,#2384,.T.);
#6273 = ORIENTED_EDGE('',*,*,#6257,.T.);
#6274 = ORIENTED_EDGE('',*,*,#6275,.T.);
#6275 = EDGE_CURVE('',#6248,#6276,#6278,.T.);
#6276 = VERTEX_POINT('',#6277);
#6277 = CARTESIAN_POINT('',(-31.5,-16.74,-57.8));
#6278 = LINE('',#6279,#6280);
#6279 = CARTESIAN_POINT('',(-17.25,-16.74,-57.8));
#6280 = VECTOR('',#6281,1.);
#6281 = DIRECTION('',(-1.,0.,0.));
#6282 = ORIENTED_EDGE('',*,*,#6283,.T.);
#6283 = EDGE_CURVE('',#6276,#3064,#6284,.T.);
#6284 = CIRCLE('',#6285,3.);
#6285 = AXIS2_PLACEMENT_3D('',#6286,#6287,#6288);
#6286 = CARTESIAN_POINT('',(-31.5,-16.74,-54.8));
#6287 = DIRECTION('',(0.,1.,0.));
#6288 = DIRECTION('',(-0.707106781187,0.,-0.707106781187));
#6289 = ORIENTED_EDGE('',*,*,#3063,.T.);
#6290 = ORIENTED_EDGE('',*,*,#3037,.T.);
#6291 = ORIENTED_EDGE('',*,*,#3003,.T.);
#6292 = ORIENTED_EDGE('',*,*,#2442,.T.);
#6293 = PLANE('',#6294);
#6294 = AXIS2_PLACEMENT_3D('',#6295,#6296,#6297);
#6295 = CARTESIAN_POINT('',(5.329070518201E-14,-16.74,4.7085));
#6296 = DIRECTION('',(0.,-1.,0.));
#6297 = DIRECTION('',(1.,0.,0.));
#6298 = ADVANCED_FACE('',(#6299),#6309,.F.);
#6299 = FACE_BOUND('',#6300,.T.);
#6300 = EDGE_LOOP('',(#6301,#6302,#6303,#6304,#6305,#6306,#6307,#6308));
#6301 = ORIENTED_EDGE('',*,*,#2546,.F.);
#6302 = ORIENTED_EDGE('',*,*,#2523,.T.);
#6303 = ORIENTED_EDGE('',*,*,#2498,.F.);
#6304 = ORIENTED_EDGE('',*,*,#2474,.T.);
#6305 = ORIENTED_EDGE('',*,*,#2458,.T.);
#6306 = ORIENTED_EDGE('',*,*,#2995,.T.);
#6307 = ORIENTED_EDGE('',*,*,#2972,.F.);
#6308 = ORIENTED_EDGE('',*,*,#2948,.T.);
#6309 = PLANE('',#6310);
#6310 = AXIS2_PLACEMENT_3D('',#6311,#6312,#6313);
#6311 = CARTESIAN_POINT('',(-22.75,-12.5,-40.00000056624));
#6312 = DIRECTION('',(0.,-1.,0.));
#6313 = DIRECTION('',(0.,0.,-1.));
#6314 = ADVANCED_FACE('',(#6315),#6349,.F.);
#6315 = FACE_BOUND('',#6316,.T.);
#6316 = EDGE_LOOP('',(#6317,#6326,#6334,#6341,#6342,#6343,#6344,#6345,
    #6346,#6347,#6348));
#6317 = ORIENTED_EDGE('',*,*,#6318,.T.);
#6318 = EDGE_CURVE('',#2775,#6319,#6321,.T.);
#6319 = VERTEX_POINT('',#6320);
#6320 = CARTESIAN_POINT('',(-5.,-16.74,-10.22861726552));
#6321 = CIRCLE('',#6322,3.);
#6322 = AXIS2_PLACEMENT_3D('',#6323,#6324,#6325);
#6323 = CARTESIAN_POINT('',(-8.,-16.74,-10.22861726552));
#6324 = DIRECTION('',(-0.,1.,0.));
#6325 = DIRECTION('',(0.707106781187,0.,0.707106781187));
#6326 = ORIENTED_EDGE('',*,*,#6327,.F.);
#6327 = EDGE_CURVE('',#6328,#6319,#6330,.T.);
#6328 = VERTEX_POINT('',#6329);
#6329 = CARTESIAN_POINT('',(-5.,-16.74,-34.50000056624));
#6330 = LINE('',#6331,#6332);
#6331 = CARTESIAN_POINT('',(-5.,-16.74,-20.81543617475));
#6332 = VECTOR('',#6333,1.);
#6333 = DIRECTION('',(2.379488638918E-16,0.,1.));
#6334 = ORIENTED_EDGE('',*,*,#6335,.T.);
#6335 = EDGE_CURVE('',#6328,#2570,#6336,.T.);
#6336 = CIRCLE('',#6337,3.);
#6337 = AXIS2_PLACEMENT_3D('',#6338,#6339,#6340);
#6338 = CARTESIAN_POINT('',(-8.,-16.74,-34.50000056624));
#6339 = DIRECTION('',(0.,1.,0.));
#6340 = DIRECTION('',(0.707106781187,0.,-0.707106781187));
#6341 = ORIENTED_EDGE('',*,*,#2569,.T.);
#6342 = ORIENTED_EDGE('',*,*,#2930,.T.);
#6343 = ORIENTED_EDGE('',*,*,#2905,.T.);
#6344 = ORIENTED_EDGE('',*,*,#2889,.F.);
#6345 = ORIENTED_EDGE('',*,*,#2864,.T.);
#6346 = ORIENTED_EDGE('',*,*,#2840,.T.);
#6347 = ORIENTED_EDGE('',*,*,#2813,.F.);
#6348 = ORIENTED_EDGE('',*,*,#2782,.F.);
#6349 = PLANE('',#6350);
#6350 = AXIS2_PLACEMENT_3D('',#6351,#6352,#6353);
#6351 = CARTESIAN_POINT('',(5.329070518201E-14,-16.74,4.7085));
#6352 = DIRECTION('',(0.,-1.,0.));
#6353 = DIRECTION('',(1.,0.,0.));
#6354 = ADVANCED_FACE('',(#6355),#6374,.F.);
#6355 = FACE_BOUND('',#6356,.F.);
#6356 = EDGE_LOOP('',(#6357,#6358,#6367,#6373));
#6357 = ORIENTED_EDGE('',*,*,#2577,.F.);
#6358 = ORIENTED_EDGE('',*,*,#6359,.F.);
#6359 = EDGE_CURVE('',#6360,#2578,#6362,.T.);
#6360 = VERTEX_POINT('',#6361);
#6361 = CARTESIAN_POINT('',(-5.,-12.5,-34.50000056624));
#6362 = CIRCLE('',#6363,3.);
#6363 = AXIS2_PLACEMENT_3D('',#6364,#6365,#6366);
#6364 = CARTESIAN_POINT('',(-8.,-12.5,-34.50000056624));
#6365 = DIRECTION('',(0.,1.,0.));
#6366 = DIRECTION('',(0.707106781187,0.,-0.707106781187));
#6367 = ORIENTED_EDGE('',*,*,#6368,.F.);
#6368 = EDGE_CURVE('',#6328,#6360,#6369,.T.);
#6369 = LINE('',#6370,#6371);
#6370 = CARTESIAN_POINT('',(-5.,-12.4,-34.50000056624));
#6371 = VECTOR('',#6372,1.);
#6372 = DIRECTION('',(0.,1.,0.));
#6373 = ORIENTED_EDGE('',*,*,#6335,.T.);
#6374 = CYLINDRICAL_SURFACE('',#6375,3.);
#6375 = AXIS2_PLACEMENT_3D('',#6376,#6377,#6378);
#6376 = CARTESIAN_POINT('',(-8.,-12.4,-34.50000056624));
#6377 = DIRECTION('',(0.,-1.,0.));
#6378 = DIRECTION('',(0.707106781187,0.,-0.707106781187));
#6379 = ADVANCED_FACE('',(#6380),#6415,.T.);
#6380 = FACE_BOUND('',#6381,.T.);
#6381 = EDGE_LOOP('',(#6382,#6383,#6391,#6398,#6399,#6400,#6408));
#6382 = ORIENTED_EDGE('',*,*,#2766,.T.);
#6383 = ORIENTED_EDGE('',*,*,#6384,.F.);
#6384 = EDGE_CURVE('',#6385,#2759,#6387,.T.);
#6385 = VERTEX_POINT('',#6386);
#6386 = CARTESIAN_POINT('',(5.,-12.5,-34.50000056624));
#6387 = LINE('',#6388,#6389);
#6388 = CARTESIAN_POINT('',(5.,-12.5,-10.89041558577));
#6389 = VECTOR('',#6390,1.);
#6390 = DIRECTION('',(5.098904226253E-17,0.,1.));
#6391 = ORIENTED_EDGE('',*,*,#6392,.F.);
#6392 = EDGE_CURVE('',#2586,#6385,#6393,.T.);
#6393 = CIRCLE('',#6394,3.);
#6394 = AXIS2_PLACEMENT_3D('',#6395,#6396,#6397);
#6395 = CARTESIAN_POINT('',(8.,-12.5,-34.50000056624));
#6396 = DIRECTION('',(0.,1.,0.));
#6397 = DIRECTION('',(-0.707106781187,0.,-0.707106781187));
#6398 = ORIENTED_EDGE('',*,*,#2585,.F.);
#6399 = ORIENTED_EDGE('',*,*,#6359,.F.);
#6400 = ORIENTED_EDGE('',*,*,#6401,.F.);
#6401 = EDGE_CURVE('',#6402,#6360,#6404,.T.);
#6402 = VERTEX_POINT('',#6403);
#6403 = CARTESIAN_POINT('',(-5.,-12.5,-10.22861726552));
#6404 = LINE('',#6405,#6406);
#6405 = CARTESIAN_POINT('',(-5.,-12.5,-32.38087234951));
#6406 = VECTOR('',#6407,1.);
#6407 = DIRECTION('',(1.751623080406E-46,0.,-1.));
#6408 = ORIENTED_EDGE('',*,*,#6409,.F.);
#6409 = EDGE_CURVE('',#2767,#6402,#6410,.T.);
#6410 = CIRCLE('',#6411,3.);
#6411 = AXIS2_PLACEMENT_3D('',#6412,#6413,#6414);
#6412 = CARTESIAN_POINT('',(-8.,-12.5,-10.22861726552));
#6413 = DIRECTION('',(-0.,1.,0.));
#6414 = DIRECTION('',(0.707106781187,0.,0.707106781187));
#6415 = PLANE('',#6416);
#6416 = AXIS2_PLACEMENT_3D('',#6417,#6418,#6419);
#6417 = CARTESIAN_POINT('',(2.382945506858E-45,-12.5,-13.60421390602));
#6418 = DIRECTION('',(0.,1.,0.));
#6419 = DIRECTION('',(-1.,0.,-1.751623080406E-46));
#6420 = ADVANCED_FACE('',(#6421),#6440,.F.);
#6421 = FACE_BOUND('',#6422,.F.);
#6422 = EDGE_LOOP('',(#6423,#6431,#6432,#6433));
#6423 = ORIENTED_EDGE('',*,*,#6424,.F.);
#6424 = EDGE_CURVE('',#6385,#6425,#6427,.T.);
#6425 = VERTEX_POINT('',#6426);
#6426 = CARTESIAN_POINT('',(5.,-16.74,-34.50000056624));
#6427 = LINE('',#6428,#6429);
#6428 = CARTESIAN_POINT('',(5.,-12.4,-34.50000056624));
#6429 = VECTOR('',#6430,1.);
#6430 = DIRECTION('',(0.,-1.,0.));
#6431 = ORIENTED_EDGE('',*,*,#6392,.F.);
#6432 = ORIENTED_EDGE('',*,*,#2593,.F.);
#6433 = ORIENTED_EDGE('',*,*,#6434,.T.);
#6434 = EDGE_CURVE('',#2594,#6425,#6435,.T.);
#6435 = CIRCLE('',#6436,3.);
#6436 = AXIS2_PLACEMENT_3D('',#6437,#6438,#6439);
#6437 = CARTESIAN_POINT('',(8.,-16.74,-34.50000056624));
#6438 = DIRECTION('',(0.,1.,0.));
#6439 = DIRECTION('',(-0.707106781187,0.,-0.707106781187));
#6440 = CYLINDRICAL_SURFACE('',#6441,3.);
#6441 = AXIS2_PLACEMENT_3D('',#6442,#6443,#6444);
#6442 = CARTESIAN_POINT('',(8.,-12.4,-34.50000056624));
#6443 = DIRECTION('',(0.,-1.,0.));
#6444 = DIRECTION('',(-0.707106781187,-0.,-0.707106781187));
#6445 = ADVANCED_FACE('',(#6446),#6462,.F.);
#6446 = FACE_BOUND('',#6447,.T.);
#6447 = EDGE_LOOP('',(#6448,#6449,#6450,#6451,#6457,#6458,#6459,#6460,
    #6461));
#6448 = ORIENTED_EDGE('',*,*,#2635,.T.);
#6449 = ORIENTED_EDGE('',*,*,#2601,.T.);
#6450 = ORIENTED_EDGE('',*,*,#6434,.T.);
#6451 = ORIENTED_EDGE('',*,*,#6452,.F.);
#6452 = EDGE_CURVE('',#2751,#6425,#6453,.T.);
#6453 = LINE('',#6454,#6455);
#6454 = CARTESIAN_POINT('',(5.,-16.74,-8.213308632762));
#6455 = VECTOR('',#6456,1.);
#6456 = DIRECTION('',(-5.098904226253E-17,0.,-1.));
#6457 = ORIENTED_EDGE('',*,*,#2750,.F.);
#6458 = ORIENTED_EDGE('',*,*,#2734,.T.);
#6459 = ORIENTED_EDGE('',*,*,#2701,.T.);
#6460 = ORIENTED_EDGE('',*,*,#2684,.T.);
#6461 = ORIENTED_EDGE('',*,*,#2651,.T.);
#6462 = PLANE('',#6463);
#6463 = AXIS2_PLACEMENT_3D('',#6464,#6465,#6466);
#6464 = CARTESIAN_POINT('',(5.329070518201E-14,-16.74,4.7085));
#6465 = DIRECTION('',(0.,-1.,0.));
#6466 = DIRECTION('',(1.,0.,0.));
#6467 = ADVANCED_FACE('',(#6468),#6474,.T.);
#6468 = FACE_BOUND('',#6469,.T.);
#6469 = EDGE_LOOP('',(#6470,#6471,#6472,#6473));
#6470 = ORIENTED_EDGE('',*,*,#6424,.F.);
#6471 = ORIENTED_EDGE('',*,*,#6384,.T.);
#6472 = ORIENTED_EDGE('',*,*,#2758,.T.);
#6473 = ORIENTED_EDGE('',*,*,#6452,.T.);
#6474 = PLANE('',#6475);
#6475 = AXIS2_PLACEMENT_3D('',#6476,#6477,#6478);
#6476 = CARTESIAN_POINT('',(5.,-14.9,-8.176617265524));
#6477 = DIRECTION('',(1.,0.,-5.098904226253E-17));
#6478 = DIRECTION('',(-5.098904226253E-17,-2.22044604925E-16,-1.));
#6479 = ADVANCED_FACE('',(#6480),#6491,.F.);
#6480 = FACE_BOUND('',#6481,.F.);
#6481 = EDGE_LOOP('',(#6482,#6488,#6489,#6490));
#6482 = ORIENTED_EDGE('',*,*,#6483,.F.);
#6483 = EDGE_CURVE('',#6402,#6319,#6484,.T.);
#6484 = LINE('',#6485,#6486);
#6485 = CARTESIAN_POINT('',(-5.,-14.9,-10.22861726552));
#6486 = VECTOR('',#6487,1.);
#6487 = DIRECTION('',(0.,-1.,0.));
#6488 = ORIENTED_EDGE('',*,*,#6409,.F.);
#6489 = ORIENTED_EDGE('',*,*,#2774,.F.);
#6490 = ORIENTED_EDGE('',*,*,#6318,.T.);
#6491 = CYLINDRICAL_SURFACE('',#6492,3.);
#6492 = AXIS2_PLACEMENT_3D('',#6493,#6494,#6495);
#6493 = CARTESIAN_POINT('',(-8.,-14.9,-10.22861726552));
#6494 = DIRECTION('',(0.,1.,0.));
#6495 = DIRECTION('',(0.707106781187,0.,0.707106781187));
#6496 = ADVANCED_FACE('',(#6497),#6508,.F.);
#6497 = FACE_BOUND('',#6498,.F.);
#6498 = EDGE_LOOP('',(#6499,#6500,#6501,#6507));
#6499 = ORIENTED_EDGE('',*,*,#3071,.F.);
#6500 = ORIENTED_EDGE('',*,*,#5694,.F.);
#6501 = ORIENTED_EDGE('',*,*,#6502,.F.);
#6502 = EDGE_CURVE('',#6276,#5695,#6503,.T.);
#6503 = LINE('',#6504,#6505);
#6504 = CARTESIAN_POINT('',(-31.5,-15.02,-57.8));
#6505 = VECTOR('',#6506,1.);
#6506 = DIRECTION('',(0.,1.,0.));
#6507 = ORIENTED_EDGE('',*,*,#6283,.T.);
#6508 = CYLINDRICAL_SURFACE('',#6509,3.);
#6509 = AXIS2_PLACEMENT_3D('',#6510,#6511,#6512);
#6510 = CARTESIAN_POINT('',(-31.5,-15.02,-54.8));
#6511 = DIRECTION('',(0.,1.,0.));
#6512 = DIRECTION('',(-0.707106781187,0.,-0.707106781187));
#6513 = ADVANCED_FACE('',(#6514),#6541,.T.);
#6514 = FACE_BOUND('',#6515,.T.);
#6515 = EDGE_LOOP('',(#6516,#6525,#6526,#6535));
#6516 = ORIENTED_EDGE('',*,*,#6517,.T.);
#6517 = EDGE_CURVE('',#6518,#3282,#6520,.T.);
#6518 = VERTEX_POINT('',#6519);
#6519 = CARTESIAN_POINT('',(-101.5414213562,-0.341421356237,60.217));
#6520 = CIRCLE('',#6521,0.2);
#6521 = AXIS2_PLACEMENT_3D('',#6522,#6523,#6524);
#6522 = CARTESIAN_POINT('',(-101.4,-0.482842712475,60.217));
#6523 = DIRECTION('',(0.,0.,-1.));
#6524 = DIRECTION('',(-0.707106781187,0.707106781187,0.));
#6525 = ORIENTED_EDGE('',*,*,#3281,.T.);
#6526 = ORIENTED_EDGE('',*,*,#6527,.T.);
#6527 = EDGE_CURVE('',#3284,#6528,#6530,.T.);
#6528 = VERTEX_POINT('',#6529);
#6529 = CARTESIAN_POINT('',(-101.5414213562,-0.341421356237,-50.8));
#6530 = CIRCLE('',#6531,0.2);
#6531 = AXIS2_PLACEMENT_3D('',#6532,#6533,#6534);
#6532 = CARTESIAN_POINT('',(-101.4,-0.482842712475,-50.8));
#6533 = DIRECTION('',(0.,-0.,1.));
#6534 = DIRECTION('',(1.,1.734723475977E-15,0.));
#6535 = ORIENTED_EDGE('',*,*,#6536,.T.);
#6536 = EDGE_CURVE('',#6528,#6518,#6537,.T.);
#6537 = LINE('',#6538,#6539);
#6538 = CARTESIAN_POINT('',(-101.5414213562,-0.341421356237,53.839875));
#6539 = VECTOR('',#6540,1.);
#6540 = DIRECTION('',(0.,-2.711643282017E-16,1.));
#6541 = CYLINDRICAL_SURFACE('',#6542,0.2);
#6542 = AXIS2_PLACEMENT_3D('',#6543,#6544,#6545);
#6543 = CARTESIAN_POINT('',(-101.4,-0.482842712475,53.839875));
#6544 = DIRECTION('',(0.,2.711643282017E-16,-1.));
#6545 = DIRECTION('',(0.382683432365,0.923879532511,2.505231727728E-16)
  );
#6546 = ADVANCED_FACE('',(#6547),#6565,.F.);
#6547 = FACE_BOUND('',#6548,.F.);
#6548 = EDGE_LOOP('',(#6549,#6550,#6557,#6558));
#6549 = ORIENTED_EDGE('',*,*,#3291,.F.);
#6550 = ORIENTED_EDGE('',*,*,#6551,.F.);
#6551 = EDGE_CURVE('',#4059,#3292,#6552,.T.);
#6552 = CIRCLE('',#6553,8.5);
#6553 = AXIS2_PLACEMENT_3D('',#6554,#6555,#6556);
#6554 = CARTESIAN_POINT('',(-92.7,-1.6,60.217));
#6555 = DIRECTION('',(0.,-1.,0.));
#6556 = DIRECTION('',(-0.707106781187,0.,0.707106781187));
#6557 = ORIENTED_EDGE('',*,*,#4056,.F.);
#6558 = ORIENTED_EDGE('',*,*,#6559,.T.);
#6559 = EDGE_CURVE('',#4057,#3282,#6560,.T.);
#6560 = CIRCLE('',#6561,8.5);
#6561 = AXIS2_PLACEMENT_3D('',#6562,#6563,#6564);
#6562 = CARTESIAN_POINT('',(-92.7,-0.482842712475,60.217));
#6563 = DIRECTION('',(0.,-1.,0.));
#6564 = DIRECTION('',(-0.707106781187,0.,0.707106781187));
#6565 = CYLINDRICAL_SURFACE('',#6566,8.5);
#6566 = AXIS2_PLACEMENT_3D('',#6567,#6568,#6569);
#6567 = CARTESIAN_POINT('',(-92.7,-2.22044604925E-15,60.217));
#6568 = DIRECTION('',(0.,-1.,0.));
#6569 = DIRECTION('',(-0.707106781187,0.,0.707106781187));
#6570 = ADVANCED_FACE('',(#6571,#6617),#6628,.F.);
#6571 = FACE_BOUND('',#6572,.F.);
#6572 = EDGE_LOOP('',(#6573,#6583,#6590,#6591,#6592,#6593,#6602,#6610));
#6573 = ORIENTED_EDGE('',*,*,#6574,.F.);
#6574 = EDGE_CURVE('',#6575,#6577,#6579,.T.);
#6575 = VERTEX_POINT('',#6576);
#6576 = CARTESIAN_POINT('',(-92.65762624779,-1.6,65.718649618996));
#6577 = VERTEX_POINT('',#6578);
#6578 = CARTESIAN_POINT('',(-92.6590019608,-1.6,63.215351319777));
#6579 = LINE('',#6580,#6581);
#6580 = CARTESIAN_POINT('',(-92.65879500866,-1.6,63.591929080551));
#6581 = VECTOR('',#6582,1.);
#6582 = DIRECTION('',(-5.495600742707E-04,0.,-0.999999848992));
#6583 = ORIENTED_EDGE('',*,*,#6584,.T.);
#6584 = EDGE_CURVE('',#6575,#4067,#6585,.T.);
#6585 = CIRCLE('',#6586,3.);
#6586 = AXIS2_PLACEMENT_3D('',#6587,#6588,#6589);
#6587 = CARTESIAN_POINT('',(-89.65762670082,-1.6,65.717000938773));
#6588 = DIRECTION('',(0.,1.,-0.));
#6589 = DIRECTION('',(-0.706912455657,0.,0.707301053327));
#6590 = ORIENTED_EDGE('',*,*,#4066,.F.);
#6591 = ORIENTED_EDGE('',*,*,#6551,.T.);
#6592 = ORIENTED_EDGE('',*,*,#3299,.T.);
#6593 = ORIENTED_EDGE('',*,*,#6594,.T.);
#6594 = EDGE_CURVE('',#3300,#6595,#6597,.T.);
#6595 = VERTEX_POINT('',#6596);
#6596 = CARTESIAN_POINT('',(-98.2,-1.6,60.217));
#6597 = CIRCLE('',#6598,3.);
#6598 = AXIS2_PLACEMENT_3D('',#6599,#6600,#6601);
#6599 = CARTESIAN_POINT('',(-98.2,-1.6,57.217));
#6600 = DIRECTION('',(0.,1.,-0.));
#6601 = DIRECTION('',(-0.707106781187,0.,0.707106781187));
#6602 = ORIENTED_EDGE('',*,*,#6603,.T.);
#6603 = EDGE_CURVE('',#6595,#6604,#6606,.T.);
#6604 = VERTEX_POINT('',#6605);
#6605 = CARTESIAN_POINT('',(-95.65900150777,-1.6,60.217));
#6606 = LINE('',#6607,#6608);
#6607 = CARTESIAN_POINT('',(-46.3295,-1.6,60.217));
#6608 = VECTOR('',#6609,1.);
#6609 = DIRECTION('',(1.,0.,-3.533397770986E-15));
#6610 = ORIENTED_EDGE('',*,*,#6611,.T.);
#6611 = EDGE_CURVE('',#6604,#6577,#6612,.T.);
#6612 = CIRCLE('',#6613,3.);
#6613 = AXIS2_PLACEMENT_3D('',#6614,#6615,#6616);
#6614 = CARTESIAN_POINT('',(-95.65900150777,-1.6,63.217));
#6615 = DIRECTION('',(0.,-1.,0.));
#6616 = DIRECTION('',(0.706912455657,0.,-0.707301053327));
#6617 = FACE_BOUND('',#6618,.T.);
#6618 = EDGE_LOOP('',(#6619));
#6619 = ORIENTED_EDGE('',*,*,#6620,.F.);
#6620 = EDGE_CURVE('',#6621,#6621,#6623,.T.);
#6621 = VERTEX_POINT('',#6622);
#6622 = CARTESIAN_POINT('',(-93.8,-1.6,62.217));
#6623 = CIRCLE('',#6624,0.9);
#6624 = AXIS2_PLACEMENT_3D('',#6625,#6626,#6627);
#6625 = CARTESIAN_POINT('',(-94.7,-1.6,62.217));
#6626 = DIRECTION('',(0.,1.,-0.));
#6627 = DIRECTION('',(-1.,0.,0.));
#6628 = PLANE('',#6629);
#6629 = AXIS2_PLACEMENT_3D('',#6630,#6631,#6632);
#6630 = CARTESIAN_POINT('',(-96.40905603291,-1.6,63.967));
#6631 = DIRECTION('',(0.,-1.,0.));
#6632 = DIRECTION('',(-1.,0.,0.));
#6633 = ADVANCED_FACE('',(#6634),#6653,.F.);
#6634 = FACE_BOUND('',#6635,.F.);
#6635 = EDGE_LOOP('',(#6636,#6637,#6646,#6652));
#6636 = ORIENTED_EDGE('',*,*,#3307,.F.);
#6637 = ORIENTED_EDGE('',*,*,#6638,.T.);
#6638 = EDGE_CURVE('',#3308,#6639,#6641,.T.);
#6639 = VERTEX_POINT('',#6640);
#6640 = CARTESIAN_POINT('',(-98.2,-16.74,60.217));
#6641 = CIRCLE('',#6642,3.);
#6642 = AXIS2_PLACEMENT_3D('',#6643,#6644,#6645);
#6643 = CARTESIAN_POINT('',(-98.2,-16.74,57.217));
#6644 = DIRECTION('',(0.,1.,-0.));
#6645 = DIRECTION('',(-0.707106781187,0.,0.707106781187));
#6646 = ORIENTED_EDGE('',*,*,#6647,.F.);
#6647 = EDGE_CURVE('',#6595,#6639,#6648,.T.);
#6648 = LINE('',#6649,#6650);
#6649 = CARTESIAN_POINT('',(-98.2,-0.5,60.217));
#6650 = VECTOR('',#6651,1.);
#6651 = DIRECTION('',(0.,-1.,0.));
#6652 = ORIENTED_EDGE('',*,*,#6594,.F.);
#6653 = CYLINDRICAL_SURFACE('',#6654,3.);
#6654 = AXIS2_PLACEMENT_3D('',#6655,#6656,#6657);
#6655 = CARTESIAN_POINT('',(-98.2,-0.5,57.217));
#6656 = DIRECTION('',(0.,1.,0.));
#6657 = DIRECTION('',(-0.707106781187,0.,0.707106781187));
#6658 = ADVANCED_FACE('',(#6659),#6737,.F.);
#6659 = FACE_BOUND('',#6660,.T.);
#6660 = EDGE_LOOP('',(#6661,#6670,#6678,#6687,#6695,#6702,#6703,#6704,
    #6712,#6721,#6729,#6736));
#6661 = ORIENTED_EDGE('',*,*,#6662,.T.);
#6662 = EDGE_CURVE('',#4083,#6663,#6665,.T.);
#6663 = VERTEX_POINT('',#6664);
#6664 = CARTESIAN_POINT('',(-55.,-16.74,65.717000938773));
#6665 = CIRCLE('',#6666,3.);
#6666 = AXIS2_PLACEMENT_3D('',#6667,#6668,#6669);
#6667 = CARTESIAN_POINT('',(-58.,-16.74,65.717000938773));
#6668 = DIRECTION('',(-0.,1.,0.));
#6669 = DIRECTION('',(0.707106781187,0.,0.707106781187));
#6670 = ORIENTED_EDGE('',*,*,#6671,.T.);
#6671 = EDGE_CURVE('',#6663,#6672,#6674,.T.);
#6672 = VERTEX_POINT('',#6673);
#6673 = CARTESIAN_POINT('',(-55.,-16.74,49.904515973725));
#6674 = LINE('',#6675,#6676);
#6675 = CARTESIAN_POINT('',(-55.,-16.74,19.327257986862));
#6676 = VECTOR('',#6677,1.);
#6677 = DIRECTION('',(1.752473728884E-46,0.,-1.));
#6678 = ORIENTED_EDGE('',*,*,#6679,.T.);
#6679 = EDGE_CURVE('',#6672,#6680,#6682,.T.);
#6680 = VERTEX_POINT('',#6681);
#6681 = CARTESIAN_POINT('',(-58.,-16.74,46.904515973725));
#6682 = CIRCLE('',#6683,3.);
#6683 = AXIS2_PLACEMENT_3D('',#6684,#6685,#6686);
#6684 = CARTESIAN_POINT('',(-58.,-16.74,49.904515973725));
#6685 = DIRECTION('',(0.,1.,0.));
#6686 = DIRECTION('',(0.707106781187,0.,-0.707106781187));
#6687 = ORIENTED_EDGE('',*,*,#6688,.T.);
#6688 = EDGE_CURVE('',#6680,#6689,#6691,.T.);
#6689 = VERTEX_POINT('',#6690);
#6690 = CARTESIAN_POINT('',(-98.2,-16.74,46.904515973725));
#6691 = LINE('',#6692,#6693);
#6692 = CARTESIAN_POINT('',(-50.35,-16.74,46.904515973725));
#6693 = VECTOR('',#6694,1.);
#6694 = DIRECTION('',(-1.,0.,-1.751623080406E-46));
#6695 = ORIENTED_EDGE('',*,*,#6696,.T.);
#6696 = EDGE_CURVE('',#6689,#3316,#6697,.T.);
#6697 = CIRCLE('',#6698,3.);
#6698 = AXIS2_PLACEMENT_3D('',#6699,#6700,#6701);
#6699 = CARTESIAN_POINT('',(-98.2,-16.74,49.904515973725));
#6700 = DIRECTION('',(0.,1.,0.));
#6701 = DIRECTION('',(-0.707106781187,0.,-0.707106781187));
#6702 = ORIENTED_EDGE('',*,*,#3315,.F.);
#6703 = ORIENTED_EDGE('',*,*,#6638,.T.);
#6704 = ORIENTED_EDGE('',*,*,#6705,.F.);
#6705 = EDGE_CURVE('',#6706,#6639,#6708,.T.);
#6706 = VERTEX_POINT('',#6707);
#6707 = CARTESIAN_POINT('',(-95.65900150777,-16.74,60.217));
#6708 = LINE('',#6709,#6710);
#6709 = CARTESIAN_POINT('',(-46.3295,-16.74,60.217));
#6710 = VECTOR('',#6711,1.);
#6711 = DIRECTION('',(-1.,0.,3.533397770986E-15));
#6712 = ORIENTED_EDGE('',*,*,#6713,.T.);
#6713 = EDGE_CURVE('',#6706,#6714,#6716,.T.);
#6714 = VERTEX_POINT('',#6715);
#6715 = CARTESIAN_POINT('',(-92.6590019608,-16.74,63.215351319777));
#6716 = CIRCLE('',#6717,3.);
#6717 = AXIS2_PLACEMENT_3D('',#6718,#6719,#6720);
#6718 = CARTESIAN_POINT('',(-95.65900150777,-16.74,63.217));
#6719 = DIRECTION('',(0.,-1.,0.));
#6720 = DIRECTION('',(0.706912455657,0.,-0.707301053327));
#6721 = ORIENTED_EDGE('',*,*,#6722,.T.);
#6722 = EDGE_CURVE('',#6714,#6723,#6725,.T.);
#6723 = VERTEX_POINT('',#6724);
#6724 = CARTESIAN_POINT('',(-92.65762624779,-16.74,65.718649618996));
#6725 = LINE('',#6726,#6727);
#6726 = CARTESIAN_POINT('',(-92.66220062694,-16.74,57.394940029746));
#6727 = VECTOR('',#6728,1.);
#6728 = DIRECTION('',(5.495600742707E-04,-6.970486840023E-49,
    0.999999848992));
#6729 = ORIENTED_EDGE('',*,*,#6730,.T.);
#6730 = EDGE_CURVE('',#6723,#4075,#6731,.T.);
#6731 = CIRCLE('',#6732,3.);
#6732 = AXIS2_PLACEMENT_3D('',#6733,#6734,#6735);
#6733 = CARTESIAN_POINT('',(-89.65762670082,-16.74,65.717000938773));
#6734 = DIRECTION('',(0.,1.,-0.));
#6735 = DIRECTION('',(-0.706912455657,0.,0.707301053327));
#6736 = ORIENTED_EDGE('',*,*,#4082,.F.);
#6737 = PLANE('',#6738);
#6738 = AXIS2_PLACEMENT_3D('',#6739,#6740,#6741);
#6739 = CARTESIAN_POINT('',(5.329070518201E-14,-16.74,4.7085));
#6740 = DIRECTION('',(0.,-1.,0.));
#6741 = DIRECTION('',(1.,0.,0.));
#6742 = ADVANCED_FACE('',(#6743),#6762,.F.);
#6743 = FACE_BOUND('',#6744,.F.);
#6744 = EDGE_LOOP('',(#6745,#6746,#6755,#6761));
#6745 = ORIENTED_EDGE('',*,*,#3323,.F.);
#6746 = ORIENTED_EDGE('',*,*,#6747,.F.);
#6747 = EDGE_CURVE('',#6748,#3324,#6750,.T.);
#6748 = VERTEX_POINT('',#6749);
#6749 = CARTESIAN_POINT('',(-98.2,-11.9,46.904515973725));
#6750 = CIRCLE('',#6751,3.);
#6751 = AXIS2_PLACEMENT_3D('',#6752,#6753,#6754);
#6752 = CARTESIAN_POINT('',(-98.2,-11.9,49.904515973725));
#6753 = DIRECTION('',(3.830980170368E-34,1.,-2.105354064876E-37));
#6754 = DIRECTION('',(-0.707106781187,2.707423346922E-34,-0.707106781187
    ));
#6755 = ORIENTED_EDGE('',*,*,#6756,.F.);
#6756 = EDGE_CURVE('',#6689,#6748,#6757,.T.);
#6757 = LINE('',#6758,#6759);
#6758 = CARTESIAN_POINT('',(-98.2,-5.2,46.904515973725));
#6759 = VECTOR('',#6760,1.);
#6760 = DIRECTION('',(0.,1.,0.));
#6761 = ORIENTED_EDGE('',*,*,#6696,.T.);
#6762 = CYLINDRICAL_SURFACE('',#6763,3.);
#6763 = AXIS2_PLACEMENT_3D('',#6764,#6765,#6766);
#6764 = CARTESIAN_POINT('',(-98.2,-5.2,49.904515973725));
#6765 = DIRECTION('',(0.,-1.,0.));
#6766 = DIRECTION('',(-0.707106781187,-0.,-0.707106781187));
#6767 = ADVANCED_FACE('',(#6768),#6875,.T.);
#6768 = FACE_BOUND('',#6769,.T.);
#6769 = EDGE_LOOP('',(#6770,#6779,#6787,#6796,#6805,#6813,#6822,#6830,
    #6837,#6838,#6839,#6840,#6841,#6842,#6850,#6859,#6867,#6874));
#6770 = ORIENTED_EDGE('',*,*,#6771,.T.);
#6771 = EDGE_CURVE('',#4099,#6772,#6774,.T.);
#6772 = VERTEX_POINT('',#6773);
#6773 = CARTESIAN_POINT('',(-48.,-11.9,65.717000938773));
#6774 = CIRCLE('',#6775,3.);
#6775 = AXIS2_PLACEMENT_3D('',#6776,#6777,#6778);
#6776 = CARTESIAN_POINT('',(-51.,-11.9,65.717000938773));
#6777 = DIRECTION('',(3.830980170368E-34,1.,-2.105354064876E-37));
#6778 = DIRECTION('',(0.707106781187,-2.707423346922E-34,0.707106781187)
  );
#6779 = ORIENTED_EDGE('',*,*,#6780,.F.);
#6780 = EDGE_CURVE('',#6781,#6772,#6783,.T.);
#6781 = VERTEX_POINT('',#6782);
#6782 = CARTESIAN_POINT('',(-48.,-11.9,63.216515973725));
#6783 = LINE('',#6784,#6785);
#6784 = CARTESIAN_POINT('',(-48.,-11.9,66.217));
#6785 = VECTOR('',#6786,1.);
#6786 = DIRECTION('',(0.,0.,1.));
#6787 = ORIENTED_EDGE('',*,*,#6788,.T.);
#6788 = EDGE_CURVE('',#6781,#6789,#6791,.T.);
#6789 = VERTEX_POINT('',#6790);
#6790 = CARTESIAN_POINT('',(-45.,-11.9,60.216515973725));
#6791 = CIRCLE('',#6792,3.);
#6792 = AXIS2_PLACEMENT_3D('',#6793,#6794,#6795);
#6793 = CARTESIAN_POINT('',(-45.,-11.9,63.216515973725));
#6794 = DIRECTION('',(-3.830980170368E-34,-1.,2.105354064876E-37));
#6795 = DIRECTION('',(-0.707106781187,2.707423346922E-34,-0.707106781187
    ));
#6796 = ORIENTED_EDGE('',*,*,#6797,.F.);
#6797 = EDGE_CURVE('',#6798,#6789,#6800,.T.);
#6798 = VERTEX_POINT('',#6799);
#6799 = CARTESIAN_POINT('',(-48.,-11.9,57.216515973725));
#6800 = CIRCLE('',#6801,3.);
#6801 = AXIS2_PLACEMENT_3D('',#6802,#6803,#6804);
#6802 = CARTESIAN_POINT('',(-45.,-11.9,57.216515973725));
#6803 = DIRECTION('',(3.830980170368E-34,1.,-2.105354064876E-37));
#6804 = DIRECTION('',(-0.707106781187,2.710400767195E-34,0.707106781187)
  );
#6805 = ORIENTED_EDGE('',*,*,#6806,.F.);
#6806 = EDGE_CURVE('',#6807,#6798,#6809,.T.);
#6807 = VERTEX_POINT('',#6808);
#6808 = CARTESIAN_POINT('',(-48.,-11.9,42.904515973725));
#6809 = LINE('',#6810,#6811);
#6810 = CARTESIAN_POINT('',(-48.,-11.9,50.232636980294));
#6811 = VECTOR('',#6812,1.);
#6812 = DIRECTION('',(0.,2.105354064876E-37,1.));
#6813 = ORIENTED_EDGE('',*,*,#6814,.F.);
#6814 = EDGE_CURVE('',#6815,#6807,#6817,.T.);
#6815 = VERTEX_POINT('',#6816);
#6816 = CARTESIAN_POINT('',(-51.,-11.9,39.904515973725));
#6817 = CIRCLE('',#6818,3.);
#6818 = AXIS2_PLACEMENT_3D('',#6819,#6820,#6821);
#6819 = CARTESIAN_POINT('',(-51.,-11.9,42.904515973725));
#6820 = DIRECTION('',(-3.830980170368E-34,-1.,2.105354064875E-37));
#6821 = DIRECTION('',(0.707106781187,-2.710400767195E-34,-0.707106781187
    ));
#6822 = ORIENTED_EDGE('',*,*,#6823,.F.);
#6823 = EDGE_CURVE('',#6824,#6815,#6826,.T.);
#6824 = VERTEX_POINT('',#6825);
#6825 = CARTESIAN_POINT('',(-88.7500000149,-11.9,39.904515973725));
#6826 = LINE('',#6827,#6828);
#6827 = CARTESIAN_POINT('',(-50.51448729551,-11.9,39.904515973725));
#6828 = VECTOR('',#6829,1.);
#6829 = DIRECTION('',(1.,-3.830980170368E-34,0.));
#6830 = ORIENTED_EDGE('',*,*,#6831,.F.);
#6831 = EDGE_CURVE('',#3577,#6824,#6832,.T.);
#6832 = CIRCLE('',#6833,3.);
#6833 = AXIS2_PLACEMENT_3D('',#6834,#6835,#6836);
#6834 = CARTESIAN_POINT('',(-88.7500000149,-11.9,36.904515973725));
#6835 = DIRECTION('',(3.830980170368E-34,1.,-2.105354064875E-37));
#6836 = DIRECTION('',(-0.707106781187,2.710400767195E-34,0.707106781187)
  );
#6837 = ORIENTED_EDGE('',*,*,#3576,.T.);
#6838 = ORIENTED_EDGE('',*,*,#3551,.T.);
#6839 = ORIENTED_EDGE('',*,*,#3535,.T.);
#6840 = ORIENTED_EDGE('',*,*,#3331,.T.);
#6841 = ORIENTED_EDGE('',*,*,#6747,.F.);
#6842 = ORIENTED_EDGE('',*,*,#6843,.F.);
#6843 = EDGE_CURVE('',#6844,#6748,#6846,.T.);
#6844 = VERTEX_POINT('',#6845);
#6845 = CARTESIAN_POINT('',(-58.,-11.9,46.904515973725));
#6846 = LINE('',#6847,#6848);
#6847 = CARTESIAN_POINT('',(-100.2,-11.9,46.904515973725));
#6848 = VECTOR('',#6849,1.);
#6849 = DIRECTION('',(-1.,0.,0.));
#6850 = ORIENTED_EDGE('',*,*,#6851,.F.);
#6851 = EDGE_CURVE('',#6852,#6844,#6854,.T.);
#6852 = VERTEX_POINT('',#6853);
#6853 = CARTESIAN_POINT('',(-55.,-11.9,49.904515973725));
#6854 = CIRCLE('',#6855,3.);
#6855 = AXIS2_PLACEMENT_3D('',#6856,#6857,#6858);
#6856 = CARTESIAN_POINT('',(-58.,-11.9,49.904515973725));
#6857 = DIRECTION('',(3.830980170368E-34,1.,-2.105354064875E-37));
#6858 = DIRECTION('',(0.707106781187,-2.710400767195E-34,-0.707106781187
    ));
#6859 = ORIENTED_EDGE('',*,*,#6860,.T.);
#6860 = EDGE_CURVE('',#6852,#6861,#6863,.T.);
#6861 = VERTEX_POINT('',#6862);
#6862 = CARTESIAN_POINT('',(-55.,-11.9,65.717000938773));
#6863 = LINE('',#6864,#6865);
#6864 = CARTESIAN_POINT('',(-55.,-11.9,55.888878993431));
#6865 = VECTOR('',#6866,1.);
#6866 = DIRECTION('',(0.,2.105354064876E-37,1.));
#6867 = ORIENTED_EDGE('',*,*,#6868,.F.);
#6868 = EDGE_CURVE('',#4091,#6861,#6869,.T.);
#6869 = CIRCLE('',#6870,3.);
#6870 = AXIS2_PLACEMENT_3D('',#6871,#6872,#6873);
#6871 = CARTESIAN_POINT('',(-58.,-11.9,65.717000938773));
#6872 = DIRECTION('',(3.830980170368E-34,1.,-2.105354064876E-37));
#6873 = DIRECTION('',(0.707106781187,-2.707423346922E-34,0.707106781187)
  );
#6874 = ORIENTED_EDGE('',*,*,#4098,.T.);
#6875 = PLANE('',#6876);
#6876 = AXIS2_PLACEMENT_3D('',#6877,#6878,#6879);
#6877 = CARTESIAN_POINT('',(-74.1,-11.9,51.560757986862));
#6878 = DIRECTION('',(3.830980170368E-34,1.,-2.105354064876E-37));
#6879 = DIRECTION('',(-1.,3.830980170368E-34,6.846612330359E-87));
#6880 = ADVANCED_FACE('',(#6881),#6889,.T.);
#6881 = FACE_BOUND('',#6882,.T.);
#6882 = EDGE_LOOP('',(#6883,#6884,#6885,#6886,#6887,#6888));
#6883 = ORIENTED_EDGE('',*,*,#3433,.F.);
#6884 = ORIENTED_EDGE('',*,*,#3408,.F.);
#6885 = ORIENTED_EDGE('',*,*,#3354,.F.);
#6886 = ORIENTED_EDGE('',*,*,#3509,.F.);
#6887 = ORIENTED_EDGE('',*,*,#3482,.F.);
#6888 = ORIENTED_EDGE('',*,*,#3459,.T.);
#6889 = PLANE('',#6890);
#6890 = AXIS2_PLACEMENT_3D('',#6891,#6892,#6893);
#6891 = CARTESIAN_POINT('',(-100.45,-1.6,0.));
#6892 = DIRECTION('',(0.,1.,0.));
#6893 = DIRECTION('',(0.,0.,1.));
#6894 = ADVANCED_FACE('',(#6895),#6906,.F.);
#6895 = FACE_BOUND('',#6896,.F.);
#6896 = EDGE_LOOP('',(#6897,#6898,#6899,#6905));
#6897 = ORIENTED_EDGE('',*,*,#3378,.F.);
#6898 = ORIENTED_EDGE('',*,*,#5561,.F.);
#6899 = ORIENTED_EDGE('',*,*,#6900,.F.);
#6900 = EDGE_CURVE('',#5647,#5562,#6901,.T.);
#6901 = LINE('',#6902,#6903);
#6902 = CARTESIAN_POINT('',(-98.2,-0.5,-50.8));
#6903 = VECTOR('',#6904,1.);
#6904 = DIRECTION('',(0.,1.,0.));
#6905 = ORIENTED_EDGE('',*,*,#5654,.T.);
#6906 = CYLINDRICAL_SURFACE('',#6907,3.);
#6907 = AXIS2_PLACEMENT_3D('',#6908,#6909,#6910);
#6908 = CARTESIAN_POINT('',(-98.2,-0.5,-47.8));
#6909 = DIRECTION('',(0.,-1.,0.));
#6910 = DIRECTION('',(-0.707106781187,-0.,-0.707106781187));
#6911 = ADVANCED_FACE('',(#6912),#6931,.F.);
#6912 = FACE_BOUND('',#6913,.F.);
#6913 = EDGE_LOOP('',(#6914,#6922,#6923,#6924));
#6914 = ORIENTED_EDGE('',*,*,#6915,.F.);
#6915 = EDGE_CURVE('',#6824,#6916,#6918,.T.);
#6916 = VERTEX_POINT('',#6917);
#6917 = CARTESIAN_POINT('',(-88.7500000149,-16.74,39.904515973725));
#6918 = LINE('',#6919,#6920);
#6919 = CARTESIAN_POINT('',(-88.7500000149,-14.9,39.904515973725));
#6920 = VECTOR('',#6921,1.);
#6921 = DIRECTION('',(0.,-1.,0.));
#6922 = ORIENTED_EDGE('',*,*,#6831,.F.);
#6923 = ORIENTED_EDGE('',*,*,#3600,.F.);
#6924 = ORIENTED_EDGE('',*,*,#6925,.T.);
#6925 = EDGE_CURVE('',#3601,#6916,#6926,.T.);
#6926 = CIRCLE('',#6927,3.);
#6927 = AXIS2_PLACEMENT_3D('',#6928,#6929,#6930);
#6928 = CARTESIAN_POINT('',(-88.7500000149,-16.74,36.904515973725));
#6929 = DIRECTION('',(0.,1.,-0.));
#6930 = DIRECTION('',(-0.707106781187,0.,0.707106781187));
#6931 = CYLINDRICAL_SURFACE('',#6932,3.);
#6932 = AXIS2_PLACEMENT_3D('',#6933,#6934,#6935);
#6933 = CARTESIAN_POINT('',(-88.7500000149,-14.9,36.904515973725));
#6934 = DIRECTION('',(0.,-1.,0.));
#6935 = DIRECTION('',(-0.707106781187,0.,0.707106781187));
#6936 = ADVANCED_FACE('',(#6937),#7021,.F.);
#6937 = FACE_BOUND('',#6938,.T.);
#6938 = EDGE_LOOP('',(#6939,#6940,#6941,#6942,#6943,#6944,#6945,#6946,
    #6954,#6963,#6971,#6980,#6988,#6997,#7005,#7012,#7013,#7014,#7015,
    #7016,#7017,#7018,#7019,#7020));
#6939 = ORIENTED_EDGE('',*,*,#3739,.T.);
#6940 = ORIENTED_EDGE('',*,*,#3715,.T.);
#6941 = ORIENTED_EDGE('',*,*,#3690,.T.);
#6942 = ORIENTED_EDGE('',*,*,#3666,.T.);
#6943 = ORIENTED_EDGE('',*,*,#3641,.F.);
#6944 = ORIENTED_EDGE('',*,*,#3608,.T.);
#6945 = ORIENTED_EDGE('',*,*,#6925,.T.);
#6946 = ORIENTED_EDGE('',*,*,#6947,.F.);
#6947 = EDGE_CURVE('',#6948,#6916,#6950,.T.);
#6948 = VERTEX_POINT('',#6949);
#6949 = CARTESIAN_POINT('',(-51.,-16.74,39.904515973725));
#6950 = LINE('',#6951,#6952);
#6951 = CARTESIAN_POINT('',(-13.71448729551,-16.74,39.904515973725));
#6952 = VECTOR('',#6953,1.);
#6953 = DIRECTION('',(-1.,0.,0.));
#6954 = ORIENTED_EDGE('',*,*,#6955,.T.);
#6955 = EDGE_CURVE('',#6948,#6956,#6958,.T.);
#6956 = VERTEX_POINT('',#6957);
#6957 = CARTESIAN_POINT('',(-48.,-16.74,42.904515973725));
#6958 = CIRCLE('',#6959,3.);
#6959 = AXIS2_PLACEMENT_3D('',#6960,#6961,#6962);
#6960 = CARTESIAN_POINT('',(-51.,-16.74,42.904515973725));
#6961 = DIRECTION('',(0.,-1.,0.));
#6962 = DIRECTION('',(0.707106781187,0.,-0.707106781187));
#6963 = ORIENTED_EDGE('',*,*,#6964,.F.);
#6964 = EDGE_CURVE('',#6965,#6956,#6967,.T.);
#6965 = VERTEX_POINT('',#6966);
#6966 = CARTESIAN_POINT('',(-48.,-16.74,57.216515973725));
#6967 = LINE('',#6968,#6969);
#6968 = CARTESIAN_POINT('',(-48.,-16.74,20.327257986862));
#6969 = VECTOR('',#6970,1.);
#6970 = DIRECTION('',(0.,0.,-1.));
#6971 = ORIENTED_EDGE('',*,*,#6972,.T.);
#6972 = EDGE_CURVE('',#6965,#6973,#6975,.T.);
#6973 = VERTEX_POINT('',#6974);
#6974 = CARTESIAN_POINT('',(-45.,-16.74,60.216515973725));
#6975 = CIRCLE('',#6976,3.);
#6976 = AXIS2_PLACEMENT_3D('',#6977,#6978,#6979);
#6977 = CARTESIAN_POINT('',(-45.,-16.74,57.216515973725));
#6978 = DIRECTION('',(0.,1.,-0.));
#6979 = DIRECTION('',(-0.707106781187,0.,0.707106781187));
#6980 = ORIENTED_EDGE('',*,*,#6981,.T.);
#6981 = EDGE_CURVE('',#6973,#6982,#6984,.T.);
#6982 = VERTEX_POINT('',#6983);
#6983 = CARTESIAN_POINT('',(-43.00000049173,-16.74,60.216515973725));
#6984 = LINE('',#6985,#6986);
#6985 = CARTESIAN_POINT('',(-14.62499999254,-16.74,60.216515973725));
#6986 = VECTOR('',#6987,1.);
#6987 = DIRECTION('',(1.,0.,0.));
#6988 = ORIENTED_EDGE('',*,*,#6989,.T.);
#6989 = EDGE_CURVE('',#6982,#6990,#6992,.T.);
#6990 = VERTEX_POINT('',#6991);
#6991 = CARTESIAN_POINT('',(-40.00000049173,-16.74,63.216515973725));
#6992 = CIRCLE('',#6993,3.);
#6993 = AXIS2_PLACEMENT_3D('',#6994,#6995,#6996);
#6994 = CARTESIAN_POINT('',(-43.00000049173,-16.74,63.216515973725));
#6995 = DIRECTION('',(0.,-1.,0.));
#6996 = DIRECTION('',(0.707106781187,0.,-0.707106781187));
#6997 = ORIENTED_EDGE('',*,*,#6998,.F.);
#6998 = EDGE_CURVE('',#6999,#6990,#7001,.T.);
#6999 = VERTEX_POINT('',#7000);
#7000 = CARTESIAN_POINT('',(-40.00000049173,-16.74,64.217));
#7001 = LINE('',#7002,#7003);
#7002 = CARTESIAN_POINT('',(-40.00000049173,-16.74,33.854250469387));
#7003 = VECTOR('',#7004,1.);
#7004 = DIRECTION('',(0.,0.,-1.));
#7005 = ORIENTED_EDGE('',*,*,#7006,.T.);
#7006 = EDGE_CURVE('',#6999,#3961,#7007,.T.);
#7007 = CIRCLE('',#7008,3.);
#7008 = AXIS2_PLACEMENT_3D('',#7009,#7010,#7011);
#7009 = CARTESIAN_POINT('',(-37.00000049173,-16.74,64.217));
#7010 = DIRECTION('',(0.,1.,-0.));
#7011 = DIRECTION('',(-0.707106781187,0.,0.707106781187));
#7012 = ORIENTED_EDGE('',*,*,#3960,.T.);
#7013 = ORIENTED_EDGE('',*,*,#3935,.T.);
#7014 = ORIENTED_EDGE('',*,*,#3902,.F.);
#7015 = ORIENTED_EDGE('',*,*,#3878,.T.);
#7016 = ORIENTED_EDGE('',*,*,#3853,.T.);
#7017 = ORIENTED_EDGE('',*,*,#3837,.T.);
#7018 = ORIENTED_EDGE('',*,*,#3804,.F.);
#7019 = ORIENTED_EDGE('',*,*,#3780,.T.);
#7020 = ORIENTED_EDGE('',*,*,#3755,.F.);
#7021 = PLANE('',#7022);
#7022 = AXIS2_PLACEMENT_3D('',#7023,#7024,#7025);
#7023 = CARTESIAN_POINT('',(5.329070518201E-14,-16.74,4.7085));
#7024 = DIRECTION('',(0.,-1.,0.));
#7025 = DIRECTION('',(1.,0.,0.));
#7026 = ADVANCED_FACE('',(#7027),#7046,.F.);
#7027 = FACE_BOUND('',#7028,.F.);
#7028 = EDGE_LOOP('',(#7029,#7030,#7039,#7045));
#7029 = ORIENTED_EDGE('',*,*,#3968,.F.);
#7030 = ORIENTED_EDGE('',*,*,#7031,.F.);
#7031 = EDGE_CURVE('',#7032,#3969,#7034,.T.);
#7032 = VERTEX_POINT('',#7033);
#7033 = CARTESIAN_POINT('',(-40.00000049173,-10.4,64.217));
#7034 = CIRCLE('',#7035,3.);
#7035 = AXIS2_PLACEMENT_3D('',#7036,#7037,#7038);
#7036 = CARTESIAN_POINT('',(-37.00000049173,-10.4,64.217));
#7037 = DIRECTION('',(1.250929993143E-33,1.,-2.22044604925E-16));
#7038 = DIRECTION('',(-0.707106781187,1.570092458684E-16,0.707106781187)
  );
#7039 = ORIENTED_EDGE('',*,*,#7040,.F.);
#7040 = EDGE_CURVE('',#6999,#7032,#7041,.T.);
#7041 = LINE('',#7042,#7043);
#7042 = CARTESIAN_POINT('',(-40.00000049173,-13.32,64.217));
#7043 = VECTOR('',#7044,1.);
#7044 = DIRECTION('',(0.,1.,0.));
#7045 = ORIENTED_EDGE('',*,*,#7006,.T.);
#7046 = CYLINDRICAL_SURFACE('',#7047,3.);
#7047 = AXIS2_PLACEMENT_3D('',#7048,#7049,#7050);
#7048 = CARTESIAN_POINT('',(-37.00000049173,-13.32,64.217));
#7049 = DIRECTION('',(0.,-1.,0.));
#7050 = DIRECTION('',(-0.707106781187,0.,0.707106781187));
#7051 = ADVANCED_FACE('',(#7052,#7122),#7133,.F.);
#7052 = FACE_BOUND('',#7053,.F.);
#7053 = EDGE_LOOP('',(#7054,#7055,#7064,#7072,#7081,#7089,#7098,#7104,
    #7105,#7106,#7115));
#7054 = ORIENTED_EDGE('',*,*,#4114,.F.);
#7055 = ORIENTED_EDGE('',*,*,#7056,.T.);
#7056 = EDGE_CURVE('',#4107,#7057,#7059,.T.);
#7057 = VERTEX_POINT('',#7058);
#7058 = CARTESIAN_POINT('',(-48.,-10.4,65.717000938773));
#7059 = CIRCLE('',#7060,3.);
#7060 = AXIS2_PLACEMENT_3D('',#7061,#7062,#7063);
#7061 = CARTESIAN_POINT('',(-51.,-10.4,65.717000938773));
#7062 = DIRECTION('',(-1.250929993143E-33,1.,-2.22044604925E-16));
#7063 = DIRECTION('',(0.707106781187,1.570092458684E-16,0.707106781187)
  );
#7064 = ORIENTED_EDGE('',*,*,#7065,.F.);
#7065 = EDGE_CURVE('',#7066,#7057,#7068,.T.);
#7066 = VERTEX_POINT('',#7067);
#7067 = CARTESIAN_POINT('',(-48.,-10.4,63.216515973725));
#7068 = LINE('',#7069,#7070);
#7069 = CARTESIAN_POINT('',(-48.,-10.4,22.306507986862));
#7070 = VECTOR('',#7071,1.);
#7071 = DIRECTION('',(0.,2.22044604925E-16,1.));
#7072 = ORIENTED_EDGE('',*,*,#7073,.T.);
#7073 = EDGE_CURVE('',#7066,#7074,#7076,.T.);
#7074 = VERTEX_POINT('',#7075);
#7075 = CARTESIAN_POINT('',(-45.,-10.4,60.216515973725));
#7076 = CIRCLE('',#7077,3.);
#7077 = AXIS2_PLACEMENT_3D('',#7078,#7079,#7080);
#7078 = CARTESIAN_POINT('',(-45.,-10.4,63.216515973725));
#7079 = DIRECTION('',(-5.969445310803E-33,-1.,2.22044604925E-16));
#7080 = DIRECTION('',(-0.707106781187,-1.570092458684E-16,
    -0.707106781187));
#7081 = ORIENTED_EDGE('',*,*,#7082,.F.);
#7082 = EDGE_CURVE('',#7083,#7074,#7085,.T.);
#7083 = VERTEX_POINT('',#7084);
#7084 = CARTESIAN_POINT('',(-43.00000049173,-10.4,60.216515973725));
#7085 = LINE('',#7086,#7087);
#7086 = CARTESIAN_POINT('',(-13.63749999254,-10.4,60.216515973725));
#7087 = VECTOR('',#7088,1.);
#7088 = DIRECTION('',(-1.,-3.830980170368E-34,0.));
#7089 = ORIENTED_EDGE('',*,*,#7090,.T.);
#7090 = EDGE_CURVE('',#7083,#7091,#7093,.T.);
#7091 = VERTEX_POINT('',#7092);
#7092 = CARTESIAN_POINT('',(-40.00000049173,-10.4,63.216515973725));
#7093 = CIRCLE('',#7094,3.);
#7094 = AXIS2_PLACEMENT_3D('',#7095,#7096,#7097);
#7095 = CARTESIAN_POINT('',(-43.00000049173,-10.4,63.216515973725));
#7096 = DIRECTION('',(-1.250929993143E-33,-1.,2.22044604925E-16));
#7097 = DIRECTION('',(0.707106781187,-1.570092458684E-16,-0.707106781187
    ));
#7098 = ORIENTED_EDGE('',*,*,#7099,.F.);
#7099 = EDGE_CURVE('',#7032,#7091,#7100,.T.);
#7100 = LINE('',#7101,#7102);
#7101 = CARTESIAN_POINT('',(-40.00000049173,-10.4,33.854250469387));
#7102 = VECTOR('',#7103,1.);
#7103 = DIRECTION('',(0.,-2.22044604925E-16,-1.));
#7104 = ORIENTED_EDGE('',*,*,#7031,.T.);
#7105 = ORIENTED_EDGE('',*,*,#3976,.T.);
#7106 = ORIENTED_EDGE('',*,*,#7107,.F.);
#7107 = EDGE_CURVE('',#7108,#3977,#7110,.T.);
#7108 = VERTEX_POINT('',#7109);
#7109 = CARTESIAN_POINT('',(-40.61376322956,-10.4,67.967000469387));
#7110 = CIRCLE('',#7111,3.);
#7111 = AXIS2_PLACEMENT_3D('',#7112,#7113,#7114);
#7112 = CARTESIAN_POINT('',(-38.62944921402,-10.4,70.217));
#7113 = DIRECTION('',(7.962362354692E-34,-1.,2.22044604925E-16));
#7114 = DIRECTION('',(-0.353553501229,-2.077036997677E-16,
    -0.935414304877));
#7115 = ORIENTED_EDGE('',*,*,#7116,.F.);
#7116 = EDGE_CURVE('',#4115,#7108,#7117,.T.);
#7117 = CIRCLE('',#7118,3.);
#7118 = AXIS2_PLACEMENT_3D('',#7119,#7120,#7121);
#7119 = CARTESIAN_POINT('',(-42.59807724509,-10.4,65.717000938773));
#7120 = DIRECTION('',(-1.298104800533E-33,1.,-2.22044604925E-16));
#7121 = DIRECTION('',(0.866025584451,1.110222329793E-16,0.499999687076)
  );
#7122 = FACE_BOUND('',#7123,.T.);
#7123 = EDGE_LOOP('',(#7124));
#7124 = ORIENTED_EDGE('',*,*,#7125,.F.);
#7125 = EDGE_CURVE('',#7126,#7126,#7128,.T.);
#7126 = VERTEX_POINT('',#7127);
#7127 = CARTESIAN_POINT('',(-41.04284871757,-10.4,62.066902997766));
#7128 = CIRCLE('',#7129,0.9);
#7129 = AXIS2_PLACEMENT_3D('',#7130,#7131,#7132);
#7130 = CARTESIAN_POINT('',(-41.94284871757,-10.4,62.066902997766));
#7131 = DIRECTION('',(-3.830980170368E-34,1.,-2.22044604925E-16));
#7132 = DIRECTION('',(-1.,-3.830980170368E-34,8.50648478405E-50));
#7133 = PLANE('',#7134);
#7134 = AXIS2_PLACEMENT_3D('',#7135,#7136,#7137);
#7135 = CARTESIAN_POINT('',(1.475,-10.4,4.7085));
#7136 = DIRECTION('',(3.830980170368E-34,-1.,2.22044604925E-16));
#7137 = DIRECTION('',(1.,3.830980170368E-34,1.441229436753E-66));
#7138 = ADVANCED_FACE('',(#7139),#7158,.T.);
#7139 = FACE_BOUND('',#7140,.T.);
#7140 = EDGE_LOOP('',(#7141,#7150,#7151,#7152));
#7141 = ORIENTED_EDGE('',*,*,#7142,.T.);
#7142 = EDGE_CURVE('',#7143,#3985,#7145,.T.);
#7143 = VERTEX_POINT('',#7144);
#7144 = CARTESIAN_POINT('',(-40.61376322956,-1.6,67.967000469387));
#7145 = CIRCLE('',#7146,3.);
#7146 = AXIS2_PLACEMENT_3D('',#7147,#7148,#7149);
#7147 = CARTESIAN_POINT('',(-38.62944921402,-1.6,70.217));
#7148 = DIRECTION('',(0.,-1.,0.));
#7149 = DIRECTION('',(-0.353553501229,-0.,-0.935414304877));
#7150 = ORIENTED_EDGE('',*,*,#3984,.T.);
#7151 = ORIENTED_EDGE('',*,*,#7107,.F.);
#7152 = ORIENTED_EDGE('',*,*,#7153,.T.);
#7153 = EDGE_CURVE('',#7108,#7143,#7154,.T.);
#7154 = LINE('',#7155,#7156);
#7155 = CARTESIAN_POINT('',(-40.61376322956,-16.74,67.967000469387));
#7156 = VECTOR('',#7157,1.);
#7157 = DIRECTION('',(0.,1.,0.));
#7158 = CYLINDRICAL_SURFACE('',#7159,3.);
#7159 = AXIS2_PLACEMENT_3D('',#7160,#7161,#7162);
#7160 = CARTESIAN_POINT('',(-38.62944921402,-16.74,70.217));
#7161 = DIRECTION('',(0.,1.,0.));
#7162 = DIRECTION('',(-0.353553501229,0.,-0.935414304877));
#7163 = ADVANCED_FACE('',(#7164),#7178,.T.);
#7164 = FACE_BOUND('',#7165,.T.);
#7165 = EDGE_LOOP('',(#7166,#7167,#7168,#7169,#7176,#7177));
#7166 = ORIENTED_EDGE('',*,*,#4006,.F.);
#7167 = ORIENTED_EDGE('',*,*,#3992,.T.);
#7168 = ORIENTED_EDGE('',*,*,#7142,.F.);
#7169 = ORIENTED_EDGE('',*,*,#7170,.F.);
#7170 = EDGE_CURVE('',#4123,#7143,#7171,.T.);
#7171 = CIRCLE('',#7172,3.);
#7172 = AXIS2_PLACEMENT_3D('',#7173,#7174,#7175);
#7173 = CARTESIAN_POINT('',(-42.59807724509,-1.6,65.717000938773));
#7174 = DIRECTION('',(-0.,1.,0.));
#7175 = DIRECTION('',(0.866025584451,0.,0.499999687076));
#7176 = ORIENTED_EDGE('',*,*,#4130,.F.);
#7177 = ORIENTED_EDGE('',*,*,#4040,.F.);
#7178 = PLANE('',#7179);
#7179 = AXIS2_PLACEMENT_3D('',#7180,#7181,#7182);
#7180 = CARTESIAN_POINT('',(-0.23150025332,-1.6,67.967000469387));
#7181 = DIRECTION('',(0.,1.,0.));
#7182 = DIRECTION('',(0.,0.,1.));
#7183 = ADVANCED_FACE('',(#7184),#7195,.F.);
#7184 = FACE_BOUND('',#7185,.F.);
#7185 = EDGE_LOOP('',(#7186,#7187,#7188,#7194));
#7186 = ORIENTED_EDGE('',*,*,#4074,.F.);
#7187 = ORIENTED_EDGE('',*,*,#6584,.F.);
#7188 = ORIENTED_EDGE('',*,*,#7189,.F.);
#7189 = EDGE_CURVE('',#6723,#6575,#7190,.T.);
#7190 = LINE('',#7191,#7192);
#7191 = CARTESIAN_POINT('',(-92.65762624779,-0.8,65.718649618996));
#7192 = VECTOR('',#7193,1.);
#7193 = DIRECTION('',(0.,1.,0.));
#7194 = ORIENTED_EDGE('',*,*,#6730,.T.);
#7195 = CYLINDRICAL_SURFACE('',#7196,3.);
#7196 = AXIS2_PLACEMENT_3D('',#7197,#7198,#7199);
#7197 = CARTESIAN_POINT('',(-89.65762670082,-0.8,65.717000938773));
#7198 = DIRECTION('',(0.,1.,0.));
#7199 = DIRECTION('',(-0.706912455657,0.,0.707301053327));
#7200 = ADVANCED_FACE('',(#7201),#7212,.F.);
#7201 = FACE_BOUND('',#7202,.F.);
#7202 = EDGE_LOOP('',(#7203,#7209,#7210,#7211));
#7203 = ORIENTED_EDGE('',*,*,#7204,.F.);
#7204 = EDGE_CURVE('',#6861,#6663,#7205,.T.);
#7205 = LINE('',#7206,#7207);
#7206 = CARTESIAN_POINT('',(-55.,-5.2,65.717000938773));
#7207 = VECTOR('',#7208,1.);
#7208 = DIRECTION('',(0.,-1.,0.));
#7209 = ORIENTED_EDGE('',*,*,#6868,.F.);
#7210 = ORIENTED_EDGE('',*,*,#4090,.F.);
#7211 = ORIENTED_EDGE('',*,*,#6662,.T.);
#7212 = CYLINDRICAL_SURFACE('',#7213,3.);
#7213 = AXIS2_PLACEMENT_3D('',#7214,#7215,#7216);
#7214 = CARTESIAN_POINT('',(-58.,-5.2,65.717000938773));
#7215 = DIRECTION('',(0.,1.,0.));
#7216 = DIRECTION('',(0.707106781187,0.,0.707106781187));
#7217 = ADVANCED_FACE('',(#7218),#7229,.F.);
#7218 = FACE_BOUND('',#7219,.F.);
#7219 = EDGE_LOOP('',(#7220,#7226,#7227,#7228));
#7220 = ORIENTED_EDGE('',*,*,#7221,.F.);
#7221 = EDGE_CURVE('',#7057,#6772,#7222,.T.);
#7222 = LINE('',#7223,#7224);
#7223 = CARTESIAN_POINT('',(-48.,-5.2,65.717000938773));
#7224 = VECTOR('',#7225,1.);
#7225 = DIRECTION('',(0.,-1.,0.));
#7226 = ORIENTED_EDGE('',*,*,#7056,.F.);
#7227 = ORIENTED_EDGE('',*,*,#4106,.F.);
#7228 = ORIENTED_EDGE('',*,*,#6771,.T.);
#7229 = CYLINDRICAL_SURFACE('',#7230,3.);
#7230 = AXIS2_PLACEMENT_3D('',#7231,#7232,#7233);
#7231 = CARTESIAN_POINT('',(-51.,-5.2,65.717000938773));
#7232 = DIRECTION('',(0.,1.,0.));
#7233 = DIRECTION('',(0.707106781187,0.,0.707106781187));
#7234 = ADVANCED_FACE('',(#7235),#7241,.F.);
#7235 = FACE_BOUND('',#7236,.F.);
#7236 = EDGE_LOOP('',(#7237,#7238,#7239,#7240));
#7237 = ORIENTED_EDGE('',*,*,#7170,.F.);
#7238 = ORIENTED_EDGE('',*,*,#4122,.F.);
#7239 = ORIENTED_EDGE('',*,*,#7116,.T.);
#7240 = ORIENTED_EDGE('',*,*,#7153,.T.);
#7241 = CYLINDRICAL_SURFACE('',#7242,3.);
#7242 = AXIS2_PLACEMENT_3D('',#7243,#7244,#7245);
#7243 = CARTESIAN_POINT('',(-42.59807724509,-16.74,65.717000938773));
#7244 = DIRECTION('',(0.,-1.,0.));
#7245 = DIRECTION('',(0.866025584451,0.,0.499999687076));
#7246 = ADVANCED_FACE('',(#7247),#7274,.T.);
#7247 = FACE_BOUND('',#7248,.T.);
#7248 = EDGE_LOOP('',(#7249,#7258,#7259,#7268));
#7249 = ORIENTED_EDGE('',*,*,#7250,.F.);
#7250 = EDGE_CURVE('',#4155,#7251,#7253,.T.);
#7251 = VERTEX_POINT('',#7252);
#7252 = CARTESIAN_POINT('',(92.7,-0.341421356237,69.058421356237));
#7253 = CIRCLE('',#7254,0.2);
#7254 = AXIS2_PLACEMENT_3D('',#7255,#7256,#7257);
#7255 = CARTESIAN_POINT('',(92.7,-0.482842712475,68.917));
#7256 = DIRECTION('',(1.,-0.,0.));
#7257 = DIRECTION('',(0.,0.,-1.));
#7258 = ORIENTED_EDGE('',*,*,#4162,.T.);
#7259 = ORIENTED_EDGE('',*,*,#7260,.T.);
#7260 = EDGE_CURVE('',#4057,#7261,#7263,.T.);
#7261 = VERTEX_POINT('',#7262);
#7262 = CARTESIAN_POINT('',(-92.7,-0.34142229501,69.058422295011));
#7263 = CIRCLE('',#7264,0.200000938773);
#7264 = AXIS2_PLACEMENT_3D('',#7265,#7266,#7267);
#7265 = CARTESIAN_POINT('',(-92.7,-0.482843651248,68.917000938773));
#7266 = DIRECTION('',(1.,-2.144248217676E-13,8.881742507294E-14));
#7267 = DIRECTION('',(8.881742507294E-14,-1.011242406577E-42,-1.));
#7268 = ORIENTED_EDGE('',*,*,#7269,.T.);
#7269 = EDGE_CURVE('',#7261,#7251,#7270,.T.);
#7270 = LINE('',#7271,#7272);
#7271 = CARTESIAN_POINT('',(77.025,-0.34142229501,69.058422295011));
#7272 = VECTOR('',#7273,1.);
#7273 = DIRECTION('',(1.,0.,0.));
#7274 = CYLINDRICAL_SURFACE('',#7275,0.2);
#7275 = AXIS2_PLACEMENT_3D('',#7276,#7277,#7278);
#7276 = CARTESIAN_POINT('',(77.025,-0.482843651248,68.917000938773));
#7277 = DIRECTION('',(-1.,0.,0.));
#7278 = DIRECTION('',(0.,0.923879532511,-0.382683432365));
#7279 = ADVANCED_FACE('',(#7280),#7290,.T.);
#7280 = FACE_BOUND('',#7281,.T.);
#7281 = EDGE_LOOP('',(#7282,#7283,#7284,#7285,#7286,#7287,#7288,#7289));
#7282 = ORIENTED_EDGE('',*,*,#4537,.F.);
#7283 = ORIENTED_EDGE('',*,*,#4521,.T.);
#7284 = ORIENTED_EDGE('',*,*,#4486,.F.);
#7285 = ORIENTED_EDGE('',*,*,#4472,.T.);
#7286 = ORIENTED_EDGE('',*,*,#4437,.F.);
#7287 = ORIENTED_EDGE('',*,*,#4423,.F.);
#7288 = ORIENTED_EDGE('',*,*,#4388,.F.);
#7289 = ORIENTED_EDGE('',*,*,#4365,.T.);
#7290 = PLANE('',#7291);
#7291 = AXIS2_PLACEMENT_3D('',#7292,#7293,#7294);
#7292 = CARTESIAN_POINT('',(52.5,-1.6,53.404515973725));
#7293 = DIRECTION('',(0.,1.,0.));
#7294 = DIRECTION('',(0.,0.,1.));
#7295 = ADVANCED_FACE('',(#7296),#7299,.F.);
#7296 = FACE_BOUND('',#7297,.T.);
#7297 = EDGE_LOOP('',(#7298));
#7298 = ORIENTED_EDGE('',*,*,#4563,.F.);
#7299 = PLANE('',#7300);
#7300 = AXIS2_PLACEMENT_3D('',#7301,#7302,#7303);
#7301 = CARTESIAN_POINT('',(5.329070518201E-14,-16.74,4.7085));
#7302 = DIRECTION('',(0.,-1.,0.));
#7303 = DIRECTION('',(1.,0.,0.));
#7304 = ADVANCED_FACE('',(#7305),#7308,.F.);
#7305 = FACE_BOUND('',#7306,.T.);
#7306 = EDGE_LOOP('',(#7307));
#7307 = ORIENTED_EDGE('',*,*,#4588,.F.);
#7308 = PLANE('',#7309);
#7309 = AXIS2_PLACEMENT_3D('',#7310,#7311,#7312);
#7310 = CARTESIAN_POINT('',(5.329070518201E-14,-16.74,4.7085));
#7311 = DIRECTION('',(0.,-1.,0.));
#7312 = DIRECTION('',(1.,0.,0.));
#7313 = ADVANCED_FACE('',(#7314),#7317,.F.);
#7314 = FACE_BOUND('',#7315,.T.);
#7315 = EDGE_LOOP('',(#7316));
#7316 = ORIENTED_EDGE('',*,*,#4613,.F.);
#7317 = PLANE('',#7318);
#7318 = AXIS2_PLACEMENT_3D('',#7319,#7320,#7321);
#7319 = CARTESIAN_POINT('',(5.329070518201E-14,-16.74,4.7085));
#7320 = DIRECTION('',(0.,-1.,0.));
#7321 = DIRECTION('',(1.,0.,0.));
#7322 = ADVANCED_FACE('',(#7323),#7326,.F.);
#7323 = FACE_BOUND('',#7324,.T.);
#7324 = EDGE_LOOP('',(#7325));
#7325 = ORIENTED_EDGE('',*,*,#4638,.F.);
#7326 = PLANE('',#7327);
#7327 = AXIS2_PLACEMENT_3D('',#7328,#7329,#7330);
#7328 = CARTESIAN_POINT('',(5.329070518201E-14,-16.74,4.7085));
#7329 = DIRECTION('',(0.,-1.,0.));
#7330 = DIRECTION('',(1.,0.,0.));
#7331 = ADVANCED_FACE('',(#7332),#7359,.F.);
#7332 = FACE_BOUND('',#7333,.F.);
#7333 = EDGE_LOOP('',(#7334,#7335,#7344,#7352));
#7334 = ORIENTED_EDGE('',*,*,#4653,.F.);
#7335 = ORIENTED_EDGE('',*,*,#7336,.F.);
#7336 = EDGE_CURVE('',#7337,#4654,#7339,.T.);
#7337 = VERTEX_POINT('',#7338);
#7338 = CARTESIAN_POINT('',(5.,-12.5,5.525574934373));
#7339 = CIRCLE('',#7340,3.);
#7340 = AXIS2_PLACEMENT_3D('',#7341,#7342,#7343);
#7341 = CARTESIAN_POINT('',(8.,-12.5,5.525574934373));
#7342 = DIRECTION('',(0.,1.,-0.));
#7343 = DIRECTION('',(-0.707106781187,0.,0.707106781187));
#7344 = ORIENTED_EDGE('',*,*,#7345,.F.);
#7345 = EDGE_CURVE('',#7346,#7337,#7348,.T.);
#7346 = VERTEX_POINT('',#7347);
#7347 = CARTESIAN_POINT('',(5.,-16.74,5.525574934373));
#7348 = LINE('',#7349,#7350);
#7349 = CARTESIAN_POINT('',(5.,-14.9,5.525574934373));
#7350 = VECTOR('',#7351,1.);
#7351 = DIRECTION('',(0.,1.,0.));
#7352 = ORIENTED_EDGE('',*,*,#7353,.T.);
#7353 = EDGE_CURVE('',#7346,#4656,#7354,.T.);
#7354 = CIRCLE('',#7355,3.);
#7355 = AXIS2_PLACEMENT_3D('',#7356,#7357,#7358);
#7356 = CARTESIAN_POINT('',(8.,-16.74,5.525574934373));
#7357 = DIRECTION('',(0.,1.,-0.));
#7358 = DIRECTION('',(-0.707106781187,0.,0.707106781187));
#7359 = CYLINDRICAL_SURFACE('',#7360,3.);
#7360 = AXIS2_PLACEMENT_3D('',#7361,#7362,#7363);
#7361 = CARTESIAN_POINT('',(8.,-14.9,5.525574934373));
#7362 = DIRECTION('',(0.,-1.,0.));
#7363 = DIRECTION('',(-0.707106781187,0.,0.707106781187));
#7364 = ADVANCED_FACE('',(#7365),#7409,.T.);
#7365 = FACE_BOUND('',#7366,.T.);
#7366 = EDGE_LOOP('',(#7367,#7368,#7377,#7385,#7392,#7393,#7394,#7402));
#7367 = ORIENTED_EDGE('',*,*,#4790,.T.);
#7368 = ORIENTED_EDGE('',*,*,#7369,.F.);
#7369 = EDGE_CURVE('',#7370,#4793,#7372,.T.);
#7370 = VERTEX_POINT('',#7371);
#7371 = CARTESIAN_POINT('',(-5.,-12.5,-2.228604247521));
#7372 = CIRCLE('',#7373,3.);
#7373 = AXIS2_PLACEMENT_3D('',#7374,#7375,#7376);
#7374 = CARTESIAN_POINT('',(-8.,-12.5,-2.228604247521));
#7375 = DIRECTION('',(0.,1.,0.));
#7376 = DIRECTION('',(0.707106781187,0.,-0.707106781187));
#7377 = ORIENTED_EDGE('',*,*,#7378,.F.);
#7378 = EDGE_CURVE('',#7379,#7370,#7381,.T.);
#7379 = VERTEX_POINT('',#7380);
#7380 = CARTESIAN_POINT('',(-5.,-12.5,5.525574934373));
#7381 = LINE('',#7382,#7383);
#7382 = CARTESIAN_POINT('',(-5.,-12.5,-6.176617265524));
#7383 = VECTOR('',#7384,1.);
#7384 = DIRECTION('',(-3.415934018418E-15,0.,-1.));
#7385 = ORIENTED_EDGE('',*,*,#7386,.F.);
#7386 = EDGE_CURVE('',#4664,#7379,#7387,.T.);
#7387 = CIRCLE('',#7388,3.);
#7388 = AXIS2_PLACEMENT_3D('',#7389,#7390,#7391);
#7389 = CARTESIAN_POINT('',(-8.,-12.5,5.525574934373));
#7390 = DIRECTION('',(-0.,1.,0.));
#7391 = DIRECTION('',(0.707106781187,0.,0.707106781187));
#7392 = ORIENTED_EDGE('',*,*,#4663,.T.);
#7393 = ORIENTED_EDGE('',*,*,#7336,.F.);
#7394 = ORIENTED_EDGE('',*,*,#7395,.F.);
#7395 = EDGE_CURVE('',#7396,#7337,#7398,.T.);
#7396 = VERTEX_POINT('',#7397);
#7397 = CARTESIAN_POINT('',(5.,-12.5,-2.228604247521));
#7398 = LINE('',#7399,#7400);
#7399 = CARTESIAN_POINT('',(5.,-12.5,-3.039319485827));
#7400 = VECTOR('',#7401,1.);
#7401 = DIRECTION('',(5.098904226253E-17,0.,1.));
#7402 = ORIENTED_EDGE('',*,*,#7403,.F.);
#7403 = EDGE_CURVE('',#4791,#7396,#7404,.T.);
#7404 = CIRCLE('',#7405,3.);
#7405 = AXIS2_PLACEMENT_3D('',#7406,#7407,#7408);
#7406 = CARTESIAN_POINT('',(8.,-12.5,-2.228604247521));
#7407 = DIRECTION('',(0.,1.,0.));
#7408 = DIRECTION('',(-0.707106781187,0.,-0.707106781187));
#7409 = PLANE('',#7410);
#7410 = AXIS2_PLACEMENT_3D('',#7411,#7412,#7413);
#7411 = CARTESIAN_POINT('',(2.382945506858E-45,-12.5,-13.60421390602));
#7412 = DIRECTION('',(0.,1.,0.));
#7413 = DIRECTION('',(-1.,0.,-1.751623080406E-46));
#7414 = ADVANCED_FACE('',(#7415),#7434,.F.);
#7415 = FACE_BOUND('',#7416,.F.);
#7416 = EDGE_LOOP('',(#7417,#7425,#7426,#7427));
#7417 = ORIENTED_EDGE('',*,*,#7418,.F.);
#7418 = EDGE_CURVE('',#7379,#7419,#7421,.T.);
#7419 = VERTEX_POINT('',#7420);
#7420 = CARTESIAN_POINT('',(-5.,-16.74,5.525574934373));
#7421 = LINE('',#7422,#7423);
#7422 = CARTESIAN_POINT('',(-5.,-14.9,5.525574934373));
#7423 = VECTOR('',#7424,1.);
#7424 = DIRECTION('',(0.,-1.,0.));
#7425 = ORIENTED_EDGE('',*,*,#7386,.F.);
#7426 = ORIENTED_EDGE('',*,*,#4671,.F.);
#7427 = ORIENTED_EDGE('',*,*,#7428,.T.);
#7428 = EDGE_CURVE('',#4672,#7419,#7429,.T.);
#7429 = CIRCLE('',#7430,3.);
#7430 = AXIS2_PLACEMENT_3D('',#7431,#7432,#7433);
#7431 = CARTESIAN_POINT('',(-8.,-16.74,5.525574934373));
#7432 = DIRECTION('',(-0.,1.,0.));
#7433 = DIRECTION('',(0.707106781187,0.,0.707106781187));
#7434 = CYLINDRICAL_SURFACE('',#7435,3.);
#7435 = AXIS2_PLACEMENT_3D('',#7436,#7437,#7438);
#7436 = CARTESIAN_POINT('',(-8.,-14.9,5.525574934373));
#7437 = DIRECTION('',(0.,-1.,0.));
#7438 = DIRECTION('',(0.707106781187,0.,0.707106781187));
#7439 = ADVANCED_FACE('',(#7440),#7463,.F.);
#7440 = FACE_BOUND('',#7441,.T.);
#7441 = EDGE_LOOP('',(#7442,#7443,#7451,#7458,#7459,#7460,#7461,#7462));
#7442 = ORIENTED_EDGE('',*,*,#7428,.T.);
#7443 = ORIENTED_EDGE('',*,*,#7444,.F.);
#7444 = EDGE_CURVE('',#7445,#7419,#7447,.T.);
#7445 = VERTEX_POINT('',#7446);
#7446 = CARTESIAN_POINT('',(-5.,-16.74,-2.228604247521));
#7447 = LINE('',#7448,#7449);
#7448 = CARTESIAN_POINT('',(-5.,-16.74,-5.55080212376));
#7449 = VECTOR('',#7450,1.);
#7450 = DIRECTION('',(2.379488638918E-16,0.,1.));
#7451 = ORIENTED_EDGE('',*,*,#7452,.T.);
#7452 = EDGE_CURVE('',#7445,#4825,#7453,.T.);
#7453 = CIRCLE('',#7454,3.);
#7454 = AXIS2_PLACEMENT_3D('',#7455,#7456,#7457);
#7455 = CARTESIAN_POINT('',(-8.,-16.74,-2.228604247521));
#7456 = DIRECTION('',(0.,1.,0.));
#7457 = DIRECTION('',(0.707106781187,0.,-0.707106781187));
#7458 = ORIENTED_EDGE('',*,*,#4824,.T.);
#7459 = ORIENTED_EDGE('',*,*,#4775,.F.);
#7460 = ORIENTED_EDGE('',*,*,#4751,.T.);
#7461 = ORIENTED_EDGE('',*,*,#4726,.F.);
#7462 = ORIENTED_EDGE('',*,*,#4679,.F.);
#7463 = PLANE('',#7464);
#7464 = AXIS2_PLACEMENT_3D('',#7465,#7466,#7467);
#7465 = CARTESIAN_POINT('',(5.329070518201E-14,-16.74,4.7085));
#7466 = DIRECTION('',(0.,-1.,0.));
#7467 = DIRECTION('',(1.,0.,0.));
#7468 = ADVANCED_FACE('',(#7469),#7492,.F.);
#7469 = FACE_BOUND('',#7470,.T.);
#7470 = EDGE_LOOP('',(#7471,#7472,#7473,#7474,#7475,#7476,#7477,#7486));
#7471 = ORIENTED_EDGE('',*,*,#7353,.T.);
#7472 = ORIENTED_EDGE('',*,*,#4702,.F.);
#7473 = ORIENTED_EDGE('',*,*,#4898,.T.);
#7474 = ORIENTED_EDGE('',*,*,#4872,.T.);
#7475 = ORIENTED_EDGE('',*,*,#4856,.T.);
#7476 = ORIENTED_EDGE('',*,*,#4808,.T.);
#7477 = ORIENTED_EDGE('',*,*,#7478,.T.);
#7478 = EDGE_CURVE('',#4801,#7479,#7481,.T.);
#7479 = VERTEX_POINT('',#7480);
#7480 = CARTESIAN_POINT('',(5.,-16.74,-2.228604247521));
#7481 = CIRCLE('',#7482,3.);
#7482 = AXIS2_PLACEMENT_3D('',#7483,#7484,#7485);
#7483 = CARTESIAN_POINT('',(8.,-16.74,-2.228604247521));
#7484 = DIRECTION('',(0.,1.,0.));
#7485 = DIRECTION('',(-0.707106781187,0.,-0.707106781187));
#7486 = ORIENTED_EDGE('',*,*,#7487,.F.);
#7487 = EDGE_CURVE('',#7346,#7479,#7488,.T.);
#7488 = LINE('',#7489,#7490);
#7489 = CARTESIAN_POINT('',(5.,-16.74,-0.362212532814));
#7490 = VECTOR('',#7491,1.);
#7491 = DIRECTION('',(-5.098904226253E-17,0.,-1.));
#7492 = PLANE('',#7493);
#7493 = AXIS2_PLACEMENT_3D('',#7494,#7495,#7496);
#7494 = CARTESIAN_POINT('',(5.329070518201E-14,-16.74,4.7085));
#7495 = DIRECTION('',(0.,-1.,0.));
#7496 = DIRECTION('',(1.,0.,0.));
#7497 = ADVANCED_FACE('',(#7498),#7509,.F.);
#7498 = FACE_BOUND('',#7499,.F.);
#7499 = EDGE_LOOP('',(#7500,#7506,#7507,#7508));
#7500 = ORIENTED_EDGE('',*,*,#7501,.F.);
#7501 = EDGE_CURVE('',#7396,#7479,#7502,.T.);
#7502 = LINE('',#7503,#7504);
#7503 = CARTESIAN_POINT('',(5.,-14.9,-2.228604247521));
#7504 = VECTOR('',#7505,1.);
#7505 = DIRECTION('',(0.,-1.,0.));
#7506 = ORIENTED_EDGE('',*,*,#7403,.F.);
#7507 = ORIENTED_EDGE('',*,*,#4800,.F.);
#7508 = ORIENTED_EDGE('',*,*,#7478,.T.);
#7509 = CYLINDRICAL_SURFACE('',#7510,3.);
#7510 = AXIS2_PLACEMENT_3D('',#7511,#7512,#7513);
#7511 = CARTESIAN_POINT('',(8.,-14.9,-2.228604247521));
#7512 = DIRECTION('',(0.,1.,0.));
#7513 = DIRECTION('',(-0.707106781187,0.,-0.707106781187));
#7514 = ADVANCED_FACE('',(#7515),#7526,.F.);
#7515 = FACE_BOUND('',#7516,.F.);
#7516 = EDGE_LOOP('',(#7517,#7518,#7519,#7525));
#7517 = ORIENTED_EDGE('',*,*,#4832,.F.);
#7518 = ORIENTED_EDGE('',*,*,#7369,.F.);
#7519 = ORIENTED_EDGE('',*,*,#7520,.F.);
#7520 = EDGE_CURVE('',#7445,#7370,#7521,.T.);
#7521 = LINE('',#7522,#7523);
#7522 = CARTESIAN_POINT('',(-5.,-14.9,-2.228604247521));
#7523 = VECTOR('',#7524,1.);
#7524 = DIRECTION('',(0.,1.,0.));
#7525 = ORIENTED_EDGE('',*,*,#7452,.T.);
#7526 = CYLINDRICAL_SURFACE('',#7527,3.);
#7527 = AXIS2_PLACEMENT_3D('',#7528,#7529,#7530);
#7528 = CARTESIAN_POINT('',(-8.,-14.9,-2.228604247521));
#7529 = DIRECTION('',(0.,-1.,0.));
#7530 = DIRECTION('',(0.707106781187,0.,-0.707106781187));
#7531 = ADVANCED_FACE('',(#7532),#7559,.F.);
#7532 = FACE_BOUND('',#7533,.F.);
#7533 = EDGE_LOOP('',(#7534,#7535,#7544,#7552));
#7534 = ORIENTED_EDGE('',*,*,#4913,.F.);
#7535 = ORIENTED_EDGE('',*,*,#7536,.F.);
#7536 = EDGE_CURVE('',#7537,#4914,#7539,.T.);
#7537 = VERTEX_POINT('',#7538);
#7538 = CARTESIAN_POINT('',(5.,-12.5,20.525167700972));
#7539 = CIRCLE('',#7540,3.);
#7540 = AXIS2_PLACEMENT_3D('',#7541,#7542,#7543);
#7541 = CARTESIAN_POINT('',(8.,-12.5,20.525167700972));
#7542 = DIRECTION('',(0.,1.,-0.));
#7543 = DIRECTION('',(-0.707106781187,0.,0.707106781187));
#7544 = ORIENTED_EDGE('',*,*,#7545,.F.);
#7545 = EDGE_CURVE('',#7546,#7537,#7548,.T.);
#7546 = VERTEX_POINT('',#7547);
#7547 = CARTESIAN_POINT('',(5.,-16.74,20.525167700972));
#7548 = LINE('',#7549,#7550);
#7549 = CARTESIAN_POINT('',(5.,-14.1,20.525167700972));
#7550 = VECTOR('',#7551,1.);
#7551 = DIRECTION('',(0.,1.,0.));
#7552 = ORIENTED_EDGE('',*,*,#7553,.T.);
#7553 = EDGE_CURVE('',#7546,#4916,#7554,.T.);
#7554 = CIRCLE('',#7555,3.);
#7555 = AXIS2_PLACEMENT_3D('',#7556,#7557,#7558);
#7556 = CARTESIAN_POINT('',(8.,-16.74,20.525167700972));
#7557 = DIRECTION('',(0.,1.,-0.));
#7558 = DIRECTION('',(-0.707106781187,0.,0.707106781187));
#7559 = CYLINDRICAL_SURFACE('',#7560,3.);
#7560 = AXIS2_PLACEMENT_3D('',#7561,#7562,#7563);
#7561 = CARTESIAN_POINT('',(8.,-14.1,20.525167700972));
#7562 = DIRECTION('',(0.,-1.,0.));
#7563 = DIRECTION('',(-0.707106781187,0.,0.707106781187));
#7564 = ADVANCED_FACE('',(#7565),#7600,.T.);
#7565 = FACE_BOUND('',#7566,.T.);
#7566 = EDGE_LOOP('',(#7567,#7568,#7569,#7577,#7584,#7585,#7594));
#7567 = ORIENTED_EDGE('',*,*,#4923,.T.);
#7568 = ORIENTED_EDGE('',*,*,#7536,.F.);
#7569 = ORIENTED_EDGE('',*,*,#7570,.T.);
#7570 = EDGE_CURVE('',#7537,#7571,#7573,.T.);
#7571 = VERTEX_POINT('',#7572);
#7572 = CARTESIAN_POINT('',(5.,-12.5,13.525572754188));
#7573 = LINE('',#7574,#7575);
#7574 = CARTESIAN_POINT('',(5.,-12.5,26.372396034663));
#7575 = VECTOR('',#7576,1.);
#7576 = DIRECTION('',(-4.888801165802E-17,0.,-1.));
#7577 = ORIENTED_EDGE('',*,*,#7578,.F.);
#7578 = EDGE_CURVE('',#5051,#7571,#7579,.T.);
#7579 = CIRCLE('',#7580,3.);
#7580 = AXIS2_PLACEMENT_3D('',#7581,#7582,#7583);
#7581 = CARTESIAN_POINT('',(8.,-12.5,13.525572754188));
#7582 = DIRECTION('',(0.,1.,0.));
#7583 = DIRECTION('',(-0.707106781187,0.,-0.707106781187));
#7584 = ORIENTED_EDGE('',*,*,#5050,.T.);
#7585 = ORIENTED_EDGE('',*,*,#7586,.F.);
#7586 = EDGE_CURVE('',#7587,#5053,#7589,.T.);
#7587 = VERTEX_POINT('',#7588);
#7588 = CARTESIAN_POINT('',(-5.,-12.5,13.525572754188));
#7589 = CIRCLE('',#7590,3.);
#7590 = AXIS2_PLACEMENT_3D('',#7591,#7592,#7593);
#7591 = CARTESIAN_POINT('',(-8.,-12.5,13.525572754188));
#7592 = DIRECTION('',(0.,1.,0.));
#7593 = DIRECTION('',(0.707106781187,0.,-0.707106781187));
#7594 = ORIENTED_EDGE('',*,*,#7595,.F.);
#7595 = EDGE_CURVE('',#4924,#7587,#7596,.T.);
#7596 = LINE('',#7597,#7598);
#7597 = CARTESIAN_POINT('',(-5.,-12.5,9.525574934373));
#7598 = VECTOR('',#7599,1.);
#7599 = DIRECTION('',(-4.173804978534E-15,0.,-1.));
#7600 = PLANE('',#7601);
#7601 = AXIS2_PLACEMENT_3D('',#7602,#7603,#7604);
#7602 = CARTESIAN_POINT('',(2.382945506858E-45,-12.5,-13.60421390602));
#7603 = DIRECTION('',(0.,1.,0.));
#7604 = DIRECTION('',(-1.,0.,-1.751623080406E-46));
#7605 = ADVANCED_FACE('',(#7606),#7624,.T.);
#7606 = FACE_BOUND('',#7607,.T.);
#7607 = EDGE_LOOP('',(#7608,#7616,#7622,#7623));
#7608 = ORIENTED_EDGE('',*,*,#7609,.F.);
#7609 = EDGE_CURVE('',#7610,#7587,#7612,.T.);
#7610 = VERTEX_POINT('',#7611);
#7611 = CARTESIAN_POINT('',(-5.,-16.74,13.525572754188));
#7612 = LINE('',#7613,#7614);
#7613 = CARTESIAN_POINT('',(-5.,-14.1,13.525572754188));
#7614 = VECTOR('',#7615,1.);
#7615 = DIRECTION('',(0.,1.,0.));
#7616 = ORIENTED_EDGE('',*,*,#7617,.T.);
#7617 = EDGE_CURVE('',#7610,#4932,#7618,.T.);
#7618 = LINE('',#7619,#7620);
#7619 = CARTESIAN_POINT('',(-5.,-16.74,1.270786377094));
#7620 = VECTOR('',#7621,1.);
#7621 = DIRECTION('',(-1.751623080406E-46,0.,1.));
#7622 = ORIENTED_EDGE('',*,*,#4931,.T.);
#7623 = ORIENTED_EDGE('',*,*,#7595,.T.);
#7624 = PLANE('',#7625);
#7625 = AXIS2_PLACEMENT_3D('',#7626,#7627,#7628);
#7626 = CARTESIAN_POINT('',(-5.,-13.3,10.791572754188));
#7627 = DIRECTION('',(-1.,0.,-1.751623080406E-46));
#7628 = DIRECTION('',(-1.751623080406E-46,0.,1.));
#7629 = ADVANCED_FACE('',(#7630),#7645,.F.);
#7630 = FACE_BOUND('',#7631,.T.);
#7631 = EDGE_LOOP('',(#7632,#7639,#7640,#7641,#7642,#7643,#7644));
#7632 = ORIENTED_EDGE('',*,*,#7633,.T.);
#7633 = EDGE_CURVE('',#7610,#5085,#7634,.T.);
#7634 = CIRCLE('',#7635,3.);
#7635 = AXIS2_PLACEMENT_3D('',#7636,#7637,#7638);
#7636 = CARTESIAN_POINT('',(-8.,-16.74,13.525572754188));
#7637 = DIRECTION('',(0.,1.,0.));
#7638 = DIRECTION('',(0.707106781187,0.,-0.707106781187));
#7639 = ORIENTED_EDGE('',*,*,#5084,.T.);
#7640 = ORIENTED_EDGE('',*,*,#5035,.F.);
#7641 = ORIENTED_EDGE('',*,*,#5011,.T.);
#7642 = ORIENTED_EDGE('',*,*,#4984,.F.);
#7643 = ORIENTED_EDGE('',*,*,#4939,.F.);
#7644 = ORIENTED_EDGE('',*,*,#7617,.F.);
#7645 = PLANE('',#7646);
#7646 = AXIS2_PLACEMENT_3D('',#7647,#7648,#7649);
#7647 = CARTESIAN_POINT('',(5.329070518201E-14,-16.74,4.7085));
#7648 = DIRECTION('',(0.,-1.,0.));
#7649 = DIRECTION('',(1.,0.,0.));
#7650 = ADVANCED_FACE('',(#7651),#7674,.F.);
#7651 = FACE_BOUND('',#7652,.T.);
#7652 = EDGE_LOOP('',(#7653,#7662,#7668,#7669,#7670,#7671,#7672,#7673));
#7653 = ORIENTED_EDGE('',*,*,#7654,.T.);
#7654 = EDGE_CURVE('',#5061,#7655,#7657,.T.);
#7655 = VERTEX_POINT('',#7656);
#7656 = CARTESIAN_POINT('',(5.,-16.74,13.525572754188));
#7657 = CIRCLE('',#7658,3.);
#7658 = AXIS2_PLACEMENT_3D('',#7659,#7660,#7661);
#7659 = CARTESIAN_POINT('',(8.,-16.74,13.525572754188));
#7660 = DIRECTION('',(0.,1.,0.));
#7661 = DIRECTION('',(-0.707106781187,0.,-0.707106781187));
#7662 = ORIENTED_EDGE('',*,*,#7663,.F.);
#7663 = EDGE_CURVE('',#7546,#7655,#7664,.T.);
#7664 = LINE('',#7665,#7666);
#7665 = CARTESIAN_POINT('',(5.,-16.74,7.706083850486));
#7666 = VECTOR('',#7667,1.);
#7667 = DIRECTION('',(-4.888801165802E-17,0.,-1.));
#7668 = ORIENTED_EDGE('',*,*,#7553,.T.);
#7669 = ORIENTED_EDGE('',*,*,#4962,.F.);
#7670 = ORIENTED_EDGE('',*,*,#5158,.T.);
#7671 = ORIENTED_EDGE('',*,*,#5132,.T.);
#7672 = ORIENTED_EDGE('',*,*,#5116,.T.);
#7673 = ORIENTED_EDGE('',*,*,#5068,.T.);
#7674 = PLANE('',#7675);
#7675 = AXIS2_PLACEMENT_3D('',#7676,#7677,#7678);
#7676 = CARTESIAN_POINT('',(5.329070518201E-14,-16.74,4.7085));
#7677 = DIRECTION('',(0.,-1.,0.));
#7678 = DIRECTION('',(1.,0.,0.));
#7679 = ADVANCED_FACE('',(#7680),#7691,.F.);
#7680 = FACE_BOUND('',#7681,.F.);
#7681 = EDGE_LOOP('',(#7682,#7688,#7689,#7690));
#7682 = ORIENTED_EDGE('',*,*,#7683,.F.);
#7683 = EDGE_CURVE('',#7571,#7655,#7684,.T.);
#7684 = LINE('',#7685,#7686);
#7685 = CARTESIAN_POINT('',(5.,-14.1,13.525572754188));
#7686 = VECTOR('',#7687,1.);
#7687 = DIRECTION('',(0.,-1.,0.));
#7688 = ORIENTED_EDGE('',*,*,#7578,.F.);
#7689 = ORIENTED_EDGE('',*,*,#5060,.F.);
#7690 = ORIENTED_EDGE('',*,*,#7654,.T.);
#7691 = CYLINDRICAL_SURFACE('',#7692,3.);
#7692 = AXIS2_PLACEMENT_3D('',#7693,#7694,#7695);
#7693 = CARTESIAN_POINT('',(8.,-14.1,13.525572754188));
#7694 = DIRECTION('',(0.,1.,0.));
#7695 = DIRECTION('',(-0.707106781187,0.,-0.707106781187));
#7696 = ADVANCED_FACE('',(#7697),#7703,.F.);
#7697 = FACE_BOUND('',#7698,.F.);
#7698 = EDGE_LOOP('',(#7699,#7700,#7701,#7702));
#7699 = ORIENTED_EDGE('',*,*,#5092,.F.);
#7700 = ORIENTED_EDGE('',*,*,#7586,.F.);
#7701 = ORIENTED_EDGE('',*,*,#7609,.F.);
#7702 = ORIENTED_EDGE('',*,*,#7633,.T.);
#7703 = CYLINDRICAL_SURFACE('',#7704,3.);
#7704 = AXIS2_PLACEMENT_3D('',#7705,#7706,#7707);
#7705 = CARTESIAN_POINT('',(-8.,-14.1,13.525572754188));
#7706 = DIRECTION('',(0.,-1.,0.));
#7707 = DIRECTION('',(0.707106781187,0.,-0.707106781187));
#7708 = ADVANCED_FACE('',(#7709),#7712,.F.);
#7709 = FACE_BOUND('',#7710,.T.);
#7710 = EDGE_LOOP('',(#7711));
#7711 = ORIENTED_EDGE('',*,*,#5183,.F.);
#7712 = PLANE('',#7713);
#7713 = AXIS2_PLACEMENT_3D('',#7714,#7715,#7716);
#7714 = CARTESIAN_POINT('',(5.329070518201E-14,-16.74,4.7085));
#7715 = DIRECTION('',(0.,-1.,0.));
#7716 = DIRECTION('',(1.,0.,0.));
#7717 = ADVANCED_FACE('',(#7718),#7721,.F.);
#7718 = FACE_BOUND('',#7719,.T.);
#7719 = EDGE_LOOP('',(#7720));
#7720 = ORIENTED_EDGE('',*,*,#5208,.T.);
#7721 = PLANE('',#7722);
#7722 = AXIS2_PLACEMENT_3D('',#7723,#7724,#7725);
#7723 = CARTESIAN_POINT('',(5.329070518201E-14,-16.74,4.7085));
#7724 = DIRECTION('',(0.,-1.,0.));
#7725 = DIRECTION('',(1.,0.,0.));
#7726 = ADVANCED_FACE('',(#7727),#7730,.T.);
#7727 = FACE_BOUND('',#7728,.T.);
#7728 = EDGE_LOOP('',(#7729));
#7729 = ORIENTED_EDGE('',*,*,#5382,.F.);
#7730 = PLANE('',#7731);
#7731 = AXIS2_PLACEMENT_3D('',#7732,#7733,#7734);
#7732 = CARTESIAN_POINT('',(88.499999999925,-16.74,-55.155));
#7733 = DIRECTION('',(0.,1.,0.));
#7734 = DIRECTION('',(-1.,0.,0.));
#7735 = ADVANCED_FACE('',(#7736),#7739,.T.);
#7736 = FACE_BOUND('',#7737,.T.);
#7737 = EDGE_LOOP('',(#7738));
#7738 = ORIENTED_EDGE('',*,*,#5407,.F.);
#7739 = PLANE('',#7740);
#7740 = AXIS2_PLACEMENT_3D('',#7741,#7742,#7743);
#7741 = CARTESIAN_POINT('',(88.499999999925,-16.74,-46.155));
#7742 = DIRECTION('',(0.,1.,0.));
#7743 = DIRECTION('',(-1.,0.,0.));
#7744 = ADVANCED_FACE('',(#7745),#7764,.F.);
#7745 = FACE_BOUND('',#7746,.F.);
#7746 = EDGE_LOOP('',(#7747,#7755,#7756,#7757));
#7747 = ORIENTED_EDGE('',*,*,#7748,.T.);
#7748 = EDGE_CURVE('',#7749,#5441,#7751,.T.);
#7749 = VERTEX_POINT('',#7750);
#7750 = CARTESIAN_POINT('',(93.8,-9.,-52.8));
#7751 = LINE('',#7752,#7753);
#7752 = CARTESIAN_POINT('',(93.8,-1.,-52.8));
#7753 = VECTOR('',#7754,1.);
#7754 = DIRECTION('',(0.,1.,0.));
#7755 = ORIENTED_EDGE('',*,*,#5440,.F.);
#7756 = ORIENTED_EDGE('',*,*,#7748,.F.);
#7757 = ORIENTED_EDGE('',*,*,#7758,.F.);
#7758 = EDGE_CURVE('',#7749,#7749,#7759,.T.);
#7759 = CIRCLE('',#7760,0.9);
#7760 = AXIS2_PLACEMENT_3D('',#7761,#7762,#7763);
#7761 = CARTESIAN_POINT('',(94.7,-9.,-52.8));
#7762 = DIRECTION('',(0.,-1.,0.));
#7763 = DIRECTION('',(1.,0.,0.));
#7764 = CYLINDRICAL_SURFACE('',#7765,0.9);
#7765 = AXIS2_PLACEMENT_3D('',#7766,#7767,#7768);
#7766 = CARTESIAN_POINT('',(94.7,-1.,-52.8));
#7767 = DIRECTION('',(0.,-1.,0.));
#7768 = DIRECTION('',(1.,0.,0.));
#7769 = ADVANCED_FACE('',(#7770),#7782,.T.);
#7770 = FACE_BOUND('',#7771,.T.);
#7771 = EDGE_LOOP('',(#7772,#7773,#7774,#7775));
#7772 = ORIENTED_EDGE('',*,*,#5485,.F.);
#7773 = ORIENTED_EDGE('',*,*,#5460,.T.);
#7774 = ORIENTED_EDGE('',*,*,#6131,.T.);
#7775 = ORIENTED_EDGE('',*,*,#7776,.T.);
#7776 = EDGE_CURVE('',#6132,#5486,#7777,.T.);
#7777 = CIRCLE('',#7778,8.841421356237);
#7778 = AXIS2_PLACEMENT_3D('',#7779,#7780,#7781);
#7779 = CARTESIAN_POINT('',(92.7,-0.341421356237,-50.8));
#7780 = DIRECTION('',(0.,1.,0.));
#7781 = DIRECTION('',(0.707106781187,0.,-0.707106781187));
#7782 = TOROIDAL_SURFACE('',#7783,8.7,0.2);
#7783 = AXIS2_PLACEMENT_3D('',#7784,#7785,#7786);
#7784 = CARTESIAN_POINT('',(92.7,-0.482842712475,-50.8));
#7785 = DIRECTION('',(0.,-1.,0.));
#7786 = DIRECTION('',(0.,0.,-1.));
#7787 = ADVANCED_FACE('',(#7788),#7800,.T.);
#7788 = FACE_BOUND('',#7789,.T.);
#7789 = EDGE_LOOP('',(#7790,#7791,#7792,#7793));
#7790 = ORIENTED_EDGE('',*,*,#6527,.F.);
#7791 = ORIENTED_EDGE('',*,*,#5517,.T.);
#7792 = ORIENTED_EDGE('',*,*,#5475,.T.);
#7793 = ORIENTED_EDGE('',*,*,#7794,.T.);
#7794 = EDGE_CURVE('',#5476,#6528,#7795,.T.);
#7795 = CIRCLE('',#7796,8.841421356237);
#7796 = AXIS2_PLACEMENT_3D('',#7797,#7798,#7799);
#7797 = CARTESIAN_POINT('',(-92.7,-0.341421356237,-50.8));
#7798 = DIRECTION('',(0.,1.,0.));
#7799 = DIRECTION('',(-0.707106781187,0.,-0.707106781187));
#7800 = TOROIDAL_SURFACE('',#7801,8.7,0.2);
#7801 = AXIS2_PLACEMENT_3D('',#7802,#7803,#7804);
#7802 = CARTESIAN_POINT('',(-92.7,-0.482842712475,-50.8));
#7803 = DIRECTION('',(0.,-1.,0.));
#7804 = DIRECTION('',(0.,0.,-1.));
#7805 = ADVANCED_FACE('',(#7806),#7831,.T.);
#7806 = FACE_BOUND('',#7807,.T.);
#7807 = EDGE_LOOP('',(#7808,#7818,#7824,#7825));
#7808 = ORIENTED_EDGE('',*,*,#7809,.F.);
#7809 = EDGE_CURVE('',#7810,#7812,#7814,.T.);
#7810 = VERTEX_POINT('',#7811);
#7811 = CARTESIAN_POINT('',(-92.7,-1.353553390593,-60.65355339059));
#7812 = VERTEX_POINT('',#7813);
#7813 = CARTESIAN_POINT('',(92.7,-1.353553390593,-60.65355339059));
#7814 = LINE('',#7815,#7816);
#7815 = CARTESIAN_POINT('',(-77.025,-1.353553390593,-60.65355339059));
#7816 = VECTOR('',#7817,1.);
#7817 = DIRECTION('',(1.,0.,0.));
#7818 = ORIENTED_EDGE('',*,*,#7819,.T.);
#7819 = EDGE_CURVE('',#7810,#5476,#7820,.T.);
#7820 = LINE('',#7821,#7822);
#7821 = CARTESIAN_POINT('',(-92.7,-1.5,-60.8));
#7822 = VECTOR('',#7823,1.);
#7823 = DIRECTION('',(0.,0.707106781187,0.707106781187));
#7824 = ORIENTED_EDGE('',*,*,#5494,.F.);
#7825 = ORIENTED_EDGE('',*,*,#7826,.T.);
#7826 = EDGE_CURVE('',#5486,#7812,#7827,.T.);
#7827 = LINE('',#7828,#7829);
#7828 = CARTESIAN_POINT('',(92.7,-2.22044604925E-15,-59.3));
#7829 = VECTOR('',#7830,1.);
#7830 = DIRECTION('',(0.,-0.707106781187,-0.707106781187));
#7831 = PLANE('',#7832);
#7832 = AXIS2_PLACEMENT_3D('',#7833,#7834,#7835);
#7833 = CARTESIAN_POINT('',(-51.35,-0.75,-60.05));
#7834 = DIRECTION('',(0.,0.707106781187,-0.707106781187));
#7835 = DIRECTION('',(-1.,0.,0.));
#7836 = ADVANCED_FACE('',(#7837),#7853,.T.);
#7837 = FACE_BOUND('',#7838,.T.);
#7838 = EDGE_LOOP('',(#7839,#7840,#7846,#7847));
#7839 = ORIENTED_EDGE('',*,*,#5532,.T.);
#7840 = ORIENTED_EDGE('',*,*,#7841,.T.);
#7841 = EDGE_CURVE('',#5535,#5638,#7842,.T.);
#7842 = LINE('',#7843,#7844);
#7843 = CARTESIAN_POINT('',(-95.7,-1.,-50.8));
#7844 = VECTOR('',#7845,1.);
#7845 = DIRECTION('',(0.,-1.,0.));
#7846 = ORIENTED_EDGE('',*,*,#5637,.F.);
#7847 = ORIENTED_EDGE('',*,*,#7848,.T.);
#7848 = EDGE_CURVE('',#5630,#5533,#7849,.T.);
#7849 = LINE('',#7850,#7851);
#7850 = CARTESIAN_POINT('',(-92.7,-1.,-53.8));
#7851 = VECTOR('',#7852,1.);
#7852 = DIRECTION('',(0.,1.,0.));
#7853 = CYLINDRICAL_SURFACE('',#7854,3.);
#7854 = AXIS2_PLACEMENT_3D('',#7855,#7856,#7857);
#7855 = CARTESIAN_POINT('',(-95.7,-1.,-53.8));
#7856 = DIRECTION('',(0.,-1.,0.));
#7857 = DIRECTION('',(0.707106781187,0.,0.707106781187));
#7858 = ADVANCED_FACE('',(#7859),#7865,.F.);
#7859 = FACE_BOUND('',#7860,.T.);
#7860 = EDGE_LOOP('',(#7861,#7862,#7863,#7864));
#7861 = ORIENTED_EDGE('',*,*,#7848,.F.);
#7862 = ORIENTED_EDGE('',*,*,#5629,.T.);
#7863 = ORIENTED_EDGE('',*,*,#5605,.F.);
#7864 = ORIENTED_EDGE('',*,*,#5543,.T.);
#7865 = PLANE('',#7866);
#7866 = AXIS2_PLACEMENT_3D('',#7867,#7868,#7869);
#7867 = CARTESIAN_POINT('',(-92.7,-1.,-50.8));
#7868 = DIRECTION('',(-1.,0.,0.));
#7869 = DIRECTION('',(0.,0.,-1.));
#7870 = ADVANCED_FACE('',(#7871),#7877,.F.);
#7871 = FACE_BOUND('',#7872,.T.);
#7872 = EDGE_LOOP('',(#7873,#7874,#7875,#7876));
#7873 = ORIENTED_EDGE('',*,*,#6900,.F.);
#7874 = ORIENTED_EDGE('',*,*,#5646,.T.);
#7875 = ORIENTED_EDGE('',*,*,#7841,.F.);
#7876 = ORIENTED_EDGE('',*,*,#5570,.T.);
#7877 = PLANE('',#7878);
#7878 = AXIS2_PLACEMENT_3D('',#7879,#7880,#7881);
#7879 = CARTESIAN_POINT('',(-100.2,-1.,-50.8));
#7880 = DIRECTION('',(3.552713678801E-15,0.,-1.));
#7881 = DIRECTION('',(1.,0.,3.552713678801E-15));
#7882 = ADVANCED_FACE('',(#7883),#7902,.F.);
#7883 = FACE_BOUND('',#7884,.F.);
#7884 = EDGE_LOOP('',(#7885,#7893,#7894,#7895));
#7885 = ORIENTED_EDGE('',*,*,#7886,.T.);
#7886 = EDGE_CURVE('',#7887,#5579,#7889,.T.);
#7887 = VERTEX_POINT('',#7888);
#7888 = CARTESIAN_POINT('',(-93.8,-9.,-52.8));
#7889 = LINE('',#7890,#7891);
#7890 = CARTESIAN_POINT('',(-93.8,-1.,-52.8));
#7891 = VECTOR('',#7892,1.);
#7892 = DIRECTION('',(0.,1.,0.));
#7893 = ORIENTED_EDGE('',*,*,#5578,.F.);
#7894 = ORIENTED_EDGE('',*,*,#7886,.F.);
#7895 = ORIENTED_EDGE('',*,*,#7896,.F.);
#7896 = EDGE_CURVE('',#7887,#7887,#7897,.T.);
#7897 = CIRCLE('',#7898,0.9);
#7898 = AXIS2_PLACEMENT_3D('',#7899,#7900,#7901);
#7899 = CARTESIAN_POINT('',(-94.7,-9.,-52.8));
#7900 = DIRECTION('',(0.,-1.,0.));
#7901 = DIRECTION('',(-1.,0.,0.));
#7902 = CYLINDRICAL_SURFACE('',#7903,0.9);
#7903 = AXIS2_PLACEMENT_3D('',#7904,#7905,#7906);
#7904 = CARTESIAN_POINT('',(-94.7,-1.,-52.8));
#7905 = DIRECTION('',(0.,1.,0.));
#7906 = DIRECTION('',(-1.,0.,0.));
#7907 = ADVANCED_FACE('',(#7908),#7928,.T.);
#7908 = FACE_BOUND('',#7909,.T.);
#7909 = EDGE_LOOP('',(#7910,#7916,#7917,#7923,#7924,#7925,#7926,#7927));
#7910 = ORIENTED_EDGE('',*,*,#7911,.F.);
#7911 = EDGE_CURVE('',#5779,#5852,#7912,.T.);
#7912 = LINE('',#7913,#7914);
#7913 = CARTESIAN_POINT('',(33.129449244756,-16.74,-57.8));
#7914 = VECTOR('',#7915,1.);
#7915 = DIRECTION('',(0.,-1.,0.));
#7916 = ORIENTED_EDGE('',*,*,#5805,.F.);
#7917 = ORIENTED_EDGE('',*,*,#7918,.F.);
#7918 = EDGE_CURVE('',#5704,#5797,#7919,.T.);
#7919 = LINE('',#7920,#7921);
#7920 = CARTESIAN_POINT('',(-31.90192378864,-8.37,-57.8));
#7921 = VECTOR('',#7922,1.);
#7922 = DIRECTION('',(0.,1.,0.));
#7923 = ORIENTED_EDGE('',*,*,#5703,.T.);
#7924 = ORIENTED_EDGE('',*,*,#6502,.F.);
#7925 = ORIENTED_EDGE('',*,*,#6275,.F.);
#7926 = ORIENTED_EDGE('',*,*,#6247,.F.);
#7927 = ORIENTED_EDGE('',*,*,#5860,.T.);
#7928 = PLANE('',#7929);
#7929 = AXIS2_PLACEMENT_3D('',#7930,#7931,#7932);
#7930 = CARTESIAN_POINT('',(-34.5,-16.74,-57.8));
#7931 = DIRECTION('',(0.,0.,1.));
#7932 = DIRECTION('',(1.,0.,0.));
#7933 = ADVANCED_FACE('',(#7934),#7940,.T.);
#7934 = FACE_BOUND('',#7935,.T.);
#7935 = EDGE_LOOP('',(#7936,#7937,#7938,#7939));
#7936 = ORIENTED_EDGE('',*,*,#5761,.F.);
#7937 = ORIENTED_EDGE('',*,*,#5711,.F.);
#7938 = ORIENTED_EDGE('',*,*,#7918,.T.);
#7939 = ORIENTED_EDGE('',*,*,#5796,.T.);
#7940 = CYLINDRICAL_SURFACE('',#7941,3.);
#7941 = AXIS2_PLACEMENT_3D('',#7942,#7943,#7944);
#7942 = CARTESIAN_POINT('',(-31.90192378864,-8.37,-60.8));
#7943 = DIRECTION('',(0.,1.,0.));
#7944 = DIRECTION('',(-0.866025403784,0.,0.5));
#7945 = ADVANCED_FACE('',(#7946),#7965,.F.);
#7946 = FACE_BOUND('',#7947,.F.);
#7947 = EDGE_LOOP('',(#7948,#7956,#7957,#7958));
#7948 = ORIENTED_EDGE('',*,*,#7949,.T.);
#7949 = EDGE_CURVE('',#7950,#5735,#7952,.T.);
#7950 = VERTEX_POINT('',#7951);
#7951 = CARTESIAN_POINT('',(-37.93805478598,-16.74,-52.60000074791));
#7952 = LINE('',#7953,#7954);
#7953 = CARTESIAN_POINT('',(-37.93805478598,-13.3,-52.60000074791));
#7954 = VECTOR('',#7955,1.);
#7955 = DIRECTION('',(0.,1.,0.));
#7956 = ORIENTED_EDGE('',*,*,#5734,.T.);
#7957 = ORIENTED_EDGE('',*,*,#7949,.F.);
#7958 = ORIENTED_EDGE('',*,*,#7959,.T.);
#7959 = EDGE_CURVE('',#7950,#7950,#7960,.T.);
#7960 = CIRCLE('',#7961,0.9);
#7961 = AXIS2_PLACEMENT_3D('',#7962,#7963,#7964);
#7962 = CARTESIAN_POINT('',(-37.03805478598,-16.74,-52.60000074791));
#7963 = DIRECTION('',(-0.,1.,0.));
#7964 = DIRECTION('',(1.,0.,1.751623080406E-46));
#7965 = CYLINDRICAL_SURFACE('',#7966,0.9);
#7966 = AXIS2_PLACEMENT_3D('',#7967,#7968,#7969);
#7967 = CARTESIAN_POINT('',(-37.03805478598,-13.3,-52.60000074791));
#7968 = DIRECTION('',(0.,1.,0.));
#7969 = DIRECTION('',(1.,0.,1.751623080406E-46));
#7970 = ADVANCED_FACE('',(#7971),#7977,.T.);
#7971 = FACE_BOUND('',#7972,.T.);
#7972 = EDGE_LOOP('',(#7973,#7974,#7975,#7976));
#7973 = ORIENTED_EDGE('',*,*,#5776,.T.);
#7974 = ORIENTED_EDGE('',*,*,#7911,.T.);
#7975 = ORIENTED_EDGE('',*,*,#5851,.F.);
#7976 = ORIENTED_EDGE('',*,*,#5830,.T.);
#7977 = CYLINDRICAL_SURFACE('',#7978,3.);
#7978 = AXIS2_PLACEMENT_3D('',#7979,#7980,#7981);
#7979 = CARTESIAN_POINT('',(33.129449244756,-16.74,-60.8));
#7980 = DIRECTION('',(0.,1.,0.));
#7981 = DIRECTION('',(0.353553390593,0.,0.935414346693));
#7982 = ADVANCED_FACE('',(#7983),#8002,.F.);
#7983 = FACE_BOUND('',#7984,.F.);
#7984 = EDGE_LOOP('',(#7985,#7993,#7994,#7995));
#7985 = ORIENTED_EDGE('',*,*,#7986,.T.);
#7986 = EDGE_CURVE('',#7987,#5879,#7989,.T.);
#7987 = VERTEX_POINT('',#7988);
#7988 = CARTESIAN_POINT('',(36.099229704926,-16.74,-52.60000074791));
#7989 = LINE('',#7990,#7991);
#7990 = CARTESIAN_POINT('',(36.099229704926,-13.3,-52.60000074791));
#7991 = VECTOR('',#7992,1.);
#7992 = DIRECTION('',(0.,1.,0.));
#7993 = ORIENTED_EDGE('',*,*,#5878,.T.);
#7994 = ORIENTED_EDGE('',*,*,#7986,.F.);
#7995 = ORIENTED_EDGE('',*,*,#7996,.T.);
#7996 = EDGE_CURVE('',#7987,#7987,#7997,.T.);
#7997 = CIRCLE('',#7998,0.9);
#7998 = AXIS2_PLACEMENT_3D('',#7999,#8000,#8001);
#7999 = CARTESIAN_POINT('',(36.999229704926,-16.74,-52.60000074791));
#8000 = DIRECTION('',(-0.,1.,0.));
#8001 = DIRECTION('',(1.,0.,1.751623080406E-46));
#8002 = CYLINDRICAL_SURFACE('',#8003,0.9);
#8003 = AXIS2_PLACEMENT_3D('',#8004,#8005,#8006);
#8004 = CARTESIAN_POINT('',(36.999229704926,-13.3,-52.60000074791));
#8005 = DIRECTION('',(0.,1.,0.));
#8006 = DIRECTION('',(1.,0.,1.751623080406E-46));
#8007 = ADVANCED_FACE('',(#8008),#8033,.T.);
#8008 = FACE_BOUND('',#8009,.T.);
#8009 = EDGE_LOOP('',(#8010,#8018,#8026,#8032));
#8010 = ORIENTED_EDGE('',*,*,#8011,.T.);
#8011 = EDGE_CURVE('',#5898,#8012,#8014,.T.);
#8012 = VERTEX_POINT('',#8013);
#8013 = CARTESIAN_POINT('',(85.169999999925,-8.670015390297,-60.8));
#8014 = LINE('',#8015,#8016);
#8015 = CARTESIAN_POINT('',(84.669999999925,-8.670015390297,-60.3));
#8016 = VECTOR('',#8017,1.);
#8017 = DIRECTION('',(0.707106781187,0.,-0.707106781187));
#8018 = ORIENTED_EDGE('',*,*,#8019,.T.);
#8019 = EDGE_CURVE('',#8012,#8020,#8022,.T.);
#8020 = VERTEX_POINT('',#8021);
#8021 = CARTESIAN_POINT('',(85.169999999879,-9.330026617068,-60.8));
#8022 = LINE('',#8023,#8024);
#8023 = CARTESIAN_POINT('',(85.169999999925,-4.335007695149,-60.8));
#8024 = VECTOR('',#8025,1.);
#8025 = DIRECTION('',(0.,-1.,0.));
#8026 = ORIENTED_EDGE('',*,*,#8027,.F.);
#8027 = EDGE_CURVE('',#5896,#8020,#8028,.T.);
#8028 = LINE('',#8029,#8030);
#8029 = CARTESIAN_POINT('',(84.669999999925,-9.330019792858,-60.3));
#8030 = VECTOR('',#8031,1.);
#8031 = DIRECTION('',(0.707106781121,-9.65089024244E-06,-0.707106781186)
  );
#8032 = ORIENTED_EDGE('',*,*,#5895,.T.);
#8033 = PLANE('',#8034);
#8034 = AXIS2_PLACEMENT_3D('',#8035,#8036,#8037);
#8035 = CARTESIAN_POINT('',(84.919999999925,-4.335007695149,-60.55));
#8036 = DIRECTION('',(-0.707106781187,0.,-0.707106781187));
#8037 = DIRECTION('',(-0.707106781187,0.,0.707106781187));
#8038 = ADVANCED_FACE('',(#8039),#8058,.F.);
#8039 = FACE_BOUND('',#8040,.F.);
#8040 = EDGE_LOOP('',(#8041,#8042,#8050,#8057));
#8041 = ORIENTED_EDGE('',*,*,#5936,.F.);
#8042 = ORIENTED_EDGE('',*,*,#8043,.T.);
#8043 = EDGE_CURVE('',#5929,#8044,#8046,.T.);
#8044 = VERTEX_POINT('',#8045);
#8045 = CARTESIAN_POINT('',(83.219987256526,-11.28000000265,-60.8));
#8046 = LINE('',#8047,#8048);
#8047 = CARTESIAN_POINT('',(83.219987256526,-10.78000000265,-60.3));
#8048 = VECTOR('',#8049,1.);
#8049 = DIRECTION('',(0.,-0.707106781187,-0.707106781187));
#8050 = ORIENTED_EDGE('',*,*,#8051,.F.);
#8051 = EDGE_CURVE('',#8020,#8044,#8052,.T.);
#8052 = CIRCLE('',#8053,1.950000000056);
#8053 = AXIS2_PLACEMENT_3D('',#8054,#8055,#8056);
#8054 = CARTESIAN_POINT('',(83.220000000005,-9.33000000265,-60.8));
#8055 = DIRECTION('',(0.,0.,-1.));
#8056 = DIRECTION('',(-8.788606133695E-06,-0.999999999961,-0.));
#8057 = ORIENTED_EDGE('',*,*,#8027,.F.);
#8058 = CONICAL_SURFACE('',#8059,1.700000000056,0.785398163397);
#8059 = AXIS2_PLACEMENT_3D('',#8060,#8061,#8062);
#8060 = CARTESIAN_POINT('',(83.220000000005,-9.33000000265,-60.55));
#8061 = DIRECTION('',(0.,0.,-1.));
#8062 = DIRECTION('',(-8.788606133695E-06,-0.999999999961,-0.));
#8063 = ADVANCED_FACE('',(#8064),#8082,.T.);
#8064 = FACE_BOUND('',#8065,.T.);
#8065 = EDGE_LOOP('',(#8066,#8067,#8075,#8081));
#8066 = ORIENTED_EDGE('',*,*,#8043,.T.);
#8067 = ORIENTED_EDGE('',*,*,#8068,.T.);
#8068 = EDGE_CURVE('',#8044,#8069,#8071,.T.);
#8069 = VERTEX_POINT('',#8070);
#8070 = CARTESIAN_POINT('',(76.779951009155,-11.28000000249,-60.8));
#8071 = LINE('',#8072,#8073);
#8072 = CARTESIAN_POINT('',(-9.740006371737,-11.28000000264,-60.8));
#8073 = VECTOR('',#8074,1.);
#8074 = DIRECTION('',(-1.,1.379153964424E-15,0.));
#8075 = ORIENTED_EDGE('',*,*,#8076,.F.);
#8076 = EDGE_CURVE('',#5952,#8069,#8077,.T.);
#8077 = LINE('',#8078,#8079);
#8078 = CARTESIAN_POINT('',(76.779963570912,-10.78000000264,-60.3));
#8079 = VECTOR('',#8080,1.);
#8080 = DIRECTION('',(-1.776500703364E-05,-0.707106780963,
    -0.707106781187));
#8081 = ORIENTED_EDGE('',*,*,#5951,.T.);
#8082 = PLANE('',#8083);
#8083 = AXIS2_PLACEMENT_3D('',#8084,#8085,#8086);
#8084 = CARTESIAN_POINT('',(-9.740006371737,-11.03000000264,-60.55));
#8085 = DIRECTION('',(9.752091205448E-16,0.707106781187,-0.707106781187)
  );
#8086 = DIRECTION('',(-1.,1.544077732733E-30,-1.379153964424E-15));
#8087 = ADVANCED_FACE('',(#8088),#8107,.F.);
#8088 = FACE_BOUND('',#8089,.F.);
#8089 = EDGE_LOOP('',(#8090,#8091,#8099,#8106));
#8090 = ORIENTED_EDGE('',*,*,#5985,.F.);
#8091 = ORIENTED_EDGE('',*,*,#8092,.T.);
#8092 = EDGE_CURVE('',#5978,#8093,#8095,.T.);
#8093 = VERTEX_POINT('',#8094);
#8094 = CARTESIAN_POINT('',(74.830000000007,-9.329963551568,-60.8));
#8095 = LINE('',#8096,#8097);
#8096 = CARTESIAN_POINT('',(75.330000000007,-9.329963551568,-60.3));
#8097 = VECTOR('',#8098,1.);
#8098 = DIRECTION('',(-0.707106781187,1.884110950421E-14,-0.707106781187
    ));
#8099 = ORIENTED_EDGE('',*,*,#8100,.F.);
#8100 = EDGE_CURVE('',#8069,#8093,#8101,.T.);
#8101 = CIRCLE('',#8102,1.950000000458);
#8102 = AXIS2_PLACEMENT_3D('',#8103,#8104,#8105);
#8103 = CARTESIAN_POINT('',(76.780000000007,-9.330000002649,-60.8));
#8104 = DIRECTION('',(0.,0.,-1.));
#8105 = DIRECTION('',(-0.999999999684,2.513867632804E-05,0.));
#8106 = ORIENTED_EDGE('',*,*,#8076,.F.);
#8107 = CONICAL_SURFACE('',#8108,1.700000000458,0.785398163397);
#8108 = AXIS2_PLACEMENT_3D('',#8109,#8110,#8111);
#8109 = CARTESIAN_POINT('',(76.780000000007,-9.330000002649,-60.55));
#8110 = DIRECTION('',(0.,0.,-1.));
#8111 = DIRECTION('',(-0.999999999684,2.513867632804E-05,0.));
#8112 = ADVANCED_FACE('',(#8113),#8131,.T.);
#8113 = FACE_BOUND('',#8114,.T.);
#8114 = EDGE_LOOP('',(#8115,#8116,#8124,#8130));
#8115 = ORIENTED_EDGE('',*,*,#8092,.T.);
#8116 = ORIENTED_EDGE('',*,*,#8117,.T.);
#8117 = EDGE_CURVE('',#8093,#8118,#8120,.T.);
#8118 = VERTEX_POINT('',#8119);
#8119 = CARTESIAN_POINT('',(74.830000000041,-8.670011613346,-60.8));
#8120 = LINE('',#8121,#8122);
#8121 = CARTESIAN_POINT('',(74.830000000007,-4.664981775786,-60.8));
#8122 = VECTOR('',#8123,1.);
#8123 = DIRECTION('',(2.691633622476E-14,1.,0.));
#8124 = ORIENTED_EDGE('',*,*,#8125,.F.);
#8125 = EDGE_CURVE('',#6001,#8118,#8126,.T.);
#8126 = LINE('',#8127,#8128);
#8127 = CARTESIAN_POINT('',(75.330000000007,-8.670008636246,-60.3));
#8128 = VECTOR('',#8129,1.);
#8129 = DIRECTION('',(-0.707106781156,-4.210255171322E-06,
    -0.707106781204));
#8130 = ORIENTED_EDGE('',*,*,#6000,.T.);
#8131 = PLANE('',#8132);
#8132 = AXIS2_PLACEMENT_3D('',#8133,#8134,#8135);
#8133 = CARTESIAN_POINT('',(75.080000000007,-4.664981775786,-60.55));
#8134 = DIRECTION('',(0.707106781187,-1.903272386922E-14,-0.707106781187
    ));
#8135 = DIRECTION('',(-0.707106781187,5.262084745155E-32,-0.707106781187
    ));
#8136 = ADVANCED_FACE('',(#8137),#8156,.F.);
#8137 = FACE_BOUND('',#8138,.F.);
#8138 = EDGE_LOOP('',(#8139,#8140,#8148,#8155));
#8139 = ORIENTED_EDGE('',*,*,#6034,.F.);
#8140 = ORIENTED_EDGE('',*,*,#8141,.T.);
#8141 = EDGE_CURVE('',#6027,#8142,#8144,.T.);
#8142 = VERTEX_POINT('',#8143);
#8143 = CARTESIAN_POINT('',(76.780000273921,-6.72000000265,-60.8));
#8144 = LINE('',#8145,#8146);
#8145 = CARTESIAN_POINT('',(76.780000273921,-7.22000000265,-60.3));
#8146 = VECTOR('',#8147,1.);
#8147 = DIRECTION('',(1.507288760336E-13,0.707106781187,-0.707106781187)
  );
#8148 = ORIENTED_EDGE('',*,*,#8149,.F.);
#8149 = EDGE_CURVE('',#8118,#8142,#8150,.T.);
#8150 = CIRCLE('',#8151,1.950000000005);
#8151 = AXIS2_PLACEMENT_3D('',#8152,#8153,#8154);
#8152 = CARTESIAN_POINT('',(76.780000000012,-8.670000002656,-60.8));
#8153 = DIRECTION('',(0.,0.,-1.));
#8154 = DIRECTION('',(1.889029193598E-07,1.,0.));
#8155 = ORIENTED_EDGE('',*,*,#8125,.F.);
#8156 = CONICAL_SURFACE('',#8157,1.700000000005,0.785398163397);
#8157 = AXIS2_PLACEMENT_3D('',#8158,#8159,#8160);
#8158 = CARTESIAN_POINT('',(76.780000000012,-8.670000002656,-60.55));
#8159 = DIRECTION('',(0.,0.,-1.));
#8160 = DIRECTION('',(1.889029193598E-07,1.,0.));
#8161 = ADVANCED_FACE('',(#8162),#8180,.T.);
#8162 = FACE_BOUND('',#8163,.T.);
#8163 = EDGE_LOOP('',(#8164,#8165,#8173,#8179));
#8164 = ORIENTED_EDGE('',*,*,#8141,.T.);
#8165 = ORIENTED_EDGE('',*,*,#8166,.T.);
#8166 = EDGE_CURVE('',#8142,#8167,#8169,.T.);
#8167 = VERTEX_POINT('',#8168);
#8168 = CARTESIAN_POINT('',(83.219995670666,-6.720000002652,-60.8));
#8169 = LINE('',#8170,#8171);
#8170 = CARTESIAN_POINT('',(-12.95999986304,-6.72000000263,-60.8));
#8171 = VECTOR('',#8172,1.);
#8172 = DIRECTION('',(1.,-2.268718237198E-13,0.));
#8173 = ORIENTED_EDGE('',*,*,#8174,.T.);
#8174 = EDGE_CURVE('',#8167,#6050,#8175,.T.);
#8175 = LINE('',#8176,#8177);
#8176 = CARTESIAN_POINT('',(83.219995670666,-6.720000002652,-60.8));
#8177 = VECTOR('',#8178,1.);
#8178 = DIRECTION('',(-1.758503553726E-13,-0.707106781187,0.707106781187
    ));
#8179 = ORIENTED_EDGE('',*,*,#6049,.T.);
#8180 = PLANE('',#8181);
#8181 = AXIS2_PLACEMENT_3D('',#8182,#8183,#8184);
#8182 = CARTESIAN_POINT('',(-12.95999986304,-6.97000000263,-60.55));
#8183 = DIRECTION('',(-1.604226050124E-13,-0.707106781187,
    -0.707106781187));
#8184 = DIRECTION('',(-1.,-2.669545957364E-28,2.268718237198E-13));
#8185 = ADVANCED_FACE('',(#8186),#8198,.F.);
#8186 = FACE_BOUND('',#8187,.F.);
#8187 = EDGE_LOOP('',(#8188,#8189,#8190,#8197));
#8188 = ORIENTED_EDGE('',*,*,#6076,.F.);
#8189 = ORIENTED_EDGE('',*,*,#8011,.T.);
#8190 = ORIENTED_EDGE('',*,*,#8191,.F.);
#8191 = EDGE_CURVE('',#8167,#8012,#8192,.T.);
#8192 = CIRCLE('',#8193,1.950000000068);
#8193 = AXIS2_PLACEMENT_3D('',#8194,#8195,#8196);
#8194 = CARTESIAN_POINT('',(83.219999999939,-8.67000000265,-60.8));
#8195 = DIRECTION('',(0.,0.,-1.));
#8196 = DIRECTION('',(0.999999999944,-1.061217026695E-05,0.));
#8197 = ORIENTED_EDGE('',*,*,#8174,.T.);
#8198 = CONICAL_SURFACE('',#8199,1.700000000068,0.785398163397);
#8199 = AXIS2_PLACEMENT_3D('',#8200,#8201,#8202);
#8200 = CARTESIAN_POINT('',(83.219999999939,-8.67000000265,-60.55));
#8201 = DIRECTION('',(0.,0.,-1.));
#8202 = DIRECTION('',(0.999999999944,-1.061217026695E-05,0.));
#8203 = ADVANCED_FACE('',(#8204),#8216,.T.);
#8204 = FACE_BOUND('',#8205,.T.);
#8205 = EDGE_LOOP('',(#8206,#8207,#8208,#8209));
#8206 = ORIENTED_EDGE('',*,*,#6141,.F.);
#8207 = ORIENTED_EDGE('',*,*,#6232,.T.);
#8208 = ORIENTED_EDGE('',*,*,#7250,.T.);
#8209 = ORIENTED_EDGE('',*,*,#8210,.T.);
#8210 = EDGE_CURVE('',#7251,#6142,#8211,.T.);
#8211 = CIRCLE('',#8212,8.841421356237);
#8212 = AXIS2_PLACEMENT_3D('',#8213,#8214,#8215);
#8213 = CARTESIAN_POINT('',(92.7,-0.341421356237,60.217));
#8214 = DIRECTION('',(-0.,1.,0.));
#8215 = DIRECTION('',(0.707106781187,0.,0.707106781187));
#8216 = TOROIDAL_SURFACE('',#8217,8.7,0.2);
#8217 = AXIS2_PLACEMENT_3D('',#8218,#8219,#8220);
#8218 = CARTESIAN_POINT('',(92.7,-0.482842712475,60.217));
#8219 = DIRECTION('',(0.,-1.,0.));
#8220 = DIRECTION('',(0.,0.,-1.));
#8221 = ADVANCED_FACE('',(#8222),#8247,.T.);
#8222 = FACE_BOUND('',#8223,.T.);
#8223 = EDGE_LOOP('',(#8224,#8234,#8240,#8241));
#8224 = ORIENTED_EDGE('',*,*,#8225,.F.);
#8225 = EDGE_CURVE('',#8226,#8228,#8230,.T.);
#8226 = VERTEX_POINT('',#8227);
#8227 = CARTESIAN_POINT('',(102.55355339059,-1.353553390593,-50.8));
#8228 = VERTEX_POINT('',#8229);
#8229 = CARTESIAN_POINT('',(102.55355339059,-1.353553390593,60.217));
#8230 = LINE('',#8231,#8232);
#8231 = CARTESIAN_POINT('',(102.55355339059,-1.353553390593,-44.422875)
  );
#8232 = VECTOR('',#8233,1.);
#8233 = DIRECTION('',(8.134929846052E-16,0.,1.));
#8234 = ORIENTED_EDGE('',*,*,#8235,.T.);
#8235 = EDGE_CURVE('',#8226,#6132,#8236,.T.);
#8236 = LINE('',#8237,#8238);
#8237 = CARTESIAN_POINT('',(102.7,-1.5,-50.8));
#8238 = VECTOR('',#8239,1.);
#8239 = DIRECTION('',(-0.707106781187,0.707106781187,0.));
#8240 = ORIENTED_EDGE('',*,*,#6150,.F.);
#8241 = ORIENTED_EDGE('',*,*,#8242,.F.);
#8242 = EDGE_CURVE('',#8228,#6142,#8243,.T.);
#8243 = LINE('',#8244,#8245);
#8244 = CARTESIAN_POINT('',(102.7,-1.5,60.217));
#8245 = VECTOR('',#8246,1.);
#8246 = DIRECTION('',(-0.707106781187,0.707106781187,0.));
#8247 = PLANE('',#8248);
#8248 = AXIS2_PLACEMENT_3D('',#8249,#8250,#8251);
#8249 = CARTESIAN_POINT('',(101.95,-0.75,-28.04575));
#8250 = DIRECTION('',(0.707106781187,0.707106781187,-5.75226405862E-16)
  );
#8251 = DIRECTION('',(-8.134929846052E-16,3.280985575543E-31,-1.));
#8252 = ADVANCED_FACE('',(#8253),#8272,.F.);
#8253 = FACE_BOUND('',#8254,.F.);
#8254 = EDGE_LOOP('',(#8255,#8263,#8270,#8271));
#8255 = ORIENTED_EDGE('',*,*,#8256,.T.);
#8256 = EDGE_CURVE('',#6213,#8257,#8259,.T.);
#8257 = VERTEX_POINT('',#8258);
#8258 = CARTESIAN_POINT('',(93.8,-9.,62.217));
#8259 = LINE('',#8260,#8261);
#8260 = CARTESIAN_POINT('',(93.8,-21.,62.217));
#8261 = VECTOR('',#8262,1.);
#8262 = DIRECTION('',(0.,-1.,0.));
#8263 = ORIENTED_EDGE('',*,*,#8264,.F.);
#8264 = EDGE_CURVE('',#8257,#8257,#8265,.T.);
#8265 = CIRCLE('',#8266,0.9);
#8266 = AXIS2_PLACEMENT_3D('',#8267,#8268,#8269);
#8267 = CARTESIAN_POINT('',(94.7,-9.,62.217));
#8268 = DIRECTION('',(0.,-1.,0.));
#8269 = DIRECTION('',(1.,0.,0.));
#8270 = ORIENTED_EDGE('',*,*,#8256,.F.);
#8271 = ORIENTED_EDGE('',*,*,#6212,.F.);
#8272 = CYLINDRICAL_SURFACE('',#8273,0.9);
#8273 = AXIS2_PLACEMENT_3D('',#8274,#8275,#8276);
#8274 = CARTESIAN_POINT('',(94.7,-21.,62.217));
#8275 = DIRECTION('',(0.,1.,0.));
#8276 = DIRECTION('',(1.,0.,0.));
#8277 = ADVANCED_FACE('',(#8278),#8284,.T.);
#8278 = FACE_BOUND('',#8279,.T.);
#8279 = EDGE_LOOP('',(#8280,#8281,#8282,#8283));
#8280 = ORIENTED_EDGE('',*,*,#6483,.F.);
#8281 = ORIENTED_EDGE('',*,*,#6401,.T.);
#8282 = ORIENTED_EDGE('',*,*,#6368,.F.);
#8283 = ORIENTED_EDGE('',*,*,#6327,.T.);
#8284 = PLANE('',#8285);
#8285 = AXIS2_PLACEMENT_3D('',#8286,#8287,#8288);
#8286 = CARTESIAN_POINT('',(-5.,-14.9,-33.38087234951));
#8287 = DIRECTION('',(-1.,0.,2.379488638918E-16));
#8288 = DIRECTION('',(2.379488638918E-16,2.22044604925E-16,1.));
#8289 = ADVANCED_FACE('',(#8290),#8302,.T.);
#8290 = FACE_BOUND('',#8291,.T.);
#8291 = EDGE_LOOP('',(#8292,#8293,#8294,#8295));
#8292 = ORIENTED_EDGE('',*,*,#7260,.F.);
#8293 = ORIENTED_EDGE('',*,*,#6559,.T.);
#8294 = ORIENTED_EDGE('',*,*,#6517,.F.);
#8295 = ORIENTED_EDGE('',*,*,#8296,.T.);
#8296 = EDGE_CURVE('',#6518,#7261,#8297,.T.);
#8297 = CIRCLE('',#8298,8.841421356237);
#8298 = AXIS2_PLACEMENT_3D('',#8299,#8300,#8301);
#8299 = CARTESIAN_POINT('',(-92.7,-0.341421356237,60.217));
#8300 = DIRECTION('',(0.,1.,-0.));
#8301 = DIRECTION('',(-0.707106781187,0.,0.707106781187));
#8302 = TOROIDAL_SURFACE('',#8303,8.7,0.2);
#8303 = AXIS2_PLACEMENT_3D('',#8304,#8305,#8306);
#8304 = CARTESIAN_POINT('',(-92.7,-0.482842712475,60.217));
#8305 = DIRECTION('',(0.,-1.,0.));
#8306 = DIRECTION('',(0.,0.,-1.));
#8307 = ADVANCED_FACE('',(#8308),#8333,.T.);
#8308 = FACE_BOUND('',#8309,.T.);
#8309 = EDGE_LOOP('',(#8310,#8320,#8326,#8327));
#8310 = ORIENTED_EDGE('',*,*,#8311,.F.);
#8311 = EDGE_CURVE('',#8312,#8314,#8316,.T.);
#8312 = VERTEX_POINT('',#8313);
#8313 = CARTESIAN_POINT('',(-102.5535533905,-1.353553390593,60.217));
#8314 = VERTEX_POINT('',#8315);
#8315 = CARTESIAN_POINT('',(-102.5535533905,-1.353553390593,-50.8));
#8316 = LINE('',#8317,#8318);
#8317 = CARTESIAN_POINT('',(-102.5535533905,-1.353553390593,53.839875));
#8318 = VECTOR('',#8319,1.);
#8319 = DIRECTION('',(-2.711643282017E-16,0.,-1.));
#8320 = ORIENTED_EDGE('',*,*,#8321,.T.);
#8321 = EDGE_CURVE('',#8312,#6518,#8322,.T.);
#8322 = LINE('',#8323,#8324);
#8323 = CARTESIAN_POINT('',(-102.7,-1.5,60.217));
#8324 = VECTOR('',#8325,1.);
#8325 = DIRECTION('',(0.707106781187,0.707106781187,0.));
#8326 = ORIENTED_EDGE('',*,*,#6536,.F.);
#8327 = ORIENTED_EDGE('',*,*,#8328,.F.);
#8328 = EDGE_CURVE('',#8314,#6528,#8329,.T.);
#8329 = LINE('',#8330,#8331);
#8330 = CARTESIAN_POINT('',(-102.7,-1.5,-50.8));
#8331 = VECTOR('',#8332,1.);
#8332 = DIRECTION('',(0.707106781187,0.707106781187,0.));
#8333 = PLANE('',#8334);
#8334 = AXIS2_PLACEMENT_3D('',#8335,#8336,#8337);
#8335 = CARTESIAN_POINT('',(-101.95,-0.75,37.46275));
#8336 = DIRECTION('',(-0.707106781187,0.707106781187,1.917421352873E-16)
  );
#8337 = DIRECTION('',(2.711643282017E-16,1.151766951795E-31,1.));
#8338 = ADVANCED_FACE('',(#8339),#8350,.F.);
#8339 = FACE_BOUND('',#8340,.T.);
#8340 = EDGE_LOOP('',(#8341,#8342,#8343,#8349));
#8341 = ORIENTED_EDGE('',*,*,#7189,.F.);
#8342 = ORIENTED_EDGE('',*,*,#6722,.F.);
#8343 = ORIENTED_EDGE('',*,*,#8344,.F.);
#8344 = EDGE_CURVE('',#6577,#6714,#8345,.T.);
#8345 = LINE('',#8346,#8347);
#8346 = CARTESIAN_POINT('',(-92.6590019608,-1.3,63.215351319777));
#8347 = VECTOR('',#8348,1.);
#8348 = DIRECTION('',(0.,-1.,0.));
#8349 = ORIENTED_EDGE('',*,*,#6574,.F.);
#8350 = PLANE('',#8351);
#8351 = AXIS2_PLACEMENT_3D('',#8352,#8353,#8354);
#8352 = CARTESIAN_POINT('',(-92.659,-1.6,63.218919267796));
#8353 = DIRECTION('',(-0.999999848992,0.,5.495600742707E-04));
#8354 = DIRECTION('',(0.,-1.,0.));
#8355 = ADVANCED_FACE('',(#8356),#8367,.F.);
#8356 = FACE_BOUND('',#8357,.T.);
#8357 = EDGE_LOOP('',(#8358,#8364,#8365,#8366));
#8358 = ORIENTED_EDGE('',*,*,#8359,.F.);
#8359 = EDGE_CURVE('',#6706,#6604,#8360,.T.);
#8360 = LINE('',#8361,#8362);
#8361 = CARTESIAN_POINT('',(-95.65900150777,-1.3,60.217));
#8362 = VECTOR('',#8363,1.);
#8363 = DIRECTION('',(0.,1.,0.));
#8364 = ORIENTED_EDGE('',*,*,#6705,.T.);
#8365 = ORIENTED_EDGE('',*,*,#6647,.F.);
#8366 = ORIENTED_EDGE('',*,*,#6603,.T.);
#8367 = PLANE('',#8368);
#8368 = AXIS2_PLACEMENT_3D('',#8369,#8370,#8371);
#8369 = CARTESIAN_POINT('',(-92.659,-1.,60.217));
#8370 = DIRECTION('',(3.533397770986E-15,0.,1.));
#8371 = DIRECTION('',(-1.,0.,3.533397770986E-15));
#8372 = ADVANCED_FACE('',(#8373),#8379,.T.);
#8373 = FACE_BOUND('',#8374,.T.);
#8374 = EDGE_LOOP('',(#8375,#8376,#8377,#8378));
#8375 = ORIENTED_EDGE('',*,*,#6611,.T.);
#8376 = ORIENTED_EDGE('',*,*,#8344,.T.);
#8377 = ORIENTED_EDGE('',*,*,#6713,.F.);
#8378 = ORIENTED_EDGE('',*,*,#8359,.T.);
#8379 = CYLINDRICAL_SURFACE('',#8380,3.);
#8380 = AXIS2_PLACEMENT_3D('',#8381,#8382,#8383);
#8381 = CARTESIAN_POINT('',(-95.65900150777,-1.3,63.217));
#8382 = DIRECTION('',(0.,-1.,0.));
#8383 = DIRECTION('',(0.706912455657,0.,-0.707301053327));
#8384 = ADVANCED_FACE('',(#8385),#8404,.F.);
#8385 = FACE_BOUND('',#8386,.F.);
#8386 = EDGE_LOOP('',(#8387,#8395,#8402,#8403));
#8387 = ORIENTED_EDGE('',*,*,#8388,.T.);
#8388 = EDGE_CURVE('',#6621,#8389,#8391,.T.);
#8389 = VERTEX_POINT('',#8390);
#8390 = CARTESIAN_POINT('',(-93.8,-9.,62.217));
#8391 = LINE('',#8392,#8393);
#8392 = CARTESIAN_POINT('',(-93.8,-21.,62.217));
#8393 = VECTOR('',#8394,1.);
#8394 = DIRECTION('',(0.,-1.,0.));
#8395 = ORIENTED_EDGE('',*,*,#8396,.F.);
#8396 = EDGE_CURVE('',#8389,#8389,#8397,.T.);
#8397 = CIRCLE('',#8398,0.9);
#8398 = AXIS2_PLACEMENT_3D('',#8399,#8400,#8401);
#8399 = CARTESIAN_POINT('',(-94.7,-9.,62.217));
#8400 = DIRECTION('',(0.,-1.,0.));
#8401 = DIRECTION('',(-1.,0.,0.));
#8402 = ORIENTED_EDGE('',*,*,#8388,.F.);
#8403 = ORIENTED_EDGE('',*,*,#6620,.F.);
#8404 = CYLINDRICAL_SURFACE('',#8405,0.9);
#8405 = AXIS2_PLACEMENT_3D('',#8406,#8407,#8408);
#8406 = CARTESIAN_POINT('',(-94.7,-21.,62.217));
#8407 = DIRECTION('',(0.,1.,0.));
#8408 = DIRECTION('',(-1.,0.,0.));
#8409 = ADVANCED_FACE('',(#8410),#8421,.F.);
#8410 = FACE_BOUND('',#8411,.T.);
#8411 = EDGE_LOOP('',(#8412,#8413,#8414,#8420));
#8412 = ORIENTED_EDGE('',*,*,#7204,.F.);
#8413 = ORIENTED_EDGE('',*,*,#6860,.F.);
#8414 = ORIENTED_EDGE('',*,*,#8415,.F.);
#8415 = EDGE_CURVE('',#6672,#6852,#8416,.T.);
#8416 = LINE('',#8417,#8418);
#8417 = CARTESIAN_POINT('',(-55.,-10.4,49.904515973725));
#8418 = VECTOR('',#8419,1.);
#8419 = DIRECTION('',(0.,1.,0.));
#8420 = ORIENTED_EDGE('',*,*,#6671,.F.);
#8421 = PLANE('',#8422);
#8422 = AXIS2_PLACEMENT_3D('',#8423,#8424,#8425);
#8423 = CARTESIAN_POINT('',(-55.,-10.4,46.904515973725));
#8424 = DIRECTION('',(1.,0.,1.752473728884E-46));
#8425 = DIRECTION('',(-1.752473728884E-46,2.22044604925E-16,1.));
#8426 = ADVANCED_FACE('',(#8427),#8438,.F.);
#8427 = FACE_BOUND('',#8428,.F.);
#8428 = EDGE_LOOP('',(#8429,#8435,#8436,#8437));
#8429 = ORIENTED_EDGE('',*,*,#8430,.F.);
#8430 = EDGE_CURVE('',#6844,#6680,#8431,.T.);
#8431 = LINE('',#8432,#8433);
#8432 = CARTESIAN_POINT('',(-58.,-10.4,46.904515973725));
#8433 = VECTOR('',#8434,1.);
#8434 = DIRECTION('',(0.,-1.,0.));
#8435 = ORIENTED_EDGE('',*,*,#6851,.F.);
#8436 = ORIENTED_EDGE('',*,*,#8415,.F.);
#8437 = ORIENTED_EDGE('',*,*,#6679,.T.);
#8438 = CYLINDRICAL_SURFACE('',#8439,3.);
#8439 = AXIS2_PLACEMENT_3D('',#8440,#8441,#8442);
#8440 = CARTESIAN_POINT('',(-58.,-10.4,49.904515973725));
#8441 = DIRECTION('',(0.,-1.,0.));
#8442 = DIRECTION('',(0.707106781187,0.,-0.707106781187));
#8443 = ADVANCED_FACE('',(#8444),#8450,.F.);
#8444 = FACE_BOUND('',#8445,.T.);
#8445 = EDGE_LOOP('',(#8446,#8447,#8448,#8449));
#8446 = ORIENTED_EDGE('',*,*,#8430,.F.);
#8447 = ORIENTED_EDGE('',*,*,#6843,.T.);
#8448 = ORIENTED_EDGE('',*,*,#6756,.F.);
#8449 = ORIENTED_EDGE('',*,*,#6688,.F.);
#8450 = PLANE('',#8451);
#8451 = AXIS2_PLACEMENT_3D('',#8452,#8453,#8454);
#8452 = CARTESIAN_POINT('',(-100.2,-10.4,46.904515973725));
#8453 = DIRECTION('',(1.751623080406E-46,0.,-1.));
#8454 = DIRECTION('',(1.,3.830980170368E-34,1.751623080406E-46));
#8455 = ADVANCED_FACE('',(#8456),#8467,.F.);
#8456 = FACE_BOUND('',#8457,.T.);
#8457 = EDGE_LOOP('',(#8458,#8464,#8465,#8466));
#8458 = ORIENTED_EDGE('',*,*,#8459,.F.);
#8459 = EDGE_CURVE('',#6781,#7066,#8460,.T.);
#8460 = LINE('',#8461,#8462);
#8461 = CARTESIAN_POINT('',(-48.,-10.15,63.216515973725));
#8462 = VECTOR('',#8463,1.);
#8463 = DIRECTION('',(0.,1.,0.));
#8464 = ORIENTED_EDGE('',*,*,#6780,.T.);
#8465 = ORIENTED_EDGE('',*,*,#7221,.F.);
#8466 = ORIENTED_EDGE('',*,*,#7065,.F.);
#8467 = PLANE('',#8468);
#8468 = AXIS2_PLACEMENT_3D('',#8469,#8470,#8471);
#8469 = CARTESIAN_POINT('',(-48.,-10.4,39.904515973725));
#8470 = DIRECTION('',(1.,0.,0.));
#8471 = DIRECTION('',(0.,-1.213074846036E-65,1.));
#8472 = ADVANCED_FACE('',(#8473),#8484,.T.);
#8473 = FACE_BOUND('',#8474,.T.);
#8474 = EDGE_LOOP('',(#8475,#8476,#8482,#8483));
#8475 = ORIENTED_EDGE('',*,*,#7073,.T.);
#8476 = ORIENTED_EDGE('',*,*,#8477,.T.);
#8477 = EDGE_CURVE('',#7074,#6789,#8478,.T.);
#8478 = LINE('',#8479,#8480);
#8479 = CARTESIAN_POINT('',(-45.,-10.15,60.216515973725));
#8480 = VECTOR('',#8481,1.);
#8481 = DIRECTION('',(0.,-1.,0.));
#8482 = ORIENTED_EDGE('',*,*,#6788,.F.);
#8483 = ORIENTED_EDGE('',*,*,#8459,.T.);
#8484 = CYLINDRICAL_SURFACE('',#8485,3.);
#8485 = AXIS2_PLACEMENT_3D('',#8486,#8487,#8488);
#8486 = CARTESIAN_POINT('',(-45.,-10.15,63.216515973725));
#8487 = DIRECTION('',(0.,-1.,0.));
#8488 = DIRECTION('',(-0.707106781187,-0.,-0.707106781187));
#8489 = ADVANCED_FACE('',(#8490),#8506,.F.);
#8490 = FACE_BOUND('',#8491,.F.);
#8491 = EDGE_LOOP('',(#8492,#8498,#8499,#8505));
#8492 = ORIENTED_EDGE('',*,*,#8493,.F.);
#8493 = EDGE_CURVE('',#6789,#6973,#8494,.T.);
#8494 = LINE('',#8495,#8496);
#8495 = CARTESIAN_POINT('',(-45.,-10.875,60.216515973725));
#8496 = VECTOR('',#8497,1.);
#8497 = DIRECTION('',(0.,-1.,0.));
#8498 = ORIENTED_EDGE('',*,*,#6797,.F.);
#8499 = ORIENTED_EDGE('',*,*,#8500,.F.);
#8500 = EDGE_CURVE('',#6965,#6798,#8501,.T.);
#8501 = LINE('',#8502,#8503);
#8502 = CARTESIAN_POINT('',(-48.,-10.875,57.216515973725));
#8503 = VECTOR('',#8504,1.);
#8504 = DIRECTION('',(0.,1.,0.));
#8505 = ORIENTED_EDGE('',*,*,#6972,.T.);
#8506 = CYLINDRICAL_SURFACE('',#8507,3.);
#8507 = AXIS2_PLACEMENT_3D('',#8508,#8509,#8510);
#8508 = CARTESIAN_POINT('',(-45.,-10.875,57.216515973725));
#8509 = DIRECTION('',(0.,-1.,0.));
#8510 = DIRECTION('',(-0.707106781187,0.,0.707106781187));
#8511 = ADVANCED_FACE('',(#8512),#8523,.T.);
#8512 = FACE_BOUND('',#8513,.T.);
#8513 = EDGE_LOOP('',(#8514,#8515,#8516,#8522));
#8514 = ORIENTED_EDGE('',*,*,#8500,.F.);
#8515 = ORIENTED_EDGE('',*,*,#6964,.T.);
#8516 = ORIENTED_EDGE('',*,*,#8517,.F.);
#8517 = EDGE_CURVE('',#6807,#6956,#8518,.T.);
#8518 = LINE('',#8519,#8520);
#8519 = CARTESIAN_POINT('',(-48.,-13.375,42.904515973725));
#8520 = VECTOR('',#8521,1.);
#8521 = DIRECTION('',(0.,-1.,0.));
#8522 = ORIENTED_EDGE('',*,*,#6806,.T.);
#8523 = PLANE('',#8524);
#8524 = AXIS2_PLACEMENT_3D('',#8525,#8526,#8527);
#8525 = CARTESIAN_POINT('',(-48.,-11.85,48.904515973725));
#8526 = DIRECTION('',(1.,0.,0.));
#8527 = DIRECTION('',(0.,0.,-1.));
#8528 = ADVANCED_FACE('',(#8529),#8540,.T.);
#8529 = FACE_BOUND('',#8530,.T.);
#8530 = EDGE_LOOP('',(#8531,#8532,#8533,#8534));
#8531 = ORIENTED_EDGE('',*,*,#6814,.T.);
#8532 = ORIENTED_EDGE('',*,*,#8517,.T.);
#8533 = ORIENTED_EDGE('',*,*,#6955,.F.);
#8534 = ORIENTED_EDGE('',*,*,#8535,.T.);
#8535 = EDGE_CURVE('',#6948,#6815,#8536,.T.);
#8536 = LINE('',#8537,#8538);
#8537 = CARTESIAN_POINT('',(-51.,-13.375,39.904515973725));
#8538 = VECTOR('',#8539,1.);
#8539 = DIRECTION('',(0.,1.,0.));
#8540 = CYLINDRICAL_SURFACE('',#8541,3.);
#8541 = AXIS2_PLACEMENT_3D('',#8542,#8543,#8544);
#8542 = CARTESIAN_POINT('',(-51.,-13.375,42.904515973725));
#8543 = DIRECTION('',(0.,1.,0.));
#8544 = DIRECTION('',(0.707106781187,0.,-0.707106781187));
#8545 = ADVANCED_FACE('',(#8546),#8552,.T.);
#8546 = FACE_BOUND('',#8547,.T.);
#8547 = EDGE_LOOP('',(#8548,#8549,#8550,#8551));
#8548 = ORIENTED_EDGE('',*,*,#8535,.F.);
#8549 = ORIENTED_EDGE('',*,*,#6947,.T.);
#8550 = ORIENTED_EDGE('',*,*,#6915,.F.);
#8551 = ORIENTED_EDGE('',*,*,#6823,.T.);
#8552 = PLANE('',#8553);
#8553 = AXIS2_PLACEMENT_3D('',#8554,#8555,#8556);
#8554 = CARTESIAN_POINT('',(-26.92897459103,-14.9,39.904515973725));
#8555 = DIRECTION('',(0.,0.,-1.));
#8556 = DIRECTION('',(-1.,0.,0.));
#8557 = ADVANCED_FACE('',(#8558),#8570,.F.);
#8558 = FACE_BOUND('',#8559,.T.);
#8559 = EDGE_LOOP('',(#8560,#8561,#8562,#8568,#8569));
#8560 = ORIENTED_EDGE('',*,*,#8477,.F.);
#8561 = ORIENTED_EDGE('',*,*,#7082,.F.);
#8562 = ORIENTED_EDGE('',*,*,#8563,.F.);
#8563 = EDGE_CURVE('',#6982,#7083,#8564,.T.);
#8564 = LINE('',#8565,#8566);
#8565 = CARTESIAN_POINT('',(-43.00000049173,-9.9,60.216515973725));
#8566 = VECTOR('',#8567,1.);
#8567 = DIRECTION('',(0.,1.,0.));
#8568 = ORIENTED_EDGE('',*,*,#6981,.F.);
#8569 = ORIENTED_EDGE('',*,*,#8493,.F.);
#8570 = PLANE('',#8571);
#8571 = AXIS2_PLACEMENT_3D('',#8572,#8573,#8574);
#8572 = CARTESIAN_POINT('',(-28.74999998509,-9.9,60.216515973725));
#8573 = DIRECTION('',(0.,0.,1.));
#8574 = DIRECTION('',(1.,0.,0.));
#8575 = ADVANCED_FACE('',(#8576),#8587,.T.);
#8576 = FACE_BOUND('',#8577,.T.);
#8577 = EDGE_LOOP('',(#8578,#8579,#8585,#8586));
#8578 = ORIENTED_EDGE('',*,*,#7090,.T.);
#8579 = ORIENTED_EDGE('',*,*,#8580,.T.);
#8580 = EDGE_CURVE('',#7091,#6990,#8581,.T.);
#8581 = LINE('',#8582,#8583);
#8582 = CARTESIAN_POINT('',(-40.00000049173,-9.9,63.216515973725));
#8583 = VECTOR('',#8584,1.);
#8584 = DIRECTION('',(0.,-1.,0.));
#8585 = ORIENTED_EDGE('',*,*,#6989,.F.);
#8586 = ORIENTED_EDGE('',*,*,#8563,.T.);
#8587 = CYLINDRICAL_SURFACE('',#8588,3.);
#8588 = AXIS2_PLACEMENT_3D('',#8589,#8590,#8591);
#8589 = CARTESIAN_POINT('',(-43.00000049173,-9.9,63.216515973725));
#8590 = DIRECTION('',(0.,1.,0.));
#8591 = DIRECTION('',(0.707106781187,0.,-0.707106781187));
#8592 = ADVANCED_FACE('',(#8593),#8599,.T.);
#8593 = FACE_BOUND('',#8594,.T.);
#8594 = EDGE_LOOP('',(#8595,#8596,#8597,#8598));
#8595 = ORIENTED_EDGE('',*,*,#7040,.F.);
#8596 = ORIENTED_EDGE('',*,*,#6998,.T.);
#8597 = ORIENTED_EDGE('',*,*,#8580,.F.);
#8598 = ORIENTED_EDGE('',*,*,#7099,.F.);
#8599 = PLANE('',#8600);
#8600 = AXIS2_PLACEMENT_3D('',#8601,#8602,#8603);
#8601 = CARTESIAN_POINT('',(-40.00000049173,-9.9,63.000000938773));
#8602 = DIRECTION('',(1.,0.,0.));
#8603 = DIRECTION('',(0.,0.,-1.));
#8604 = ADVANCED_FACE('',(#8605),#8624,.F.);
#8605 = FACE_BOUND('',#8606,.F.);
#8606 = EDGE_LOOP('',(#8607,#8615,#8616,#8617));
#8607 = ORIENTED_EDGE('',*,*,#8608,.T.);
#8608 = EDGE_CURVE('',#8609,#7126,#8611,.T.);
#8609 = VERTEX_POINT('',#8610);
#8610 = CARTESIAN_POINT('',(-41.04284871757,-16.74,62.066902997766));
#8611 = LINE('',#8612,#8613);
#8612 = CARTESIAN_POINT('',(-41.04284871757,-9.9,62.066902997766));
#8613 = VECTOR('',#8614,1.);
#8614 = DIRECTION('',(0.,1.,0.));
#8615 = ORIENTED_EDGE('',*,*,#7125,.F.);
#8616 = ORIENTED_EDGE('',*,*,#8608,.F.);
#8617 = ORIENTED_EDGE('',*,*,#8618,.F.);
#8618 = EDGE_CURVE('',#8609,#8609,#8619,.T.);
#8619 = CIRCLE('',#8620,0.9);
#8620 = AXIS2_PLACEMENT_3D('',#8621,#8622,#8623);
#8621 = CARTESIAN_POINT('',(-41.94284871757,-16.74,62.066902997766));
#8622 = DIRECTION('',(0.,-1.,0.));
#8623 = DIRECTION('',(-1.,0.,0.));
#8624 = CYLINDRICAL_SURFACE('',#8625,0.9);
#8625 = AXIS2_PLACEMENT_3D('',#8626,#8627,#8628);
#8626 = CARTESIAN_POINT('',(-41.94284871757,-9.9,62.066902997766));
#8627 = DIRECTION('',(0.,-1.,0.));
#8628 = DIRECTION('',(-1.,0.,0.));
#8629 = ADVANCED_FACE('',(#8630),#8655,.T.);
#8630 = FACE_BOUND('',#8631,.T.);
#8631 = EDGE_LOOP('',(#8632,#8642,#8648,#8649));
#8632 = ORIENTED_EDGE('',*,*,#8633,.F.);
#8633 = EDGE_CURVE('',#8634,#8636,#8638,.T.);
#8634 = VERTEX_POINT('',#8635);
#8635 = CARTESIAN_POINT('',(92.7,-1.353553390593,70.070553390593));
#8636 = VERTEX_POINT('',#8637);
#8637 = CARTESIAN_POINT('',(-92.7,-1.353553390593,70.070553390593));
#8638 = LINE('',#8639,#8640);
#8639 = CARTESIAN_POINT('',(77.025,-1.353553390593,70.070553390593));
#8640 = VECTOR('',#8641,1.);
#8641 = DIRECTION('',(-1.,0.,0.));
#8642 = ORIENTED_EDGE('',*,*,#8643,.T.);
#8643 = EDGE_CURVE('',#8634,#7251,#8644,.T.);
#8644 = LINE('',#8645,#8646);
#8645 = CARTESIAN_POINT('',(92.7,-1.5,70.217));
#8646 = VECTOR('',#8647,1.);
#8647 = DIRECTION('',(0.,0.707106781187,-0.707106781187));
#8648 = ORIENTED_EDGE('',*,*,#7269,.F.);
#8649 = ORIENTED_EDGE('',*,*,#8650,.F.);
#8650 = EDGE_CURVE('',#8636,#7261,#8651,.T.);
#8651 = LINE('',#8652,#8653);
#8652 = CARTESIAN_POINT('',(-92.7,-1.5,70.217));
#8653 = VECTOR('',#8654,1.);
#8654 = DIRECTION('',(0.,0.707106781187,-0.707106781187));
#8655 = PLANE('',#8656);
#8656 = AXIS2_PLACEMENT_3D('',#8657,#8658,#8659);
#8657 = CARTESIAN_POINT('',(51.35,-0.75,69.467));
#8658 = DIRECTION('',(0.,0.707106781187,0.707106781187));
#8659 = DIRECTION('',(1.,0.,0.));
#8660 = ADVANCED_FACE('',(#8661),#8667,.T.);
#8661 = FACE_BOUND('',#8662,.T.);
#8662 = EDGE_LOOP('',(#8663,#8664,#8665,#8666));
#8663 = ORIENTED_EDGE('',*,*,#7345,.F.);
#8664 = ORIENTED_EDGE('',*,*,#7487,.T.);
#8665 = ORIENTED_EDGE('',*,*,#7501,.F.);
#8666 = ORIENTED_EDGE('',*,*,#7395,.T.);
#8667 = PLANE('',#8668);
#8668 = AXIS2_PLACEMENT_3D('',#8669,#8670,#8671);
#8669 = CARTESIAN_POINT('',(5.,-14.9,7.525574934373));
#8670 = DIRECTION('',(1.,0.,-5.098904226253E-17));
#8671 = DIRECTION('',(-5.098904226253E-17,-2.22044604925E-16,-1.));
#8672 = ADVANCED_FACE('',(#8673),#8679,.T.);
#8673 = FACE_BOUND('',#8674,.T.);
#8674 = EDGE_LOOP('',(#8675,#8676,#8677,#8678));
#8675 = ORIENTED_EDGE('',*,*,#7418,.F.);
#8676 = ORIENTED_EDGE('',*,*,#7378,.T.);
#8677 = ORIENTED_EDGE('',*,*,#7520,.F.);
#8678 = ORIENTED_EDGE('',*,*,#7444,.T.);
#8679 = PLANE('',#8680);
#8680 = AXIS2_PLACEMENT_3D('',#8681,#8682,#8683);
#8681 = CARTESIAN_POINT('',(-5.,-14.9,-2.851604247521));
#8682 = DIRECTION('',(-1.,0.,2.379488638918E-16));
#8683 = DIRECTION('',(2.379488638918E-16,2.22044604925E-16,1.));
#8684 = ADVANCED_FACE('',(#8685),#8691,.T.);
#8685 = FACE_BOUND('',#8686,.T.);
#8686 = EDGE_LOOP('',(#8687,#8688,#8689,#8690));
#8687 = ORIENTED_EDGE('',*,*,#7683,.F.);
#8688 = ORIENTED_EDGE('',*,*,#7570,.F.);
#8689 = ORIENTED_EDGE('',*,*,#7545,.F.);
#8690 = ORIENTED_EDGE('',*,*,#7663,.T.);
#8691 = PLANE('',#8692);
#8692 = AXIS2_PLACEMENT_3D('',#8693,#8694,#8695);
#8693 = CARTESIAN_POINT('',(5.,-13.3,23.662167700972));
#8694 = DIRECTION('',(1.,0.,-4.888801165802E-17));
#8695 = DIRECTION('',(-4.888801165802E-17,0.,-1.));
#8696 = ADVANCED_FACE('',(#8697),#8700,.F.);
#8697 = FACE_BOUND('',#8698,.T.);
#8698 = EDGE_LOOP('',(#8699));
#8699 = ORIENTED_EDGE('',*,*,#7758,.F.);
#8700 = PLANE('',#8701);
#8701 = AXIS2_PLACEMENT_3D('',#8702,#8703,#8704);
#8702 = CARTESIAN_POINT('',(94.7,-9.,-52.8));
#8703 = DIRECTION('',(0.,-1.,0.));
#8704 = DIRECTION('',(-1.,0.,0.));
#8705 = ADVANCED_FACE('',(#8706),#8718,.T.);
#8706 = FACE_BOUND('',#8707,.T.);
#8707 = EDGE_LOOP('',(#8708,#8715,#8716,#8717));
#8708 = ORIENTED_EDGE('',*,*,#8709,.F.);
#8709 = EDGE_CURVE('',#7812,#8226,#8710,.T.);
#8710 = CIRCLE('',#8711,9.853553390593);
#8711 = AXIS2_PLACEMENT_3D('',#8712,#8713,#8714);
#8712 = CARTESIAN_POINT('',(92.7,-1.353553390593,-50.8));
#8713 = DIRECTION('',(-2.390141499892E-16,-1.,-3.31003021115E-31));
#8714 = DIRECTION('',(0.707106781187,-1.690085262569E-16,-0.707106781187
    ));
#8715 = ORIENTED_EDGE('',*,*,#7826,.F.);
#8716 = ORIENTED_EDGE('',*,*,#7776,.F.);
#8717 = ORIENTED_EDGE('',*,*,#8235,.F.);
#8718 = CONICAL_SURFACE('',#8719,9.25,0.785398163397);
#8719 = AXIS2_PLACEMENT_3D('',#8720,#8721,#8722);
#8720 = CARTESIAN_POINT('',(92.7,-0.75,-50.8));
#8721 = DIRECTION('',(0.,-1.,0.));
#8722 = DIRECTION('',(0.707106781187,0.,-0.707106781187));
#8723 = ADVANCED_FACE('',(#8724),#8736,.T.);
#8724 = FACE_BOUND('',#8725,.T.);
#8725 = EDGE_LOOP('',(#8726,#8733,#8734,#8735));
#8726 = ORIENTED_EDGE('',*,*,#8727,.F.);
#8727 = EDGE_CURVE('',#8314,#7810,#8728,.T.);
#8728 = CIRCLE('',#8729,9.853553390593);
#8729 = AXIS2_PLACEMENT_3D('',#8730,#8731,#8732);
#8730 = CARTESIAN_POINT('',(-92.7,-1.353553390593,-50.8));
#8731 = DIRECTION('',(1.501201697751E-31,-1.,2.390141499892E-16));
#8732 = DIRECTION('',(-0.707106781187,-1.690085262569E-16,
    -0.707106781187));
#8733 = ORIENTED_EDGE('',*,*,#8328,.T.);
#8734 = ORIENTED_EDGE('',*,*,#7794,.F.);
#8735 = ORIENTED_EDGE('',*,*,#7819,.F.);
#8736 = CONICAL_SURFACE('',#8737,9.25,0.785398163397);
#8737 = AXIS2_PLACEMENT_3D('',#8738,#8739,#8740);
#8738 = CARTESIAN_POINT('',(-92.7,-0.75,-50.8));
#8739 = DIRECTION('',(0.,-1.,0.));
#8740 = DIRECTION('',(-0.707106781187,-0.,-0.707106781187));
#8741 = ADVANCED_FACE('',(#8742),#8769,.T.);
#8742 = FACE_BOUND('',#8743,.T.);
#8743 = EDGE_LOOP('',(#8744,#8753,#8761,#8768));
#8744 = ORIENTED_EDGE('',*,*,#8745,.F.);
#8745 = EDGE_CURVE('',#8746,#7812,#8748,.T.);
#8746 = VERTEX_POINT('',#8747);
#8747 = CARTESIAN_POINT('',(92.7,-1.707106781187,-60.8));
#8748 = CIRCLE('',#8749,0.5);
#8749 = AXIS2_PLACEMENT_3D('',#8750,#8751,#8752);
#8750 = CARTESIAN_POINT('',(92.7,-1.707106781187,-60.3));
#8751 = DIRECTION('',(1.,-0.,0.));
#8752 = DIRECTION('',(0.,0.,-1.));
#8753 = ORIENTED_EDGE('',*,*,#8754,.T.);
#8754 = EDGE_CURVE('',#8746,#8755,#8757,.T.);
#8755 = VERTEX_POINT('',#8756);
#8756 = CARTESIAN_POINT('',(-92.7,-1.707106781187,-60.8));
#8757 = LINE('',#8758,#8759);
#8758 = CARTESIAN_POINT('',(-77.025,-1.707106781187,-60.8));
#8759 = VECTOR('',#8760,1.);
#8760 = DIRECTION('',(-1.,0.,0.));
#8761 = ORIENTED_EDGE('',*,*,#8762,.T.);
#8762 = EDGE_CURVE('',#8755,#7810,#8763,.T.);
#8763 = CIRCLE('',#8764,0.5);
#8764 = AXIS2_PLACEMENT_3D('',#8765,#8766,#8767);
#8765 = CARTESIAN_POINT('',(-92.7,-1.707106781187,-60.3));
#8766 = DIRECTION('',(1.,-0.,0.));
#8767 = DIRECTION('',(0.,0.,-1.));
#8768 = ORIENTED_EDGE('',*,*,#7809,.T.);
#8769 = CYLINDRICAL_SURFACE('',#8770,0.5);
#8770 = AXIS2_PLACEMENT_3D('',#8771,#8772,#8773);
#8771 = CARTESIAN_POINT('',(-77.025,-1.707106781187,-60.3));
#8772 = DIRECTION('',(-1.,0.,0.));
#8773 = DIRECTION('',(0.,0.382683432365,-0.923879532511));
#8774 = ADVANCED_FACE('',(#8775),#8778,.F.);
#8775 = FACE_BOUND('',#8776,.T.);
#8776 = EDGE_LOOP('',(#8777));
#8777 = ORIENTED_EDGE('',*,*,#7896,.F.);
#8778 = PLANE('',#8779);
#8779 = AXIS2_PLACEMENT_3D('',#8780,#8781,#8782);
#8780 = CARTESIAN_POINT('',(-94.7,-9.,-52.8));
#8781 = DIRECTION('',(0.,-1.,0.));
#8782 = DIRECTION('',(-1.,0.,0.));
#8783 = ADVANCED_FACE('',(#8784),#8787,.F.);
#8784 = FACE_BOUND('',#8785,.T.);
#8785 = EDGE_LOOP('',(#8786));
#8786 = ORIENTED_EDGE('',*,*,#7959,.T.);
#8787 = PLANE('',#8788);
#8788 = AXIS2_PLACEMENT_3D('',#8789,#8790,#8791);
#8789 = CARTESIAN_POINT('',(5.329070518201E-14,-16.74,4.7085));
#8790 = DIRECTION('',(0.,-1.,0.));
#8791 = DIRECTION('',(1.,0.,0.));
#8792 = ADVANCED_FACE('',(#8793),#8796,.F.);
#8793 = FACE_BOUND('',#8794,.T.);
#8794 = EDGE_LOOP('',(#8795));
#8795 = ORIENTED_EDGE('',*,*,#7996,.T.);
#8796 = PLANE('',#8797);
#8797 = AXIS2_PLACEMENT_3D('',#8798,#8799,#8800);
#8798 = CARTESIAN_POINT('',(5.329070518201E-14,-16.74,4.7085));
#8799 = DIRECTION('',(0.,-1.,0.));
#8800 = DIRECTION('',(1.,0.,0.));
#8801 = ADVANCED_FACE('',(#8802,#8827),#8837,.T.);
#8802 = FACE_BOUND('',#8803,.T.);
#8803 = EDGE_LOOP('',(#8804,#8814,#8820,#8821));
#8804 = ORIENTED_EDGE('',*,*,#8805,.F.);
#8805 = EDGE_CURVE('',#8806,#8808,#8810,.T.);
#8806 = VERTEX_POINT('',#8807);
#8807 = CARTESIAN_POINT('',(-92.7,-16.29289321881,-60.8));
#8808 = VERTEX_POINT('',#8809);
#8809 = CARTESIAN_POINT('',(92.7,-16.29289321881,-60.8));
#8810 = LINE('',#8811,#8812);
#8811 = CARTESIAN_POINT('',(-77.025,-16.29289321881,-60.8));
#8812 = VECTOR('',#8813,1.);
#8813 = DIRECTION('',(1.,0.,0.));
#8814 = ORIENTED_EDGE('',*,*,#8815,.F.);
#8815 = EDGE_CURVE('',#8755,#8806,#8816,.T.);
#8816 = LINE('',#8817,#8818);
#8817 = CARTESIAN_POINT('',(-92.7,0.,-60.8));
#8818 = VECTOR('',#8819,1.);
#8819 = DIRECTION('',(0.,-1.,0.));
#8820 = ORIENTED_EDGE('',*,*,#8754,.F.);
#8821 = ORIENTED_EDGE('',*,*,#8822,.F.);
#8822 = EDGE_CURVE('',#8808,#8746,#8823,.T.);
#8823 = LINE('',#8824,#8825);
#8824 = CARTESIAN_POINT('',(92.7,-18.,-60.8));
#8825 = VECTOR('',#8826,1.);
#8826 = DIRECTION('',(0.,1.,0.));
#8827 = FACE_BOUND('',#8828,.T.);
#8828 = EDGE_LOOP('',(#8829,#8830,#8831,#8832,#8833,#8834,#8835,#8836));
#8829 = ORIENTED_EDGE('',*,*,#8166,.F.);
#8830 = ORIENTED_EDGE('',*,*,#8149,.F.);
#8831 = ORIENTED_EDGE('',*,*,#8117,.F.);
#8832 = ORIENTED_EDGE('',*,*,#8100,.F.);
#8833 = ORIENTED_EDGE('',*,*,#8068,.F.);
#8834 = ORIENTED_EDGE('',*,*,#8051,.F.);
#8835 = ORIENTED_EDGE('',*,*,#8019,.F.);
#8836 = ORIENTED_EDGE('',*,*,#8191,.F.);
#8837 = PLANE('',#8838);
#8838 = AXIS2_PLACEMENT_3D('',#8839,#8840,#8841);
#8839 = CARTESIAN_POINT('',(-102.7,0.,-60.8));
#8840 = DIRECTION('',(0.,0.,-1.));
#8841 = DIRECTION('',(1.,0.,0.));
#8842 = ADVANCED_FACE('',(#8843),#8855,.T.);
#8843 = FACE_BOUND('',#8844,.T.);
#8844 = EDGE_LOOP('',(#8845,#8852,#8853,#8854));
#8845 = ORIENTED_EDGE('',*,*,#8846,.F.);
#8846 = EDGE_CURVE('',#8228,#8634,#8847,.T.);
#8847 = CIRCLE('',#8848,9.853553390593);
#8848 = AXIS2_PLACEMENT_3D('',#8849,#8850,#8851);
#8849 = CARTESIAN_POINT('',(92.7,-1.353553390593,60.217));
#8850 = DIRECTION('',(-1.452377680413E-31,-1.,-2.390141499892E-16));
#8851 = DIRECTION('',(0.707106781187,-1.690085262569E-16,0.707106781187)
  );
#8852 = ORIENTED_EDGE('',*,*,#8242,.T.);
#8853 = ORIENTED_EDGE('',*,*,#8210,.F.);
#8854 = ORIENTED_EDGE('',*,*,#8643,.F.);
#8855 = CONICAL_SURFACE('',#8856,9.25,0.785398163397);
#8856 = AXIS2_PLACEMENT_3D('',#8857,#8858,#8859);
#8857 = CARTESIAN_POINT('',(92.7,-0.75,60.217));
#8858 = DIRECTION('',(0.,-1.,0.));
#8859 = DIRECTION('',(0.707106781187,0.,0.707106781187));
#8860 = ADVANCED_FACE('',(#8861),#8888,.T.);
#8861 = FACE_BOUND('',#8862,.T.);
#8862 = EDGE_LOOP('',(#8863,#8872,#8880,#8887));
#8863 = ORIENTED_EDGE('',*,*,#8864,.T.);
#8864 = EDGE_CURVE('',#8228,#8865,#8867,.T.);
#8865 = VERTEX_POINT('',#8866);
#8866 = CARTESIAN_POINT('',(102.7,-1.707106781187,60.217));
#8867 = CIRCLE('',#8868,0.5);
#8868 = AXIS2_PLACEMENT_3D('',#8869,#8870,#8871);
#8869 = CARTESIAN_POINT('',(102.2,-1.707106781187,60.217));
#8870 = DIRECTION('',(-1.7763568394E-14,-7.357910944938E-15,-1.));
#8871 = DIRECTION('',(0.707106781187,0.707106781187,-1.7763568394E-14));
#8872 = ORIENTED_EDGE('',*,*,#8873,.T.);
#8873 = EDGE_CURVE('',#8865,#8874,#8876,.T.);
#8874 = VERTEX_POINT('',#8875);
#8875 = CARTESIAN_POINT('',(102.7,-1.707106781187,-50.8));
#8876 = LINE('',#8877,#8878);
#8877 = CARTESIAN_POINT('',(102.7,-1.707106781187,-44.422875));
#8878 = VECTOR('',#8879,1.);
#8879 = DIRECTION('',(-8.134929846052E-16,0.,-1.));
#8880 = ORIENTED_EDGE('',*,*,#8881,.T.);
#8881 = EDGE_CURVE('',#8874,#8226,#8882,.T.);
#8882 = CIRCLE('',#8883,0.5);
#8883 = AXIS2_PLACEMENT_3D('',#8884,#8885,#8886);
#8884 = CARTESIAN_POINT('',(102.2,-1.707106781187,-50.8));
#8885 = DIRECTION('',(-0.,0.,1.));
#8886 = DIRECTION('',(1.,-1.110223024625E-15,0.));
#8887 = ORIENTED_EDGE('',*,*,#8225,.T.);
#8888 = CYLINDRICAL_SURFACE('',#8889,0.5);
#8889 = AXIS2_PLACEMENT_3D('',#8890,#8891,#8892);
#8890 = CARTESIAN_POINT('',(102.2,-1.707106781187,-44.422875));
#8891 = DIRECTION('',(-8.134929846052E-16,0.,-1.));
#8892 = DIRECTION('',(0.923879532511,0.382683432365,-7.515695183182E-16)
  );
#8893 = ADVANCED_FACE('',(#8894),#8897,.F.);
#8894 = FACE_BOUND('',#8895,.T.);
#8895 = EDGE_LOOP('',(#8896));
#8896 = ORIENTED_EDGE('',*,*,#8264,.F.);
#8897 = PLANE('',#8898);
#8898 = AXIS2_PLACEMENT_3D('',#8899,#8900,#8901);
#8899 = CARTESIAN_POINT('',(94.7,-9.,62.217));
#8900 = DIRECTION('',(0.,-1.,0.));
#8901 = DIRECTION('',(-1.,0.,0.));
#8902 = ADVANCED_FACE('',(#8903),#8915,.T.);
#8903 = FACE_BOUND('',#8904,.T.);
#8904 = EDGE_LOOP('',(#8905,#8912,#8913,#8914));
#8905 = ORIENTED_EDGE('',*,*,#8906,.F.);
#8906 = EDGE_CURVE('',#8636,#8312,#8907,.T.);
#8907 = CIRCLE('',#8908,9.853553390593);
#8908 = AXIS2_PLACEMENT_3D('',#8909,#8910,#8911);
#8909 = CARTESIAN_POINT('',(-92.7,-1.353553390593,60.217));
#8910 = DIRECTION('',(2.390141499892E-16,-1.,3.31003021115E-31));
#8911 = DIRECTION('',(-0.707106781187,-1.690085262569E-16,0.707106781187
    ));
#8912 = ORIENTED_EDGE('',*,*,#8650,.T.);
#8913 = ORIENTED_EDGE('',*,*,#8296,.F.);
#8914 = ORIENTED_EDGE('',*,*,#8321,.F.);
#8915 = CONICAL_SURFACE('',#8916,9.25,0.785398163397);
#8916 = AXIS2_PLACEMENT_3D('',#8917,#8918,#8919);
#8917 = CARTESIAN_POINT('',(-92.7,-0.75,60.217));
#8918 = DIRECTION('',(0.,-1.,0.));
#8919 = DIRECTION('',(-0.707106781187,0.,0.707106781187));
#8920 = ADVANCED_FACE('',(#8921),#8948,.T.);
#8921 = FACE_BOUND('',#8922,.T.);
#8922 = EDGE_LOOP('',(#8923,#8932,#8940,#8947));
#8923 = ORIENTED_EDGE('',*,*,#8924,.F.);
#8924 = EDGE_CURVE('',#8925,#8314,#8927,.T.);
#8925 = VERTEX_POINT('',#8926);
#8926 = CARTESIAN_POINT('',(-102.7,-1.707106781187,-50.8));
#8927 = CIRCLE('',#8928,0.5);
#8928 = AXIS2_PLACEMENT_3D('',#8929,#8930,#8931);
#8929 = CARTESIAN_POINT('',(-102.2,-1.707106781187,-50.8));
#8930 = DIRECTION('',(0.,0.,-1.));
#8931 = DIRECTION('',(-1.,0.,0.));
#8932 = ORIENTED_EDGE('',*,*,#8933,.T.);
#8933 = EDGE_CURVE('',#8925,#8934,#8936,.T.);
#8934 = VERTEX_POINT('',#8935);
#8935 = CARTESIAN_POINT('',(-102.7,-1.707106781187,60.217));
#8936 = LINE('',#8937,#8938);
#8937 = CARTESIAN_POINT('',(-102.7,-1.707106781187,53.839875));
#8938 = VECTOR('',#8939,1.);
#8939 = DIRECTION('',(2.711643282017E-16,0.,1.));
#8940 = ORIENTED_EDGE('',*,*,#8941,.T.);
#8941 = EDGE_CURVE('',#8934,#8312,#8942,.T.);
#8942 = CIRCLE('',#8943,0.5);
#8943 = AXIS2_PLACEMENT_3D('',#8944,#8945,#8946);
#8944 = CARTESIAN_POINT('',(-102.2,-1.707106781187,60.217));
#8945 = DIRECTION('',(0.,0.,-1.));
#8946 = DIRECTION('',(-1.,-1.110223024625E-15,-0.));
#8947 = ORIENTED_EDGE('',*,*,#8311,.T.);
#8948 = CYLINDRICAL_SURFACE('',#8949,0.5);
#8949 = AXIS2_PLACEMENT_3D('',#8950,#8951,#8952);
#8950 = CARTESIAN_POINT('',(-102.2,-1.707106781187,53.839875));
#8951 = DIRECTION('',(2.711643282017E-16,0.,1.));
#8952 = DIRECTION('',(-0.923879532511,0.382683432365,2.505231727727E-16)
  );
#8953 = ADVANCED_FACE('',(#8954),#8957,.F.);
#8954 = FACE_BOUND('',#8955,.T.);
#8955 = EDGE_LOOP('',(#8956));
#8956 = ORIENTED_EDGE('',*,*,#8396,.F.);
#8957 = PLANE('',#8958);
#8958 = AXIS2_PLACEMENT_3D('',#8959,#8960,#8961);
#8959 = CARTESIAN_POINT('',(-94.7,-9.,62.217));
#8960 = DIRECTION('',(0.,-1.,0.));
#8961 = DIRECTION('',(-1.,0.,0.));
#8962 = ADVANCED_FACE('',(#8963),#8966,.F.);
#8963 = FACE_BOUND('',#8964,.T.);
#8964 = EDGE_LOOP('',(#8965));
#8965 = ORIENTED_EDGE('',*,*,#8618,.F.);
#8966 = PLANE('',#8967);
#8967 = AXIS2_PLACEMENT_3D('',#8968,#8969,#8970);
#8968 = CARTESIAN_POINT('',(5.329070518201E-14,-16.74,4.7085));
#8969 = DIRECTION('',(0.,-1.,0.));
#8970 = DIRECTION('',(1.,0.,0.));
#8971 = ADVANCED_FACE('',(#8972),#8999,.T.);
#8972 = FACE_BOUND('',#8973,.T.);
#8973 = EDGE_LOOP('',(#8974,#8983,#8991,#8998));
#8974 = ORIENTED_EDGE('',*,*,#8975,.F.);
#8975 = EDGE_CURVE('',#8976,#8636,#8978,.T.);
#8976 = VERTEX_POINT('',#8977);
#8977 = CARTESIAN_POINT('',(-92.7,-1.707106781187,70.217));
#8978 = CIRCLE('',#8979,0.5);
#8979 = AXIS2_PLACEMENT_3D('',#8980,#8981,#8982);
#8980 = CARTESIAN_POINT('',(-92.7,-1.707106781187,69.717));
#8981 = DIRECTION('',(-1.,0.,0.));
#8982 = DIRECTION('',(0.,0.,1.));
#8983 = ORIENTED_EDGE('',*,*,#8984,.T.);
#8984 = EDGE_CURVE('',#8976,#8985,#8987,.T.);
#8985 = VERTEX_POINT('',#8986);
#8986 = CARTESIAN_POINT('',(92.7,-1.707106781187,70.217));
#8987 = LINE('',#8988,#8989);
#8988 = CARTESIAN_POINT('',(77.025,-1.707106781187,70.217));
#8989 = VECTOR('',#8990,1.);
#8990 = DIRECTION('',(1.,0.,0.));
#8991 = ORIENTED_EDGE('',*,*,#8992,.T.);
#8992 = EDGE_CURVE('',#8985,#8634,#8993,.T.);
#8993 = CIRCLE('',#8994,0.5);
#8994 = AXIS2_PLACEMENT_3D('',#8995,#8996,#8997);
#8995 = CARTESIAN_POINT('',(92.7,-1.707106781187,69.717));
#8996 = DIRECTION('',(-1.,0.,0.));
#8997 = DIRECTION('',(0.,0.,1.));
#8998 = ORIENTED_EDGE('',*,*,#8633,.T.);
#8999 = CYLINDRICAL_SURFACE('',#9000,0.5);
#9000 = AXIS2_PLACEMENT_3D('',#9001,#9002,#9003);
#9001 = CARTESIAN_POINT('',(77.025,-1.707106781187,69.717));
#9002 = DIRECTION('',(1.,0.,0.));
#9003 = DIRECTION('',(0.,0.382683432365,0.923879532511));
#9004 = ADVANCED_FACE('',(#9005),#9017,.T.);
#9005 = FACE_BOUND('',#9006,.T.);
#9006 = EDGE_LOOP('',(#9007,#9008,#9015,#9016));
#9007 = ORIENTED_EDGE('',*,*,#8881,.F.);
#9008 = ORIENTED_EDGE('',*,*,#9009,.T.);
#9009 = EDGE_CURVE('',#8874,#8746,#9010,.T.);
#9010 = CIRCLE('',#9011,10.);
#9011 = AXIS2_PLACEMENT_3D('',#9012,#9013,#9014);
#9012 = CARTESIAN_POINT('',(92.7,-1.707106781187,-50.8));
#9013 = DIRECTION('',(0.,1.,0.));
#9014 = DIRECTION('',(0.707106781187,0.,-0.707106781187));
#9015 = ORIENTED_EDGE('',*,*,#8745,.T.);
#9016 = ORIENTED_EDGE('',*,*,#8709,.T.);
#9017 = TOROIDAL_SURFACE('',#9018,9.5,0.5);
#9018 = AXIS2_PLACEMENT_3D('',#9019,#9020,#9021);
#9019 = CARTESIAN_POINT('',(92.7,-1.707106781187,-50.8));
#9020 = DIRECTION('',(0.,1.,0.));
#9021 = DIRECTION('',(0.,0.,1.));
#9022 = ADVANCED_FACE('',(#9023),#9035,.T.);
#9023 = FACE_BOUND('',#9024,.T.);
#9024 = EDGE_LOOP('',(#9025,#9026,#9033,#9034));
#9025 = ORIENTED_EDGE('',*,*,#8762,.F.);
#9026 = ORIENTED_EDGE('',*,*,#9027,.T.);
#9027 = EDGE_CURVE('',#8755,#8925,#9028,.T.);
#9028 = CIRCLE('',#9029,10.);
#9029 = AXIS2_PLACEMENT_3D('',#9030,#9031,#9032);
#9030 = CARTESIAN_POINT('',(-92.7,-1.707106781187,-50.8));
#9031 = DIRECTION('',(0.,1.,0.));
#9032 = DIRECTION('',(-0.707106781187,0.,-0.707106781187));
#9033 = ORIENTED_EDGE('',*,*,#8924,.T.);
#9034 = ORIENTED_EDGE('',*,*,#8727,.T.);
#9035 = TOROIDAL_SURFACE('',#9036,9.5,0.5);
#9036 = AXIS2_PLACEMENT_3D('',#9037,#9038,#9039);
#9037 = CARTESIAN_POINT('',(-92.7,-1.707106781187,-50.8));
#9038 = DIRECTION('',(0.,1.,0.));
#9039 = DIRECTION('',(0.,0.,1.));
#9040 = ADVANCED_FACE('',(#9041),#9068,.T.);
#9041 = FACE_BOUND('',#9042,.T.);
#9042 = EDGE_LOOP('',(#9043,#9052,#9053,#9062));
#9043 = ORIENTED_EDGE('',*,*,#9044,.F.);
#9044 = EDGE_CURVE('',#8806,#9045,#9047,.T.);
#9045 = VERTEX_POINT('',#9046);
#9046 = CARTESIAN_POINT('',(-92.7,-16.6464466094,-60.65355339059));
#9047 = CIRCLE('',#9048,0.5);
#9048 = AXIS2_PLACEMENT_3D('',#9049,#9050,#9051);
#9049 = CARTESIAN_POINT('',(-92.7,-16.29289321881,-60.3));
#9050 = DIRECTION('',(-1.,0.,0.));
#9051 = DIRECTION('',(0.,0.,-1.));
#9052 = ORIENTED_EDGE('',*,*,#8805,.T.);
#9053 = ORIENTED_EDGE('',*,*,#9054,.T.);
#9054 = EDGE_CURVE('',#8808,#9055,#9057,.T.);
#9055 = VERTEX_POINT('',#9056);
#9056 = CARTESIAN_POINT('',(92.7,-16.6464466094,-60.65355339059));
#9057 = CIRCLE('',#9058,0.5);
#9058 = AXIS2_PLACEMENT_3D('',#9059,#9060,#9061);
#9059 = CARTESIAN_POINT('',(92.7,-16.29289321881,-60.3));
#9060 = DIRECTION('',(-1.,0.,0.));
#9061 = DIRECTION('',(0.,0.,-1.));
#9062 = ORIENTED_EDGE('',*,*,#9063,.T.);
#9063 = EDGE_CURVE('',#9055,#9045,#9064,.T.);
#9064 = LINE('',#9065,#9066);
#9065 = CARTESIAN_POINT('',(-77.025,-16.6464466094,-60.65355339059));
#9066 = VECTOR('',#9067,1.);
#9067 = DIRECTION('',(-1.,0.,0.));
#9068 = CYLINDRICAL_SURFACE('',#9069,0.5);
#9069 = AXIS2_PLACEMENT_3D('',#9070,#9071,#9072);
#9070 = CARTESIAN_POINT('',(-77.025,-16.29289321881,-60.3));
#9071 = DIRECTION('',(1.,0.,0.));
#9072 = DIRECTION('',(0.,-0.382683432365,-0.923879532511));
#9073 = ADVANCED_FACE('',(#9074),#9093,.T.);
#9074 = FACE_BOUND('',#9075,.T.);
#9075 = EDGE_LOOP('',(#9076,#9085,#9091,#9092));
#9076 = ORIENTED_EDGE('',*,*,#9077,.F.);
#9077 = EDGE_CURVE('',#9078,#8806,#9080,.T.);
#9078 = VERTEX_POINT('',#9079);
#9079 = CARTESIAN_POINT('',(-102.7,-16.29289321881,-50.8));
#9080 = CIRCLE('',#9081,10.);
#9081 = AXIS2_PLACEMENT_3D('',#9082,#9083,#9084);
#9082 = CARTESIAN_POINT('',(-92.7,-16.29289321881,-50.8));
#9083 = DIRECTION('',(0.,-1.,0.));
#9084 = DIRECTION('',(-0.707106781187,-0.,-0.707106781187));
#9085 = ORIENTED_EDGE('',*,*,#9086,.T.);
#9086 = EDGE_CURVE('',#9078,#8925,#9087,.T.);
#9087 = LINE('',#9088,#9089);
#9088 = CARTESIAN_POINT('',(-102.7,0.,-50.8));
#9089 = VECTOR('',#9090,1.);
#9090 = DIRECTION('',(0.,1.,0.));
#9091 = ORIENTED_EDGE('',*,*,#9027,.F.);
#9092 = ORIENTED_EDGE('',*,*,#8815,.T.);
#9093 = CYLINDRICAL_SURFACE('',#9094,10.);
#9094 = AXIS2_PLACEMENT_3D('',#9095,#9096,#9097);
#9095 = CARTESIAN_POINT('',(-92.7,0.,-50.8));
#9096 = DIRECTION('',(0.,-1.,0.));
#9097 = DIRECTION('',(-0.707106781187,-0.,-0.707106781187));
#9098 = ADVANCED_FACE('',(#9099),#9118,.T.);
#9099 = FACE_BOUND('',#9100,.T.);
#9100 = EDGE_LOOP('',(#9101,#9110,#9111,#9112));
#9101 = ORIENTED_EDGE('',*,*,#9102,.F.);
#9102 = EDGE_CURVE('',#8808,#9103,#9105,.T.);
#9103 = VERTEX_POINT('',#9104);
#9104 = CARTESIAN_POINT('',(102.7,-16.29289321881,-50.8));
#9105 = CIRCLE('',#9106,10.);
#9106 = AXIS2_PLACEMENT_3D('',#9107,#9108,#9109);
#9107 = CARTESIAN_POINT('',(92.7,-16.29289321881,-50.8));
#9108 = DIRECTION('',(0.,-1.,0.));
#9109 = DIRECTION('',(0.707106781187,0.,-0.707106781187));
#9110 = ORIENTED_EDGE('',*,*,#8822,.T.);
#9111 = ORIENTED_EDGE('',*,*,#9009,.F.);
#9112 = ORIENTED_EDGE('',*,*,#9113,.F.);
#9113 = EDGE_CURVE('',#9103,#8874,#9114,.T.);
#9114 = LINE('',#9115,#9116);
#9115 = CARTESIAN_POINT('',(102.7,-18.,-50.8));
#9116 = VECTOR('',#9117,1.);
#9117 = DIRECTION('',(0.,1.,0.));
#9118 = CYLINDRICAL_SURFACE('',#9119,10.);
#9119 = AXIS2_PLACEMENT_3D('',#9120,#9121,#9122);
#9120 = CARTESIAN_POINT('',(92.7,0.,-50.8));
#9121 = DIRECTION('',(0.,-1.,0.));
#9122 = DIRECTION('',(0.707106781187,0.,-0.707106781187));
#9123 = ADVANCED_FACE('',(#9124),#9136,.T.);
#9124 = FACE_BOUND('',#9125,.T.);
#9125 = EDGE_LOOP('',(#9126,#9127,#9134,#9135));
#9126 = ORIENTED_EDGE('',*,*,#8992,.F.);
#9127 = ORIENTED_EDGE('',*,*,#9128,.T.);
#9128 = EDGE_CURVE('',#8985,#8865,#9129,.T.);
#9129 = CIRCLE('',#9130,10.);
#9130 = AXIS2_PLACEMENT_3D('',#9131,#9132,#9133);
#9131 = CARTESIAN_POINT('',(92.7,-1.707106781187,60.217));
#9132 = DIRECTION('',(-0.,1.,0.));
#9133 = DIRECTION('',(0.707106781187,0.,0.707106781187));
#9134 = ORIENTED_EDGE('',*,*,#8864,.F.);
#9135 = ORIENTED_EDGE('',*,*,#8846,.T.);
#9136 = TOROIDAL_SURFACE('',#9137,9.5,0.5);
#9137 = AXIS2_PLACEMENT_3D('',#9138,#9139,#9140);
#9138 = CARTESIAN_POINT('',(92.7,-1.707106781187,60.217));
#9139 = DIRECTION('',(0.,1.,0.));
#9140 = DIRECTION('',(0.,0.,1.));
#9141 = ADVANCED_FACE('',(#9142),#9160,.T.);
#9142 = FACE_BOUND('',#9143,.T.);
#9143 = EDGE_LOOP('',(#9144,#9152,#9153,#9154));
#9144 = ORIENTED_EDGE('',*,*,#9145,.F.);
#9145 = EDGE_CURVE('',#9103,#9146,#9148,.T.);
#9146 = VERTEX_POINT('',#9147);
#9147 = CARTESIAN_POINT('',(102.7,-16.29289321881,60.217));
#9148 = LINE('',#9149,#9150);
#9149 = CARTESIAN_POINT('',(102.7,-16.29289321881,-44.422875));
#9150 = VECTOR('',#9151,1.);
#9151 = DIRECTION('',(8.134929846052E-16,1.394522238737E-31,1.));
#9152 = ORIENTED_EDGE('',*,*,#9113,.T.);
#9153 = ORIENTED_EDGE('',*,*,#8873,.F.);
#9154 = ORIENTED_EDGE('',*,*,#9155,.F.);
#9155 = EDGE_CURVE('',#9146,#8865,#9156,.T.);
#9156 = LINE('',#9157,#9158);
#9157 = CARTESIAN_POINT('',(102.7,-18.,60.217));
#9158 = VECTOR('',#9159,1.);
#9159 = DIRECTION('',(0.,1.,0.));
#9160 = PLANE('',#9161);
#9161 = AXIS2_PLACEMENT_3D('',#9162,#9163,#9164);
#9162 = CARTESIAN_POINT('',(102.7,0.,-60.8));
#9163 = DIRECTION('',(1.,0.,-8.134929846052E-16));
#9164 = DIRECTION('',(8.134929846052E-16,0.,1.));
#9165 = ADVANCED_FACE('',(#9166),#9178,.T.);
#9166 = FACE_BOUND('',#9167,.T.);
#9167 = EDGE_LOOP('',(#9168,#9169,#9176,#9177));
#9168 = ORIENTED_EDGE('',*,*,#8941,.F.);
#9169 = ORIENTED_EDGE('',*,*,#9170,.T.);
#9170 = EDGE_CURVE('',#8934,#8976,#9171,.T.);
#9171 = CIRCLE('',#9172,10.);
#9172 = AXIS2_PLACEMENT_3D('',#9173,#9174,#9175);
#9173 = CARTESIAN_POINT('',(-92.7,-1.707106781187,60.217));
#9174 = DIRECTION('',(0.,1.,-0.));
#9175 = DIRECTION('',(-0.707106781187,0.,0.707106781187));
#9176 = ORIENTED_EDGE('',*,*,#8975,.T.);
#9177 = ORIENTED_EDGE('',*,*,#8906,.T.);
#9178 = TOROIDAL_SURFACE('',#9179,9.5,0.5);
#9179 = AXIS2_PLACEMENT_3D('',#9180,#9181,#9182);
#9180 = CARTESIAN_POINT('',(-92.7,-1.707106781187,60.217));
#9181 = DIRECTION('',(0.,1.,0.));
#9182 = DIRECTION('',(0.,0.,1.));
#9183 = ADVANCED_FACE('',(#9184),#9202,.T.);
#9184 = FACE_BOUND('',#9185,.T.);
#9185 = EDGE_LOOP('',(#9186,#9194,#9200,#9201));
#9186 = ORIENTED_EDGE('',*,*,#9187,.F.);
#9187 = EDGE_CURVE('',#9188,#9078,#9190,.T.);
#9188 = VERTEX_POINT('',#9189);
#9189 = CARTESIAN_POINT('',(-102.7,-16.29289321881,60.217));
#9190 = LINE('',#9191,#9192);
#9191 = CARTESIAN_POINT('',(-102.7,-16.29289321881,53.839875));
#9192 = VECTOR('',#9193,1.);
#9193 = DIRECTION('',(-2.711643282017E-16,3.486305596842E-32,-1.));
#9194 = ORIENTED_EDGE('',*,*,#9195,.T.);
#9195 = EDGE_CURVE('',#9188,#8934,#9196,.T.);
#9196 = LINE('',#9197,#9198);
#9197 = CARTESIAN_POINT('',(-102.7,-18.,60.217));
#9198 = VECTOR('',#9199,1.);
#9199 = DIRECTION('',(0.,1.,0.));
#9200 = ORIENTED_EDGE('',*,*,#8933,.F.);
#9201 = ORIENTED_EDGE('',*,*,#9086,.F.);
#9202 = PLANE('',#9203);
#9203 = AXIS2_PLACEMENT_3D('',#9204,#9205,#9206);
#9204 = CARTESIAN_POINT('',(-102.7,0.,70.217));
#9205 = DIRECTION('',(-1.,0.,2.711643282017E-16));
#9206 = DIRECTION('',(-2.711643282017E-16,0.,-1.));
#9207 = ADVANCED_FACE('',(#9208),#9233,.T.);
#9208 = FACE_BOUND('',#9209,.T.);
#9209 = EDGE_LOOP('',(#9210,#9220,#9226,#9227));
#9210 = ORIENTED_EDGE('',*,*,#9211,.F.);
#9211 = EDGE_CURVE('',#9212,#9214,#9216,.T.);
#9212 = VERTEX_POINT('',#9213);
#9213 = CARTESIAN_POINT('',(92.7,-16.29289321881,70.217));
#9214 = VERTEX_POINT('',#9215);
#9215 = CARTESIAN_POINT('',(-92.7,-16.29289321881,70.217));
#9216 = LINE('',#9217,#9218);
#9217 = CARTESIAN_POINT('',(77.025,-16.29289321881,70.217));
#9218 = VECTOR('',#9219,1.);
#9219 = DIRECTION('',(-1.,0.,0.));
#9220 = ORIENTED_EDGE('',*,*,#9221,.F.);
#9221 = EDGE_CURVE('',#8985,#9212,#9222,.T.);
#9222 = LINE('',#9223,#9224);
#9223 = CARTESIAN_POINT('',(92.7,0.,70.217));
#9224 = VECTOR('',#9225,1.);
#9225 = DIRECTION('',(0.,-1.,0.));
#9226 = ORIENTED_EDGE('',*,*,#8984,.F.);
#9227 = ORIENTED_EDGE('',*,*,#9228,.F.);
#9228 = EDGE_CURVE('',#9214,#8976,#9229,.T.);
#9229 = LINE('',#9230,#9231);
#9230 = CARTESIAN_POINT('',(-92.7,-18.,70.217));
#9231 = VECTOR('',#9232,1.);
#9232 = DIRECTION('',(0.,1.,0.));
#9233 = PLANE('',#9234);
#9234 = AXIS2_PLACEMENT_3D('',#9235,#9236,#9237);
#9235 = CARTESIAN_POINT('',(102.7,0.,70.217));
#9236 = DIRECTION('',(0.,0.,1.));
#9237 = DIRECTION('',(-1.,0.,0.));
#9238 = ADVANCED_FACE('',(#9239),#9259,.T.);
#9239 = FACE_BOUND('',#9240,.T.);
#9240 = EDGE_LOOP('',(#9241,#9250,#9251,#9252));
#9241 = ORIENTED_EDGE('',*,*,#9242,.F.);
#9242 = EDGE_CURVE('',#9078,#9243,#9245,.T.);
#9243 = VERTEX_POINT('',#9244);
#9244 = CARTESIAN_POINT('',(-102.5535533905,-16.6464466094,-50.8));
#9245 = CIRCLE('',#9246,0.5);
#9246 = AXIS2_PLACEMENT_3D('',#9247,#9248,#9249);
#9247 = CARTESIAN_POINT('',(-102.2,-16.29289321881,-50.8));
#9248 = DIRECTION('',(0.,0.,1.));
#9249 = DIRECTION('',(-1.,0.,0.));
#9250 = ORIENTED_EDGE('',*,*,#9077,.T.);
#9251 = ORIENTED_EDGE('',*,*,#9044,.T.);
#9252 = ORIENTED_EDGE('',*,*,#9253,.T.);
#9253 = EDGE_CURVE('',#9045,#9243,#9254,.T.);
#9254 = CIRCLE('',#9255,9.853553390593);
#9255 = AXIS2_PLACEMENT_3D('',#9256,#9257,#9258);
#9256 = CARTESIAN_POINT('',(-92.7,-16.6464466094,-50.8));
#9257 = DIRECTION('',(1.593427666595E-16,1.,1.593427666595E-16));
#9258 = DIRECTION('',(-0.707106781187,2.253447016759E-16,-0.707106781187
    ));
#9259 = TOROIDAL_SURFACE('',#9260,9.5,0.5);
#9260 = AXIS2_PLACEMENT_3D('',#9261,#9262,#9263);
#9261 = CARTESIAN_POINT('',(-92.7,-16.29289321881,-50.8));
#9262 = DIRECTION('',(0.,-1.,0.));
#9263 = DIRECTION('',(0.,0.,-1.));
#9264 = ADVANCED_FACE('',(#9265),#9285,.T.);
#9265 = FACE_BOUND('',#9266,.T.);
#9266 = EDGE_LOOP('',(#9267,#9268,#9269,#9278));
#9267 = ORIENTED_EDGE('',*,*,#9054,.F.);
#9268 = ORIENTED_EDGE('',*,*,#9102,.T.);
#9269 = ORIENTED_EDGE('',*,*,#9270,.T.);
#9270 = EDGE_CURVE('',#9103,#9271,#9273,.T.);
#9271 = VERTEX_POINT('',#9272);
#9272 = CARTESIAN_POINT('',(102.55355339059,-16.6464466094,-50.8));
#9273 = CIRCLE('',#9274,0.5);
#9274 = AXIS2_PLACEMENT_3D('',#9275,#9276,#9277);
#9275 = CARTESIAN_POINT('',(102.2,-16.29289321881,-50.8));
#9276 = DIRECTION('',(0.,0.,-1.));
#9277 = DIRECTION('',(1.,0.,0.));
#9278 = ORIENTED_EDGE('',*,*,#9279,.T.);
#9279 = EDGE_CURVE('',#9271,#9055,#9280,.T.);
#9280 = CIRCLE('',#9281,9.853553390593);
#9281 = AXIS2_PLACEMENT_3D('',#9282,#9283,#9284);
#9282 = CARTESIAN_POINT('',(92.7,-16.6464466094,-50.8));
#9283 = DIRECTION('',(-1.593427666595E-16,1.,1.593427666595E-16));
#9284 = DIRECTION('',(0.707106781187,2.253447016759E-16,-0.707106781187)
  );
#9285 = TOROIDAL_SURFACE('',#9286,9.5,0.5);
#9286 = AXIS2_PLACEMENT_3D('',#9287,#9288,#9289);
#9287 = CARTESIAN_POINT('',(92.7,-16.29289321881,-50.8));
#9288 = DIRECTION('',(0.,-1.,0.));
#9289 = DIRECTION('',(0.,0.,-1.));
#9290 = ADVANCED_FACE('',(#9291),#9316,.T.);
#9291 = FACE_BOUND('',#9292,.T.);
#9292 = EDGE_LOOP('',(#9293,#9303,#9309,#9310));
#9293 = ORIENTED_EDGE('',*,*,#9294,.F.);
#9294 = EDGE_CURVE('',#9295,#9297,#9299,.T.);
#9295 = VERTEX_POINT('',#9296);
#9296 = CARTESIAN_POINT('',(-92.7,-17.85355339059,-59.4464466094));
#9297 = VERTEX_POINT('',#9298);
#9298 = CARTESIAN_POINT('',(92.7,-17.85355339059,-59.4464466094));
#9299 = LINE('',#9300,#9301);
#9300 = CARTESIAN_POINT('',(-25.675,-17.85355339059,-59.4464466094));
#9301 = VECTOR('',#9302,1.);
#9302 = DIRECTION('',(1.,0.,0.));
#9303 = ORIENTED_EDGE('',*,*,#9304,.T.);
#9304 = EDGE_CURVE('',#9295,#9045,#9305,.T.);
#9305 = LINE('',#9306,#9307);
#9306 = CARTESIAN_POINT('',(-92.7,-18.,-59.3));
#9307 = VECTOR('',#9308,1.);
#9308 = DIRECTION('',(0.,0.707106781187,-0.707106781187));
#9309 = ORIENTED_EDGE('',*,*,#9063,.F.);
#9310 = ORIENTED_EDGE('',*,*,#9311,.T.);
#9311 = EDGE_CURVE('',#9055,#9297,#9312,.T.);
#9312 = LINE('',#9313,#9314);
#9313 = CARTESIAN_POINT('',(92.7,-16.5,-60.8));
#9314 = VECTOR('',#9315,1.);
#9315 = DIRECTION('',(0.,-0.707106781187,0.707106781187));
#9316 = PLANE('',#9317);
#9317 = AXIS2_PLACEMENT_3D('',#9318,#9319,#9320);
#9318 = CARTESIAN_POINT('',(-51.35,-17.25,-60.05));
#9319 = DIRECTION('',(0.,-0.707106781187,-0.707106781187));
#9320 = DIRECTION('',(-1.,0.,0.));
#9321 = ADVANCED_FACE('',(#9322),#9334,.T.);
#9322 = FACE_BOUND('',#9323,.T.);
#9323 = EDGE_LOOP('',(#9324,#9331,#9332,#9333));
#9324 = ORIENTED_EDGE('',*,*,#9325,.F.);
#9325 = EDGE_CURVE('',#9146,#9212,#9326,.T.);
#9326 = CIRCLE('',#9327,10.);
#9327 = AXIS2_PLACEMENT_3D('',#9328,#9329,#9330);
#9328 = CARTESIAN_POINT('',(92.7,-16.29289321881,60.217));
#9329 = DIRECTION('',(0.,-1.,0.));
#9330 = DIRECTION('',(0.707106781187,0.,0.707106781187));
#9331 = ORIENTED_EDGE('',*,*,#9155,.T.);
#9332 = ORIENTED_EDGE('',*,*,#9128,.F.);
#9333 = ORIENTED_EDGE('',*,*,#9221,.T.);
#9334 = CYLINDRICAL_SURFACE('',#9335,10.);
#9335 = AXIS2_PLACEMENT_3D('',#9336,#9337,#9338);
#9336 = CARTESIAN_POINT('',(92.7,0.,60.217));
#9337 = DIRECTION('',(0.,-1.,0.));
#9338 = DIRECTION('',(0.707106781187,0.,0.707106781187));
#9339 = ADVANCED_FACE('',(#9340),#9359,.T.);
#9340 = FACE_BOUND('',#9341,.T.);
#9341 = EDGE_LOOP('',(#9342,#9343,#9344,#9353));
#9342 = ORIENTED_EDGE('',*,*,#9270,.F.);
#9343 = ORIENTED_EDGE('',*,*,#9145,.T.);
#9344 = ORIENTED_EDGE('',*,*,#9345,.T.);
#9345 = EDGE_CURVE('',#9146,#9346,#9348,.T.);
#9346 = VERTEX_POINT('',#9347);
#9347 = CARTESIAN_POINT('',(102.55355339059,-16.6464466094,60.217));
#9348 = CIRCLE('',#9349,0.5);
#9349 = AXIS2_PLACEMENT_3D('',#9350,#9351,#9352);
#9350 = CARTESIAN_POINT('',(102.2,-16.29289321881,60.217));
#9351 = DIRECTION('',(-1.7763568394E-14,7.357910944938E-15,-1.));
#9352 = DIRECTION('',(1.,0.,-1.7763568394E-14));
#9353 = ORIENTED_EDGE('',*,*,#9354,.T.);
#9354 = EDGE_CURVE('',#9346,#9271,#9355,.T.);
#9355 = LINE('',#9356,#9357);
#9356 = CARTESIAN_POINT('',(102.55355339059,-16.6464466094,-44.422875));
#9357 = VECTOR('',#9358,1.);
#9358 = DIRECTION('',(-8.134929846052E-16,-2.091783358105E-31,-1.));
#9359 = CYLINDRICAL_SURFACE('',#9360,0.5);
#9360 = AXIS2_PLACEMENT_3D('',#9361,#9362,#9363);
#9361 = CARTESIAN_POINT('',(102.2,-16.29289321881,-44.422875));
#9362 = DIRECTION('',(8.134929846052E-16,1.394522238737E-31,1.));
#9363 = DIRECTION('',(0.923879532511,-0.382683432365,-7.515695183182E-16
    ));
#9364 = ADVANCED_FACE('',(#9365),#9377,.T.);
#9365 = FACE_BOUND('',#9366,.T.);
#9366 = EDGE_LOOP('',(#9367,#9374,#9375,#9376));
#9367 = ORIENTED_EDGE('',*,*,#9368,.F.);
#9368 = EDGE_CURVE('',#9214,#9188,#9369,.T.);
#9369 = CIRCLE('',#9370,10.);
#9370 = AXIS2_PLACEMENT_3D('',#9371,#9372,#9373);
#9371 = CARTESIAN_POINT('',(-92.7,-16.29289321881,60.217));
#9372 = DIRECTION('',(0.,-1.,0.));
#9373 = DIRECTION('',(-0.707106781187,0.,0.707106781187));
#9374 = ORIENTED_EDGE('',*,*,#9228,.T.);
#9375 = ORIENTED_EDGE('',*,*,#9170,.F.);
#9376 = ORIENTED_EDGE('',*,*,#9195,.F.);
#9377 = CYLINDRICAL_SURFACE('',#9378,10.);
#9378 = AXIS2_PLACEMENT_3D('',#9379,#9380,#9381);
#9379 = CARTESIAN_POINT('',(-92.7,0.,60.217));
#9380 = DIRECTION('',(0.,-1.,0.));
#9381 = DIRECTION('',(-0.707106781187,0.,0.707106781187));
#9382 = ADVANCED_FACE('',(#9383),#9402,.T.);
#9383 = FACE_BOUND('',#9384,.T.);
#9384 = EDGE_LOOP('',(#9385,#9394,#9395,#9396));
#9385 = ORIENTED_EDGE('',*,*,#9386,.T.);
#9386 = EDGE_CURVE('',#9387,#9188,#9389,.T.);
#9387 = VERTEX_POINT('',#9388);
#9388 = CARTESIAN_POINT('',(-102.5535533905,-16.6464466094,60.217));
#9389 = CIRCLE('',#9390,0.5);
#9390 = AXIS2_PLACEMENT_3D('',#9391,#9392,#9393);
#9391 = CARTESIAN_POINT('',(-102.2,-16.29289321881,60.217));
#9392 = DIRECTION('',(0.,0.,-1.));
#9393 = DIRECTION('',(-0.707106781187,-0.707106781187,-0.));
#9394 = ORIENTED_EDGE('',*,*,#9187,.T.);
#9395 = ORIENTED_EDGE('',*,*,#9242,.T.);
#9396 = ORIENTED_EDGE('',*,*,#9397,.T.);
#9397 = EDGE_CURVE('',#9243,#9387,#9398,.T.);
#9398 = LINE('',#9399,#9400);
#9399 = CARTESIAN_POINT('',(-102.5535533905,-16.6464466094,53.839875));
#9400 = VECTOR('',#9401,1.);
#9401 = DIRECTION('',(2.711643282017E-16,-3.486305596842E-32,1.));
#9402 = CYLINDRICAL_SURFACE('',#9403,0.5);
#9403 = AXIS2_PLACEMENT_3D('',#9404,#9405,#9406);
#9404 = CARTESIAN_POINT('',(-102.2,-16.29289321881,53.839875));
#9405 = DIRECTION('',(-2.711643282017E-16,3.486305596842E-32,-1.));
#9406 = DIRECTION('',(-0.923879532511,-0.382683432365,2.505231727727E-16
    ));
#9407 = ADVANCED_FACE('',(#9408),#9435,.T.);
#9408 = FACE_BOUND('',#9409,.T.);
#9409 = EDGE_LOOP('',(#9410,#9419,#9420,#9429));
#9410 = ORIENTED_EDGE('',*,*,#9411,.F.);
#9411 = EDGE_CURVE('',#9212,#9412,#9414,.T.);
#9412 = VERTEX_POINT('',#9413);
#9413 = CARTESIAN_POINT('',(92.7,-16.6464466094,70.070553390593));
#9414 = CIRCLE('',#9415,0.5);
#9415 = AXIS2_PLACEMENT_3D('',#9416,#9417,#9418);
#9416 = CARTESIAN_POINT('',(92.7,-16.29289321881,69.717));
#9417 = DIRECTION('',(1.,0.,-0.));
#9418 = DIRECTION('',(0.,0.,1.));
#9419 = ORIENTED_EDGE('',*,*,#9211,.T.);
#9420 = ORIENTED_EDGE('',*,*,#9421,.T.);
#9421 = EDGE_CURVE('',#9214,#9422,#9424,.T.);
#9422 = VERTEX_POINT('',#9423);
#9423 = CARTESIAN_POINT('',(-92.7,-16.6464466094,70.070553390593));
#9424 = CIRCLE('',#9425,0.5);
#9425 = AXIS2_PLACEMENT_3D('',#9426,#9427,#9428);
#9426 = CARTESIAN_POINT('',(-92.7,-16.29289321881,69.717));
#9427 = DIRECTION('',(1.,1.471582188988E-14,-3.552713678801E-14));
#9428 = DIRECTION('',(3.552713678801E-14,-2.264782561554E-46,1.));
#9429 = ORIENTED_EDGE('',*,*,#9430,.T.);
#9430 = EDGE_CURVE('',#9422,#9412,#9431,.T.);
#9431 = LINE('',#9432,#9433);
#9432 = CARTESIAN_POINT('',(77.025,-16.6464466094,70.070553390593));
#9433 = VECTOR('',#9434,1.);
#9434 = DIRECTION('',(1.,0.,0.));
#9435 = CYLINDRICAL_SURFACE('',#9436,0.5);
#9436 = AXIS2_PLACEMENT_3D('',#9437,#9438,#9439);
#9437 = CARTESIAN_POINT('',(77.025,-16.29289321881,69.717));
#9438 = DIRECTION('',(-1.,0.,0.));
#9439 = DIRECTION('',(0.,-0.382683432365,0.923879532511));
#9440 = ADVANCED_FACE('',(#9441),#9460,.T.);
#9441 = FACE_BOUND('',#9442,.T.);
#9442 = EDGE_LOOP('',(#9443,#9452,#9458,#9459));
#9443 = ORIENTED_EDGE('',*,*,#9444,.F.);
#9444 = EDGE_CURVE('',#9445,#9295,#9447,.T.);
#9445 = VERTEX_POINT('',#9446);
#9446 = CARTESIAN_POINT('',(-101.3464466094,-17.85355339059,-50.8));
#9447 = CIRCLE('',#9448,8.646446609407);
#9448 = AXIS2_PLACEMENT_3D('',#9449,#9450,#9451);
#9449 = CARTESIAN_POINT('',(-92.7,-17.85355339059,-50.8));
#9450 = DIRECTION('',(0.,-1.,0.));
#9451 = DIRECTION('',(-0.707106781187,-0.,-0.707106781187));
#9452 = ORIENTED_EDGE('',*,*,#9453,.F.);
#9453 = EDGE_CURVE('',#9243,#9445,#9454,.T.);
#9454 = LINE('',#9455,#9456);
#9455 = CARTESIAN_POINT('',(-102.7,-16.5,-50.8));
#9456 = VECTOR('',#9457,1.);
#9457 = DIRECTION('',(0.707106781187,-0.707106781187,0.));
#9458 = ORIENTED_EDGE('',*,*,#9253,.F.);
#9459 = ORIENTED_EDGE('',*,*,#9304,.F.);
#9460 = CONICAL_SURFACE('',#9461,9.25,0.785398163397);
#9461 = AXIS2_PLACEMENT_3D('',#9462,#9463,#9464);
#9462 = CARTESIAN_POINT('',(-92.7,-17.25,-50.8));
#9463 = DIRECTION('',(0.,1.,0.));
#9464 = DIRECTION('',(-0.707106781187,0.,-0.707106781187));
#9465 = ADVANCED_FACE('',(#9466),#9485,.T.);
#9466 = FACE_BOUND('',#9467,.T.);
#9467 = EDGE_LOOP('',(#9468,#9477,#9478,#9479));
#9468 = ORIENTED_EDGE('',*,*,#9469,.F.);
#9469 = EDGE_CURVE('',#9297,#9470,#9472,.T.);
#9470 = VERTEX_POINT('',#9471);
#9471 = CARTESIAN_POINT('',(101.3464466094,-17.85355339059,-50.8));
#9472 = CIRCLE('',#9473,8.646446609407);
#9473 = AXIS2_PLACEMENT_3D('',#9474,#9475,#9476);
#9474 = CARTESIAN_POINT('',(92.7,-17.85355339059,-50.8));
#9475 = DIRECTION('',(0.,-1.,0.));
#9476 = DIRECTION('',(0.707106781187,0.,-0.707106781187));
#9477 = ORIENTED_EDGE('',*,*,#9311,.F.);
#9478 = ORIENTED_EDGE('',*,*,#9279,.F.);
#9479 = ORIENTED_EDGE('',*,*,#9480,.T.);
#9480 = EDGE_CURVE('',#9271,#9470,#9481,.T.);
#9481 = LINE('',#9482,#9483);
#9482 = CARTESIAN_POINT('',(102.7,-16.5,-50.8));
#9483 = VECTOR('',#9484,1.);
#9484 = DIRECTION('',(-0.707106781187,-0.707106781187,0.));
#9485 = CONICAL_SURFACE('',#9486,9.25,0.785398163397);
#9486 = AXIS2_PLACEMENT_3D('',#9487,#9488,#9489);
#9487 = CARTESIAN_POINT('',(92.7,-17.25,-50.8));
#9488 = DIRECTION('',(0.,1.,0.));
#9489 = DIRECTION('',(0.707106781187,0.,-0.707106781187));
#9490 = ADVANCED_FACE('',(#9491),#9518,.T.);
#9491 = FACE_BOUND('',#9492,.T.);
#9492 = EDGE_LOOP('',(#9493,#9502,#9503,#9512));
#9493 = ORIENTED_EDGE('',*,*,#9494,.T.);
#9494 = EDGE_CURVE('',#9495,#9295,#9497,.T.);
#9495 = VERTEX_POINT('',#9496);
#9496 = CARTESIAN_POINT('',(-92.7,-18.,-59.09289321881));
#9497 = CIRCLE('',#9498,0.5);
#9498 = AXIS2_PLACEMENT_3D('',#9499,#9500,#9501);
#9499 = CARTESIAN_POINT('',(-92.7,-17.5,-59.09289321881));
#9500 = DIRECTION('',(1.,0.,0.));
#9501 = DIRECTION('',(0.,-1.,0.));
#9502 = ORIENTED_EDGE('',*,*,#9294,.T.);
#9503 = ORIENTED_EDGE('',*,*,#9504,.F.);
#9504 = EDGE_CURVE('',#9505,#9297,#9507,.T.);
#9505 = VERTEX_POINT('',#9506);
#9506 = CARTESIAN_POINT('',(92.7,-18.,-59.09289321881));
#9507 = CIRCLE('',#9508,0.5);
#9508 = AXIS2_PLACEMENT_3D('',#9509,#9510,#9511);
#9509 = CARTESIAN_POINT('',(92.7,-17.5,-59.09289321881));
#9510 = DIRECTION('',(1.,0.,0.));
#9511 = DIRECTION('',(0.,-1.,0.));
#9512 = ORIENTED_EDGE('',*,*,#9513,.T.);
#9513 = EDGE_CURVE('',#9505,#9495,#9514,.T.);
#9514 = LINE('',#9515,#9516);
#9515 = CARTESIAN_POINT('',(-25.675,-18.,-59.09289321881));
#9516 = VECTOR('',#9517,1.);
#9517 = DIRECTION('',(-1.,0.,0.));
#9518 = CYLINDRICAL_SURFACE('',#9519,0.5);
#9519 = AXIS2_PLACEMENT_3D('',#9520,#9521,#9522);
#9520 = CARTESIAN_POINT('',(-25.675,-17.5,-59.09289321881));
#9521 = DIRECTION('',(-1.,0.,0.));
#9522 = DIRECTION('',(-0.,-0.923879532511,-0.382683432365));
#9523 = ADVANCED_FACE('',(#9524),#9536,.T.);
#9524 = FACE_BOUND('',#9525,.T.);
#9525 = EDGE_LOOP('',(#9526,#9527,#9528,#9529));
#9526 = ORIENTED_EDGE('',*,*,#9345,.F.);
#9527 = ORIENTED_EDGE('',*,*,#9325,.T.);
#9528 = ORIENTED_EDGE('',*,*,#9411,.T.);
#9529 = ORIENTED_EDGE('',*,*,#9530,.T.);
#9530 = EDGE_CURVE('',#9412,#9346,#9531,.T.);
#9531 = CIRCLE('',#9532,9.853553390593);
#9532 = AXIS2_PLACEMENT_3D('',#9533,#9534,#9535);
#9533 = CARTESIAN_POINT('',(92.7,-16.6464466094,60.217));
#9534 = DIRECTION('',(-1.593427666595E-16,1.,-1.593427666595E-16));
#9535 = DIRECTION('',(0.707106781187,2.253447016759E-16,0.707106781187)
  );
#9536 = TOROIDAL_SURFACE('',#9537,9.5,0.5);
#9537 = AXIS2_PLACEMENT_3D('',#9538,#9539,#9540);
#9538 = CARTESIAN_POINT('',(92.7,-16.29289321881,60.217));
#9539 = DIRECTION('',(0.,-1.,0.));
#9540 = DIRECTION('',(0.,0.,-1.));
#9541 = ADVANCED_FACE('',(#9542),#9560,.T.);
#9542 = FACE_BOUND('',#9543,.T.);
#9543 = EDGE_LOOP('',(#9544,#9552,#9553,#9554));
#9544 = ORIENTED_EDGE('',*,*,#9545,.F.);
#9545 = EDGE_CURVE('',#9470,#9546,#9548,.T.);
#9546 = VERTEX_POINT('',#9547);
#9547 = CARTESIAN_POINT('',(101.3464466094,-17.85355339059,60.217));
#9548 = LINE('',#9549,#9550);
#9549 = CARTESIAN_POINT('',(101.3464466094,-17.85355339059,-11.668625));
#9550 = VECTOR('',#9551,1.);
#9551 = DIRECTION('',(8.134929846052E-16,0.,1.));
#9552 = ORIENTED_EDGE('',*,*,#9480,.F.);
#9553 = ORIENTED_EDGE('',*,*,#9354,.F.);
#9554 = ORIENTED_EDGE('',*,*,#9555,.T.);
#9555 = EDGE_CURVE('',#9346,#9546,#9556,.T.);
#9556 = LINE('',#9557,#9558);
#9557 = CARTESIAN_POINT('',(102.7,-16.5,60.217));
#9558 = VECTOR('',#9559,1.);
#9559 = DIRECTION('',(-0.707106781187,-0.707106781187,0.));
#9560 = PLANE('',#9561);
#9561 = AXIS2_PLACEMENT_3D('',#9562,#9563,#9564);
#9562 = CARTESIAN_POINT('',(101.95,-17.25,-28.04575));
#9563 = DIRECTION('',(0.707106781187,-0.707106781187,-5.75226405862E-16)
  );
#9564 = DIRECTION('',(-8.134929846052E-16,-3.280985575543E-31,-1.));
#9565 = ADVANCED_FACE('',(#9566),#9578,.T.);
#9566 = FACE_BOUND('',#9567,.T.);
#9567 = EDGE_LOOP('',(#9568,#9569,#9570,#9571));
#9568 = ORIENTED_EDGE('',*,*,#9421,.F.);
#9569 = ORIENTED_EDGE('',*,*,#9368,.T.);
#9570 = ORIENTED_EDGE('',*,*,#9386,.F.);
#9571 = ORIENTED_EDGE('',*,*,#9572,.T.);
#9572 = EDGE_CURVE('',#9387,#9422,#9573,.T.);
#9573 = CIRCLE('',#9574,9.853553390593);
#9574 = AXIS2_PLACEMENT_3D('',#9575,#9576,#9577);
#9575 = CARTESIAN_POINT('',(-92.7,-16.6464466094,60.217));
#9576 = DIRECTION('',(1.593427666595E-16,1.,-1.593427666595E-16));
#9577 = DIRECTION('',(-0.707106781187,2.253447016759E-16,0.707106781187)
  );
#9578 = TOROIDAL_SURFACE('',#9579,9.5,0.5);
#9579 = AXIS2_PLACEMENT_3D('',#9580,#9581,#9582);
#9580 = CARTESIAN_POINT('',(-92.7,-16.29289321881,60.217));
#9581 = DIRECTION('',(0.,-1.,0.));
#9582 = DIRECTION('',(0.,0.,-1.));
#9583 = ADVANCED_FACE('',(#9584),#9602,.T.);
#9584 = FACE_BOUND('',#9585,.T.);
#9585 = EDGE_LOOP('',(#9586,#9594,#9600,#9601));
#9586 = ORIENTED_EDGE('',*,*,#9587,.F.);
#9587 = EDGE_CURVE('',#9588,#9445,#9590,.T.);
#9588 = VERTEX_POINT('',#9589);
#9589 = CARTESIAN_POINT('',(-101.3464466094,-17.85355339059,60.217));
#9590 = LINE('',#9591,#9592);
#9591 = CARTESIAN_POINT('',(-101.3464466094,-17.85355339059,21.085625));
#9592 = VECTOR('',#9593,1.);
#9593 = DIRECTION('',(-2.711643282017E-16,-1.743152798421E-32,-1.));
#9594 = ORIENTED_EDGE('',*,*,#9595,.F.);
#9595 = EDGE_CURVE('',#9387,#9588,#9596,.T.);
#9596 = LINE('',#9597,#9598);
#9597 = CARTESIAN_POINT('',(-102.7,-16.5,60.217));
#9598 = VECTOR('',#9599,1.);
#9599 = DIRECTION('',(0.707106781187,-0.707106781187,0.));
#9600 = ORIENTED_EDGE('',*,*,#9397,.F.);
#9601 = ORIENTED_EDGE('',*,*,#9453,.T.);
#9602 = PLANE('',#9603);
#9603 = AXIS2_PLACEMENT_3D('',#9604,#9605,#9606);
#9604 = CARTESIAN_POINT('',(-101.95,-17.25,37.46275));
#9605 = DIRECTION('',(-0.707106781187,-0.707106781187,1.917421352873E-16
    ));
#9606 = DIRECTION('',(2.711643282017E-16,-1.151766951795E-31,1.));
#9607 = ADVANCED_FACE('',(#9608),#9633,.T.);
#9608 = FACE_BOUND('',#9609,.T.);
#9609 = EDGE_LOOP('',(#9610,#9620,#9626,#9627));
#9610 = ORIENTED_EDGE('',*,*,#9611,.F.);
#9611 = EDGE_CURVE('',#9612,#9614,#9616,.T.);
#9612 = VERTEX_POINT('',#9613);
#9613 = CARTESIAN_POINT('',(92.7,-17.85355339059,68.863446609407));
#9614 = VERTEX_POINT('',#9615);
#9615 = CARTESIAN_POINT('',(-92.7,-17.85355339059,68.863446609407));
#9616 = LINE('',#9617,#9618);
#9617 = CARTESIAN_POINT('',(25.675,-17.85355339059,68.863446609407));
#9618 = VECTOR('',#9619,1.);
#9619 = DIRECTION('',(-1.,0.,0.));
#9620 = ORIENTED_EDGE('',*,*,#9621,.F.);
#9621 = EDGE_CURVE('',#9412,#9612,#9622,.T.);
#9622 = LINE('',#9623,#9624);
#9623 = CARTESIAN_POINT('',(92.7,-16.5,70.217));
#9624 = VECTOR('',#9625,1.);
#9625 = DIRECTION('',(0.,-0.707106781187,-0.707106781187));
#9626 = ORIENTED_EDGE('',*,*,#9430,.F.);
#9627 = ORIENTED_EDGE('',*,*,#9628,.T.);
#9628 = EDGE_CURVE('',#9422,#9614,#9629,.T.);
#9629 = LINE('',#9630,#9631);
#9630 = CARTESIAN_POINT('',(-92.7,-16.5,70.217));
#9631 = VECTOR('',#9632,1.);
#9632 = DIRECTION('',(0.,-0.707106781187,-0.707106781187));
#9633 = PLANE('',#9634);
#9634 = AXIS2_PLACEMENT_3D('',#9635,#9636,#9637);
#9635 = CARTESIAN_POINT('',(51.35,-17.25,69.467));
#9636 = DIRECTION('',(0.,-0.707106781187,0.707106781187));
#9637 = DIRECTION('',(1.,0.,0.));
#9638 = ADVANCED_FACE('',(#9639),#9659,.T.);
#9639 = FACE_BOUND('',#9640,.T.);
#9640 = EDGE_LOOP('',(#9641,#9650,#9651,#9652));
#9641 = ORIENTED_EDGE('',*,*,#9642,.T.);
#9642 = EDGE_CURVE('',#9643,#9445,#9645,.T.);
#9643 = VERTEX_POINT('',#9644);
#9644 = CARTESIAN_POINT('',(-100.9928932188,-18.,-50.8));
#9645 = CIRCLE('',#9646,0.5);
#9646 = AXIS2_PLACEMENT_3D('',#9647,#9648,#9649);
#9647 = CARTESIAN_POINT('',(-100.9928932188,-17.5,-50.8));
#9648 = DIRECTION('',(-2.512147933894E-14,-0.,-1.));
#9649 = DIRECTION('',(0.,-1.,0.));
#9650 = ORIENTED_EDGE('',*,*,#9444,.T.);
#9651 = ORIENTED_EDGE('',*,*,#9494,.F.);
#9652 = ORIENTED_EDGE('',*,*,#9653,.T.);
#9653 = EDGE_CURVE('',#9495,#9643,#9654,.T.);
#9654 = CIRCLE('',#9655,8.292893218813);
#9655 = AXIS2_PLACEMENT_3D('',#9656,#9657,#9658);
#9656 = CARTESIAN_POINT('',(-92.7,-18.,-50.8));
#9657 = DIRECTION('',(0.,1.,0.));
#9658 = DIRECTION('',(-0.707106781187,0.,-0.707106781187));
#9659 = TOROIDAL_SURFACE('',#9660,8.292893218813,0.5);
#9660 = AXIS2_PLACEMENT_3D('',#9661,#9662,#9663);
#9661 = CARTESIAN_POINT('',(-92.7,-17.5,-50.8));
#9662 = DIRECTION('',(0.,1.,0.));
#9663 = DIRECTION('',(0.,0.,1.));
#9664 = ADVANCED_FACE('',(#9665),#9685,.T.);
#9665 = FACE_BOUND('',#9666,.T.);
#9666 = EDGE_LOOP('',(#9667,#9668,#9669,#9678));
#9667 = ORIENTED_EDGE('',*,*,#9504,.T.);
#9668 = ORIENTED_EDGE('',*,*,#9469,.T.);
#9669 = ORIENTED_EDGE('',*,*,#9670,.F.);
#9670 = EDGE_CURVE('',#9671,#9470,#9673,.T.);
#9671 = VERTEX_POINT('',#9672);
#9672 = CARTESIAN_POINT('',(100.99289321881,-18.,-50.8));
#9673 = CIRCLE('',#9674,0.5);
#9674 = AXIS2_PLACEMENT_3D('',#9675,#9676,#9677);
#9675 = CARTESIAN_POINT('',(100.99289321881,-17.5,-50.8));
#9676 = DIRECTION('',(-0.,0.,1.));
#9677 = DIRECTION('',(0.,-1.,0.));
#9678 = ORIENTED_EDGE('',*,*,#9679,.T.);
#9679 = EDGE_CURVE('',#9671,#9505,#9680,.T.);
#9680 = CIRCLE('',#9681,8.292893218813);
#9681 = AXIS2_PLACEMENT_3D('',#9682,#9683,#9684);
#9682 = CARTESIAN_POINT('',(92.7,-18.,-50.8));
#9683 = DIRECTION('',(0.,1.,0.));
#9684 = DIRECTION('',(0.707106781187,0.,-0.707106781187));
#9685 = TOROIDAL_SURFACE('',#9686,8.292893218813,0.5);
#9686 = AXIS2_PLACEMENT_3D('',#9687,#9688,#9689);
#9687 = CARTESIAN_POINT('',(92.7,-17.5,-50.8));
#9688 = DIRECTION('',(0.,1.,0.));
#9689 = DIRECTION('',(0.,0.,1.));
#9690 = ADVANCED_FACE('',(#9691,#9736,#9747,#9758,#9886,#9897),#9908,.T.
  );
#9691 = FACE_BOUND('',#9692,.T.);
#9692 = EDGE_LOOP('',(#9693,#9701,#9710,#9718,#9727,#9733,#9734,#9735));
#9693 = ORIENTED_EDGE('',*,*,#9694,.F.);
#9694 = EDGE_CURVE('',#9695,#9671,#9697,.T.);
#9695 = VERTEX_POINT('',#9696);
#9696 = CARTESIAN_POINT('',(100.99289321881,-18.,60.217));
#9697 = LINE('',#9698,#9699);
#9698 = CARTESIAN_POINT('',(100.99289321881,-18.,-11.668625));
#9699 = VECTOR('',#9700,1.);
#9700 = DIRECTION('',(-8.134929846052E-16,0.,-1.));
#9701 = ORIENTED_EDGE('',*,*,#9702,.F.);
#9702 = EDGE_CURVE('',#9703,#9695,#9705,.T.);
#9703 = VERTEX_POINT('',#9704);
#9704 = CARTESIAN_POINT('',(92.7,-18.,68.509893218813));
#9705 = CIRCLE('',#9706,8.292893218813);
#9706 = AXIS2_PLACEMENT_3D('',#9707,#9708,#9709);
#9707 = CARTESIAN_POINT('',(92.7,-18.,60.217));
#9708 = DIRECTION('',(-0.,1.,0.));
#9709 = DIRECTION('',(0.707106781187,0.,0.707106781187));
#9710 = ORIENTED_EDGE('',*,*,#9711,.F.);
#9711 = EDGE_CURVE('',#9712,#9703,#9714,.T.);
#9712 = VERTEX_POINT('',#9713);
#9713 = CARTESIAN_POINT('',(-92.7,-18.,68.509893218813));
#9714 = LINE('',#9715,#9716);
#9715 = CARTESIAN_POINT('',(25.675,-18.,68.509893218813));
#9716 = VECTOR('',#9717,1.);
#9717 = DIRECTION('',(1.,0.,0.));
#9718 = ORIENTED_EDGE('',*,*,#9719,.F.);
#9719 = EDGE_CURVE('',#9720,#9712,#9722,.T.);
#9720 = VERTEX_POINT('',#9721);
#9721 = CARTESIAN_POINT('',(-100.9928932188,-18.,60.217));
#9722 = CIRCLE('',#9723,8.292893218813);
#9723 = AXIS2_PLACEMENT_3D('',#9724,#9725,#9726);
#9724 = CARTESIAN_POINT('',(-92.7,-18.,60.217));
#9725 = DIRECTION('',(0.,1.,-0.));
#9726 = DIRECTION('',(-0.707106781187,0.,0.707106781187));
#9727 = ORIENTED_EDGE('',*,*,#9728,.F.);
#9728 = EDGE_CURVE('',#9643,#9720,#9729,.T.);
#9729 = LINE('',#9730,#9731);
#9730 = CARTESIAN_POINT('',(-100.9928932188,-18.,21.085625));
#9731 = VECTOR('',#9732,1.);
#9732 = DIRECTION('',(2.711643282017E-16,0.,1.));
#9733 = ORIENTED_EDGE('',*,*,#9653,.F.);
#9734 = ORIENTED_EDGE('',*,*,#9513,.F.);
#9735 = ORIENTED_EDGE('',*,*,#9679,.F.);
#9736 = FACE_BOUND('',#9737,.T.);
#9737 = EDGE_LOOP('',(#9738));
#9738 = ORIENTED_EDGE('',*,*,#9739,.T.);
#9739 = EDGE_CURVE('',#9740,#9740,#9742,.T.);
#9740 = VERTEX_POINT('',#9741);
#9741 = CARTESIAN_POINT('',(-97.2,-18.,-50.8));
#9742 = CIRCLE('',#9743,4.5);
#9743 = AXIS2_PLACEMENT_3D('',#9744,#9745,#9746);
#9744 = CARTESIAN_POINT('',(-92.7,-18.,-50.8));
#9745 = DIRECTION('',(-0.,1.,0.));
#9746 = DIRECTION('',(1.,0.,0.));
#9747 = FACE_BOUND('',#9748,.T.);
#9748 = EDGE_LOOP('',(#9749));
#9749 = ORIENTED_EDGE('',*,*,#9750,.T.);
#9750 = EDGE_CURVE('',#9751,#9751,#9753,.T.);
#9751 = VERTEX_POINT('',#9752);
#9752 = CARTESIAN_POINT('',(88.2,-18.,-50.8));
#9753 = CIRCLE('',#9754,4.5);
#9754 = AXIS2_PLACEMENT_3D('',#9755,#9756,#9757);
#9755 = CARTESIAN_POINT('',(92.7,-18.,-50.8));
#9756 = DIRECTION('',(-0.,1.,0.));
#9757 = DIRECTION('',(1.,0.,0.));
#9758 = FACE_BOUND('',#9759,.T.);
#9759 = EDGE_LOOP('',(#9760,#9769,#9776,#9783,#9790,#9797,#9804,#9811,
    #9818,#9825,#9832,#9839,#9846,#9853,#9860,#9867,#9874,#9881));
#9760 = ORIENTED_EDGE('',*,*,#9761,.F.);
#9761 = EDGE_CURVE('',#9762,#9764,#9766,.T.);
#9762 = VERTEX_POINT('',#9763);
#9763 = CARTESIAN_POINT('',(35.462114014256,-18.,-14.18867514144));
#9764 = VERTEX_POINT('',#9765);
#9765 = CARTESIAN_POINT('',(35.462114014256,-18.,14.774714197518));
#9766 = B_SPLINE_CURVE_WITH_KNOTS('',1,(#9767,#9768),.UNSPECIFIED.,.F.,
  .F.,(2,2),(0.,102.626955),.PIECEWISE_BEZIER_KNOTS.);
#9767 = CARTESIAN_POINT('',(35.462114014256,-18.,-14.18867514144));
#9768 = CARTESIAN_POINT('',(35.462114014256,-18.,14.774714197518));
#9769 = ORIENTED_EDGE('',*,*,#9770,.F.);
#9770 = EDGE_CURVE('',#9771,#9762,#9773,.T.);
#9771 = VERTEX_POINT('',#9772);
#9772 = CARTESIAN_POINT('',(17.400027716426,-18.,3.873412567487));
#9773 = B_SPLINE_CURVE_WITH_KNOTS('',1,(#9774,#9775),.UNSPECIFIED.,.F.,
  .F.,(2,2),(0.,90.509671527412),.PIECEWISE_BEZIER_KNOTS.);
#9774 = CARTESIAN_POINT('',(17.400027716426,-18.,3.873412567487));
#9775 = CARTESIAN_POINT('',(35.462114014256,-18.,-14.18867514144));
#9776 = ORIENTED_EDGE('',*,*,#9777,.F.);
#9777 = EDGE_CURVE('',#9778,#9771,#9780,.T.);
#9778 = VERTEX_POINT('',#9779);
#9779 = CARTESIAN_POINT('',(17.400027716426,-18.,-14.18867514144));
#9780 = B_SPLINE_CURVE_WITH_KNOTS('',1,(#9781,#9782),.UNSPECIFIED.,.F.,
  .F.,(2,2),(0.,64.000005),.PIECEWISE_BEZIER_KNOTS.);
#9781 = CARTESIAN_POINT('',(17.400027716426,-18.,-14.18867514144));
#9782 = CARTESIAN_POINT('',(17.400027716426,-18.,3.873412567487));
#9783 = ORIENTED_EDGE('',*,*,#9784,.F.);
#9784 = EDGE_CURVE('',#9785,#9778,#9787,.T.);
#9785 = VERTEX_POINT('',#9786);
#9786 = CARTESIAN_POINT('',(-0.662058581404,-18.,3.873412567487));
#9787 = B_SPLINE_CURVE_WITH_KNOTS('',1,(#9788,#9789),.UNSPECIFIED.,.F.,
  .F.,(2,2),(0.,90.509671527412),.PIECEWISE_BEZIER_KNOTS.);
#9788 = CARTESIAN_POINT('',(-0.662058581404,-18.,3.873412567487));
#9789 = CARTESIAN_POINT('',(17.400027716426,-18.,-14.18867514144));
#9790 = ORIENTED_EDGE('',*,*,#9791,.F.);
#9791 = EDGE_CURVE('',#9792,#9785,#9794,.T.);
#9792 = VERTEX_POINT('',#9793);
#9793 = CARTESIAN_POINT('',(-0.662058581404,-18.,-14.18867514144));
#9794 = B_SPLINE_CURVE_WITH_KNOTS('',1,(#9795,#9796),.UNSPECIFIED.,.F.,
  .F.,(2,2),(0.,64.000005),.PIECEWISE_BEZIER_KNOTS.);
#9795 = CARTESIAN_POINT('',(-0.662058581404,-18.,-14.18867514144));
#9796 = CARTESIAN_POINT('',(-0.662058581404,-18.,3.873412567487));
#9797 = ORIENTED_EDGE('',*,*,#9798,.F.);
#9798 = EDGE_CURVE('',#9799,#9792,#9801,.T.);
#9799 = VERTEX_POINT('',#9800);
#9800 = CARTESIAN_POINT('',(-18.72414487923,-18.,3.873412567487));
#9801 = B_SPLINE_CURVE_WITH_KNOTS('',1,(#9802,#9803),.UNSPECIFIED.,.F.,
  .F.,(2,2),(0.,90.509671527412),.PIECEWISE_BEZIER_KNOTS.);
#9802 = CARTESIAN_POINT('',(-18.72414487923,-18.,3.873412567487));
#9803 = CARTESIAN_POINT('',(-0.662058581404,-18.,-14.18867514144));
#9804 = ORIENTED_EDGE('',*,*,#9805,.F.);
#9805 = EDGE_CURVE('',#9806,#9799,#9808,.T.);
#9806 = VERTEX_POINT('',#9807);
#9807 = CARTESIAN_POINT('',(-18.72414487923,-18.,-7.80289423921));
#9808 = B_SPLINE_CURVE_WITH_KNOTS('',1,(#9809,#9810),.UNSPECIFIED.,.F.,
  .F.,(2,2),(0.,41.373052),.PIECEWISE_BEZIER_KNOTS.);
#9809 = CARTESIAN_POINT('',(-18.72414487923,-18.,-7.80289423921));
#9810 = CARTESIAN_POINT('',(-18.72414487923,-18.,3.873412567487));
#9811 = ORIENTED_EDGE('',*,*,#9812,.F.);
#9812 = EDGE_CURVE('',#9813,#9806,#9815,.T.);
#9813 = VERTEX_POINT('',#9814);
#9814 = CARTESIAN_POINT('',(-41.30175275152,-18.,-7.80289423921));
#9815 = B_SPLINE_CURVE_WITH_KNOTS('',1,(#9816,#9817),.UNSPECIFIED.,.F.,
  .F.,(2,2),(0.,80.),.PIECEWISE_BEZIER_KNOTS.);
#9816 = CARTESIAN_POINT('',(-41.30175275152,-18.,-7.80289423921));
#9817 = CARTESIAN_POINT('',(-18.72414487923,-18.,-7.80289423921));
#9818 = ORIENTED_EDGE('',*,*,#9819,.F.);
#9819 = EDGE_CURVE('',#9820,#9813,#9822,.T.);
#9820 = VERTEX_POINT('',#9821);
#9821 = CARTESIAN_POINT('',(-41.30175275152,-18.,1.228149474145));
#9822 = B_SPLINE_CURVE_WITH_KNOTS('',1,(#9823,#9824),.UNSPECIFIED.,.F.,
  .F.,(2,2),(0.,32.000002),.PIECEWISE_BEZIER_KNOTS.);
#9823 = CARTESIAN_POINT('',(-41.30175275152,-18.,1.228149474145));
#9824 = CARTESIAN_POINT('',(-41.30175275152,-18.,-7.80289423921));
#9825 = ORIENTED_EDGE('',*,*,#9826,.F.);
#9826 = EDGE_CURVE('',#9827,#9820,#9829,.T.);
#9827 = VERTEX_POINT('',#9828);
#9828 = CARTESIAN_POINT('',(-27.75518802814,-18.,1.228149474145));
#9829 = B_SPLINE_CURVE_WITH_KNOTS('',1,(#9830,#9831),.UNSPECIFIED.,.F.,
  .F.,(2,2),(0.,48.),.PIECEWISE_BEZIER_KNOTS.);
#9830 = CARTESIAN_POINT('',(-27.75518802814,-18.,1.228149474145));
#9831 = CARTESIAN_POINT('',(-41.30175275152,-18.,1.228149474145));
#9832 = ORIENTED_EDGE('',*,*,#9833,.F.);
#9833 = EDGE_CURVE('',#9834,#9827,#9836,.T.);
#9834 = VERTEX_POINT('',#9835);
#9835 = CARTESIAN_POINT('',(-27.75518802814,-18.,25.67656615674));
#9836 = B_SPLINE_CURVE_WITH_KNOTS('',1,(#9837,#9838),.UNSPECIFIED.,.F.,
  .F.,(2,2),(0.,86.6289),.PIECEWISE_BEZIER_KNOTS.);
#9837 = CARTESIAN_POINT('',(-27.75518802814,-18.,25.67656615674));
#9838 = CARTESIAN_POINT('',(-27.75518802814,-18.,1.228149474145));
#9839 = ORIENTED_EDGE('',*,*,#9840,.F.);
#9840 = EDGE_CURVE('',#9841,#9834,#9843,.T.);
#9841 = VERTEX_POINT('',#9842);
#9842 = CARTESIAN_POINT('',(-9.693101730319,-18.,7.61447985891));
#9843 = B_SPLINE_CURVE_WITH_KNOTS('',1,(#9844,#9845),.UNSPECIFIED.,.F.,
  .F.,(2,2),(0.,90.509667991878),.PIECEWISE_BEZIER_KNOTS.);
#9844 = CARTESIAN_POINT('',(-9.693101730319,-18.,7.61447985891));
#9845 = CARTESIAN_POINT('',(-27.75518802814,-18.,25.67656615674));
#9846 = ORIENTED_EDGE('',*,*,#9847,.F.);
#9847 = EDGE_CURVE('',#9848,#9841,#9850,.T.);
#9848 = VERTEX_POINT('',#9849);
#9849 = CARTESIAN_POINT('',(-9.693101730319,-18.,25.67656615674));
#9850 = B_SPLINE_CURVE_WITH_KNOTS('',1,(#9851,#9852),.UNSPECIFIED.,.F.,
  .F.,(2,2),(0.,64.),.PIECEWISE_BEZIER_KNOTS.);
#9851 = CARTESIAN_POINT('',(-9.693101730319,-18.,25.67656615674));
#9852 = CARTESIAN_POINT('',(-9.693101730319,-18.,7.61447985891));
#9853 = ORIENTED_EDGE('',*,*,#9854,.F.);
#9854 = EDGE_CURVE('',#9855,#9848,#9857,.T.);
#9855 = VERTEX_POINT('',#9856);
#9856 = CARTESIAN_POINT('',(8.368984567511,-18.,7.61447985891));
#9857 = B_SPLINE_CURVE_WITH_KNOTS('',1,(#9858,#9859),.UNSPECIFIED.,.F.,
  .F.,(2,2),(0.,90.509667991878),.PIECEWISE_BEZIER_KNOTS.);
#9858 = CARTESIAN_POINT('',(8.368984567511,-18.,7.61447985891));
#9859 = CARTESIAN_POINT('',(-9.693101730319,-18.,25.67656615674));
#9860 = ORIENTED_EDGE('',*,*,#9861,.F.);
#9861 = EDGE_CURVE('',#9862,#9855,#9864,.T.);
#9862 = VERTEX_POINT('',#9863);
#9863 = CARTESIAN_POINT('',(8.368984567511,-18.,25.67656615674));
#9864 = B_SPLINE_CURVE_WITH_KNOTS('',1,(#9865,#9866),.UNSPECIFIED.,.F.,
  .F.,(2,2),(0.,64.),.PIECEWISE_BEZIER_KNOTS.);
#9865 = CARTESIAN_POINT('',(8.368984567511,-18.,25.67656615674));
#9866 = CARTESIAN_POINT('',(8.368984567511,-18.,7.61447985891));
#9867 = ORIENTED_EDGE('',*,*,#9868,.F.);
#9868 = EDGE_CURVE('',#9869,#9862,#9871,.T.);
#9869 = VERTEX_POINT('',#9870);
#9870 = CARTESIAN_POINT('',(26.431070865341,-18.,7.61447985891));
#9871 = B_SPLINE_CURVE_WITH_KNOTS('',1,(#9872,#9873),.UNSPECIFIED.,.F.,
  .F.,(2,2),(0.,90.509667991878),.PIECEWISE_BEZIER_KNOTS.);
#9872 = CARTESIAN_POINT('',(26.431070865341,-18.,7.61447985891));
#9873 = CARTESIAN_POINT('',(8.368984567511,-18.,25.67656615674));
#9874 = ORIENTED_EDGE('',*,*,#9875,.F.);
#9875 = EDGE_CURVE('',#9876,#9869,#9878,.T.);
#9876 = VERTEX_POINT('',#9877);
#9877 = CARTESIAN_POINT('',(26.431070865341,-18.,14.774714197518));
#9878 = B_SPLINE_CURVE_WITH_KNOTS('',1,(#9879,#9880),.UNSPECIFIED.,.F.,
  .F.,(2,2),(0.,25.3711),.PIECEWISE_BEZIER_KNOTS.);
#9879 = CARTESIAN_POINT('',(26.431070865341,-18.,14.774714197518));
#9880 = CARTESIAN_POINT('',(26.431070865341,-18.,7.61447985891));
#9881 = ORIENTED_EDGE('',*,*,#9882,.F.);
#9882 = EDGE_CURVE('',#9764,#9876,#9883,.T.);
#9883 = B_SPLINE_CURVE_WITH_KNOTS('',1,(#9884,#9885),.UNSPECIFIED.,.F.,
  .F.,(2,2),(0.,32.),.PIECEWISE_BEZIER_KNOTS.);
#9884 = CARTESIAN_POINT('',(35.462114014256,-18.,14.774714197518));
#9885 = CARTESIAN_POINT('',(26.431070865341,-18.,14.774714197518));
#9886 = FACE_BOUND('',#9887,.T.);
#9887 = EDGE_LOOP('',(#9888));
#9888 = ORIENTED_EDGE('',*,*,#9889,.T.);
#9889 = EDGE_CURVE('',#9890,#9890,#9892,.T.);
#9890 = VERTEX_POINT('',#9891);
#9891 = CARTESIAN_POINT('',(-97.2,-18.,60.217));
#9892 = CIRCLE('',#9893,4.5);
#9893 = AXIS2_PLACEMENT_3D('',#9894,#9895,#9896);
#9894 = CARTESIAN_POINT('',(-92.7,-18.,60.217));
#9895 = DIRECTION('',(-0.,1.,0.));
#9896 = DIRECTION('',(1.,0.,0.));
#9897 = FACE_BOUND('',#9898,.T.);
#9898 = EDGE_LOOP('',(#9899));
#9899 = ORIENTED_EDGE('',*,*,#9900,.T.);
#9900 = EDGE_CURVE('',#9901,#9901,#9903,.T.);
#9901 = VERTEX_POINT('',#9902);
#9902 = CARTESIAN_POINT('',(88.2,-18.,60.217));
#9903 = CIRCLE('',#9904,4.5);
#9904 = AXIS2_PLACEMENT_3D('',#9905,#9906,#9907);
#9905 = CARTESIAN_POINT('',(92.7,-18.,60.217));
#9906 = DIRECTION('',(-0.,1.,0.));
#9907 = DIRECTION('',(1.,0.,0.));
#9908 = PLANE('',#9909);
#9909 = AXIS2_PLACEMENT_3D('',#9910,#9911,#9912);
#9910 = CARTESIAN_POINT('',(5.329070518201E-14,-18.,4.7085));
#9911 = DIRECTION('',(0.,-1.,0.));
#9912 = DIRECTION('',(1.,0.,0.));
#9913 = ADVANCED_FACE('',(#9914),#9926,.T.);
#9914 = FACE_BOUND('',#9915,.T.);
#9915 = EDGE_LOOP('',(#9916,#9923,#9924,#9925));
#9916 = ORIENTED_EDGE('',*,*,#9917,.F.);
#9917 = EDGE_CURVE('',#9546,#9612,#9918,.T.);
#9918 = CIRCLE('',#9919,8.646446609407);
#9919 = AXIS2_PLACEMENT_3D('',#9920,#9921,#9922);
#9920 = CARTESIAN_POINT('',(92.7,-17.85355339059,60.217));
#9921 = DIRECTION('',(0.,-1.,0.));
#9922 = DIRECTION('',(0.707106781187,0.,0.707106781187));
#9923 = ORIENTED_EDGE('',*,*,#9555,.F.);
#9924 = ORIENTED_EDGE('',*,*,#9530,.F.);
#9925 = ORIENTED_EDGE('',*,*,#9621,.T.);
#9926 = CONICAL_SURFACE('',#9927,9.25,0.785398163397);
#9927 = AXIS2_PLACEMENT_3D('',#9928,#9929,#9930);
#9928 = CARTESIAN_POINT('',(92.7,-17.25,60.217));
#9929 = DIRECTION('',(0.,1.,0.));
#9930 = DIRECTION('',(0.707106781187,0.,0.707106781187));
#9931 = ADVANCED_FACE('',(#9932),#9944,.T.);
#9932 = FACE_BOUND('',#9933,.T.);
#9933 = EDGE_LOOP('',(#9934,#9941,#9942,#9943));
#9934 = ORIENTED_EDGE('',*,*,#9935,.T.);
#9935 = EDGE_CURVE('',#9546,#9695,#9936,.T.);
#9936 = CIRCLE('',#9937,0.5);
#9937 = AXIS2_PLACEMENT_3D('',#9938,#9939,#9940);
#9938 = CARTESIAN_POINT('',(100.99289321881,-17.5,60.217));
#9939 = DIRECTION('',(0.,0.,-1.));
#9940 = DIRECTION('',(0.707106781187,-0.707106781187,0.));
#9941 = ORIENTED_EDGE('',*,*,#9694,.T.);
#9942 = ORIENTED_EDGE('',*,*,#9670,.T.);
#9943 = ORIENTED_EDGE('',*,*,#9545,.T.);
#9944 = CYLINDRICAL_SURFACE('',#9945,0.5);
#9945 = AXIS2_PLACEMENT_3D('',#9946,#9947,#9948);
#9946 = CARTESIAN_POINT('',(100.99289321881,-17.5,-11.668625));
#9947 = DIRECTION('',(-8.134929846052E-16,0.,-1.));
#9948 = DIRECTION('',(0.382683432365,-0.923879532511,-3.113102875536E-16
    ));
#9949 = ADVANCED_FACE('',(#9950),#9962,.T.);
#9950 = FACE_BOUND('',#9951,.T.);
#9951 = EDGE_LOOP('',(#9952,#9959,#9960,#9961));
#9952 = ORIENTED_EDGE('',*,*,#9953,.F.);
#9953 = EDGE_CURVE('',#9614,#9588,#9954,.T.);
#9954 = CIRCLE('',#9955,8.646446609407);
#9955 = AXIS2_PLACEMENT_3D('',#9956,#9957,#9958);
#9956 = CARTESIAN_POINT('',(-92.7,-17.85355339059,60.217));
#9957 = DIRECTION('',(0.,-1.,0.));
#9958 = DIRECTION('',(-0.707106781187,0.,0.707106781187));
#9959 = ORIENTED_EDGE('',*,*,#9628,.F.);
#9960 = ORIENTED_EDGE('',*,*,#9572,.F.);
#9961 = ORIENTED_EDGE('',*,*,#9595,.T.);
#9962 = CONICAL_SURFACE('',#9963,9.25,0.785398163397);
#9963 = AXIS2_PLACEMENT_3D('',#9964,#9965,#9966);
#9964 = CARTESIAN_POINT('',(-92.7,-17.25,60.217));
#9965 = DIRECTION('',(0.,1.,0.));
#9966 = DIRECTION('',(-0.707106781187,0.,0.707106781187));
#9967 = ADVANCED_FACE('',(#9968),#9980,.T.);
#9968 = FACE_BOUND('',#9969,.T.);
#9969 = EDGE_LOOP('',(#9970,#9977,#9978,#9979));
#9970 = ORIENTED_EDGE('',*,*,#9971,.T.);
#9971 = EDGE_CURVE('',#9720,#9588,#9972,.T.);
#9972 = CIRCLE('',#9973,0.5);
#9973 = AXIS2_PLACEMENT_3D('',#9974,#9975,#9976);
#9974 = CARTESIAN_POINT('',(-100.9928932188,-17.5,60.217));
#9975 = DIRECTION('',(0.,0.,-1.));
#9976 = DIRECTION('',(0.,-1.,0.));
#9977 = ORIENTED_EDGE('',*,*,#9587,.T.);
#9978 = ORIENTED_EDGE('',*,*,#9642,.F.);
#9979 = ORIENTED_EDGE('',*,*,#9728,.T.);
#9980 = CYLINDRICAL_SURFACE('',#9981,0.5);
#9981 = AXIS2_PLACEMENT_3D('',#9982,#9983,#9984);
#9982 = CARTESIAN_POINT('',(-100.9928932188,-17.5,21.085625));
#9983 = DIRECTION('',(2.711643282017E-16,0.,1.));
#9984 = DIRECTION('',(-0.382683432365,-0.923879532511,1.037700958512E-16
    ));
#9985 = ADVANCED_FACE('',(#9986),#10004,.T.);
#9986 = FACE_BOUND('',#9987,.T.);
#9987 = EDGE_LOOP('',(#9988,#9995,#9996,#10003));
#9988 = ORIENTED_EDGE('',*,*,#9989,.T.);
#9989 = EDGE_CURVE('',#9703,#9612,#9990,.T.);
#9990 = CIRCLE('',#9991,0.5);
#9991 = AXIS2_PLACEMENT_3D('',#9992,#9993,#9994);
#9992 = CARTESIAN_POINT('',(92.7,-17.5,68.509893218813));
#9993 = DIRECTION('',(-1.,0.,0.));
#9994 = DIRECTION('',(0.,-1.,0.));
#9995 = ORIENTED_EDGE('',*,*,#9611,.T.);
#9996 = ORIENTED_EDGE('',*,*,#9997,.F.);
#9997 = EDGE_CURVE('',#9712,#9614,#9998,.T.);
#9998 = CIRCLE('',#9999,0.5);
#9999 = AXIS2_PLACEMENT_3D('',#10000,#10001,#10002);
#10000 = CARTESIAN_POINT('',(-92.7,-17.5,68.509893218813));
#10001 = DIRECTION('',(-1.,0.,0.));
#10002 = DIRECTION('',(0.,-1.,0.));
#10003 = ORIENTED_EDGE('',*,*,#9711,.T.);
#10004 = CYLINDRICAL_SURFACE('',#10005,0.5);
#10005 = AXIS2_PLACEMENT_3D('',#10006,#10007,#10008);
#10006 = CARTESIAN_POINT('',(25.675,-17.5,68.509893218813));
#10007 = DIRECTION('',(1.,0.,0.));
#10008 = DIRECTION('',(0.,-0.923879532511,0.382683432365));
#10009 = ADVANCED_FACE('',(#10010),#10016,.T.);
#10010 = FACE_BOUND('',#10011,.T.);
#10011 = EDGE_LOOP('',(#10012,#10013,#10014,#10015));
#10012 = ORIENTED_EDGE('',*,*,#9935,.F.);
#10013 = ORIENTED_EDGE('',*,*,#9917,.T.);
#10014 = ORIENTED_EDGE('',*,*,#9989,.F.);
#10015 = ORIENTED_EDGE('',*,*,#9702,.T.);
#10016 = TOROIDAL_SURFACE('',#10017,8.292893218813,0.5);
#10017 = AXIS2_PLACEMENT_3D('',#10018,#10019,#10020);
#10018 = CARTESIAN_POINT('',(92.7,-17.5,60.217));
#10019 = DIRECTION('',(0.,1.,0.));
#10020 = DIRECTION('',(0.,0.,1.));
#10021 = ADVANCED_FACE('',(#10022),#10028,.T.);
#10022 = FACE_BOUND('',#10023,.T.);
#10023 = EDGE_LOOP('',(#10024,#10025,#10026,#10027));
#10024 = ORIENTED_EDGE('',*,*,#9997,.T.);
#10025 = ORIENTED_EDGE('',*,*,#9953,.T.);
#10026 = ORIENTED_EDGE('',*,*,#9971,.F.);
#10027 = ORIENTED_EDGE('',*,*,#9719,.T.);
#10028 = TOROIDAL_SURFACE('',#10029,8.292893218813,0.5);
#10029 = AXIS2_PLACEMENT_3D('',#10030,#10031,#10032);
#10030 = CARTESIAN_POINT('',(-92.7,-17.5,60.217));
#10031 = DIRECTION('',(0.,1.,0.));
#10032 = DIRECTION('',(0.,0.,1.));
#10033 = ADVANCED_FACE('',(#10034),#10053,.F.);
#10034 = FACE_BOUND('',#10035,.F.);
#10035 = EDGE_LOOP('',(#10036,#10044,#10051,#10052));
#10036 = ORIENTED_EDGE('',*,*,#10037,.T.);
#10037 = EDGE_CURVE('',#9740,#10038,#10040,.T.);
#10038 = VERTEX_POINT('',#10039);
#10039 = CARTESIAN_POINT('',(-97.2,-17.5,-50.8));
#10040 = LINE('',#10041,#10042);
#10041 = CARTESIAN_POINT('',(-97.2,-18.,-50.8));
#10042 = VECTOR('',#10043,1.);
#10043 = DIRECTION('',(0.,1.,0.));
#10044 = ORIENTED_EDGE('',*,*,#10045,.F.);
#10045 = EDGE_CURVE('',#10038,#10038,#10046,.T.);
#10046 = CIRCLE('',#10047,4.5);
#10047 = AXIS2_PLACEMENT_3D('',#10048,#10049,#10050);
#10048 = CARTESIAN_POINT('',(-92.7,-17.5,-50.8));
#10049 = DIRECTION('',(-0.,1.,0.));
#10050 = DIRECTION('',(1.,0.,0.));
#10051 = ORIENTED_EDGE('',*,*,#10037,.F.);
#10052 = ORIENTED_EDGE('',*,*,#9739,.T.);
#10053 = CYLINDRICAL_SURFACE('',#10054,4.5);
#10054 = AXIS2_PLACEMENT_3D('',#10055,#10056,#10057);
#10055 = CARTESIAN_POINT('',(-92.7,-18.,-50.8));
#10056 = DIRECTION('',(0.,1.,0.));
#10057 = DIRECTION('',(1.,0.,0.));
#10058 = ADVANCED_FACE('',(#10059),#10078,.F.);
#10059 = FACE_BOUND('',#10060,.F.);
#10060 = EDGE_LOOP('',(#10061,#10069,#10076,#10077));
#10061 = ORIENTED_EDGE('',*,*,#10062,.T.);
#10062 = EDGE_CURVE('',#9751,#10063,#10065,.T.);
#10063 = VERTEX_POINT('',#10064);
#10064 = CARTESIAN_POINT('',(88.2,-17.5,-50.8));
#10065 = LINE('',#10066,#10067);
#10066 = CARTESIAN_POINT('',(88.2,-18.,-50.8));
#10067 = VECTOR('',#10068,1.);
#10068 = DIRECTION('',(0.,1.,0.));
#10069 = ORIENTED_EDGE('',*,*,#10070,.F.);
#10070 = EDGE_CURVE('',#10063,#10063,#10071,.T.);
#10071 = CIRCLE('',#10072,4.5);
#10072 = AXIS2_PLACEMENT_3D('',#10073,#10074,#10075);
#10073 = CARTESIAN_POINT('',(92.7,-17.5,-50.8));
#10074 = DIRECTION('',(-0.,1.,0.));
#10075 = DIRECTION('',(1.,0.,0.));
#10076 = ORIENTED_EDGE('',*,*,#10062,.F.);
#10077 = ORIENTED_EDGE('',*,*,#9750,.T.);
#10078 = CYLINDRICAL_SURFACE('',#10079,4.5);
#10079 = AXIS2_PLACEMENT_3D('',#10080,#10081,#10082);
#10080 = CARTESIAN_POINT('',(92.7,-18.,-50.8));
#10081 = DIRECTION('',(0.,1.,0.));
#10082 = DIRECTION('',(1.,0.,0.));
#10083 = ADVANCED_FACE('',(#10084),#10108,.F.);
#10084 = FACE_BOUND('',#10085,.F.);
#10085 = EDGE_LOOP('',(#10086,#10094,#10101,#10107));
#10086 = ORIENTED_EDGE('',*,*,#10087,.T.);
#10087 = EDGE_CURVE('',#9762,#10088,#10090,.T.);
#10088 = VERTEX_POINT('',#10089);
#10089 = CARTESIAN_POINT('',(35.462114014256,-17.6,-14.18867514144));
#10090 = LINE('',#10091,#10092);
#10091 = CARTESIAN_POINT('',(35.462114014256,-18.,-14.18867514144));
#10092 = VECTOR('',#10093,1.);
#10093 = DIRECTION('',(0.,1.,-1.996734617543E-16));
#10094 = ORIENTED_EDGE('',*,*,#10095,.T.);
#10095 = EDGE_CURVE('',#10088,#10096,#10098,.T.);
#10096 = VERTEX_POINT('',#10097);
#10097 = CARTESIAN_POINT('',(35.462114014256,-17.6,14.774714197518));
#10098 = B_SPLINE_CURVE_WITH_KNOTS('',1,(#10099,#10100),.UNSPECIFIED.,
  .F.,.F.,(2,2),(0.,102.626955),.PIECEWISE_BEZIER_KNOTS.);
#10099 = CARTESIAN_POINT('',(35.462114014256,-17.6,-14.18867514144));
#10100 = CARTESIAN_POINT('',(35.462114014256,-17.6,14.774714197518));
#10101 = ORIENTED_EDGE('',*,*,#10102,.F.);
#10102 = EDGE_CURVE('',#9764,#10096,#10103,.T.);
#10103 = LINE('',#10104,#10105);
#10104 = CARTESIAN_POINT('',(35.462114014256,-18.,14.774714197518));
#10105 = VECTOR('',#10106,1.);
#10106 = DIRECTION('',(0.,1.,-1.996734617543E-16));
#10107 = ORIENTED_EDGE('',*,*,#9761,.F.);
#10108 = SURFACE_OF_LINEAR_EXTRUSION('',#10109,#10112);
#10109 = B_SPLINE_CURVE_WITH_KNOTS('',1,(#10110,#10111),.UNSPECIFIED.,
  .F.,.F.,(2,2),(0.,102.626955),.PIECEWISE_BEZIER_KNOTS.);
#10110 = CARTESIAN_POINT('',(35.462114014256,-18.,-14.18867514144));
#10111 = CARTESIAN_POINT('',(35.462114014256,-18.,14.774714197518));
#10112 = VECTOR('',#10113,1.);
#10113 = DIRECTION('',(0.,-1.,1.996734617543E-16));
#10114 = ADVANCED_FACE('',(#10115),#10132,.F.);
#10115 = FACE_BOUND('',#10116,.F.);
#10116 = EDGE_LOOP('',(#10117,#10118,#10125,#10131));
#10117 = ORIENTED_EDGE('',*,*,#10102,.T.);
#10118 = ORIENTED_EDGE('',*,*,#10119,.T.);
#10119 = EDGE_CURVE('',#10096,#10120,#10122,.T.);
#10120 = VERTEX_POINT('',#10121);
#10121 = CARTESIAN_POINT('',(26.431070865341,-17.6,14.774714197518));
#10122 = B_SPLINE_CURVE_WITH_KNOTS('',1,(#10123,#10124),.UNSPECIFIED.,
  .F.,.F.,(2,2),(0.,32.),.PIECEWISE_BEZIER_KNOTS.);
#10123 = CARTESIAN_POINT('',(35.462114014256,-17.6,14.774714197518));
#10124 = CARTESIAN_POINT('',(26.431070865341,-17.6,14.774714197518));
#10125 = ORIENTED_EDGE('',*,*,#10126,.F.);
#10126 = EDGE_CURVE('',#9876,#10120,#10127,.T.);
#10127 = LINE('',#10128,#10129);
#10128 = CARTESIAN_POINT('',(26.431070865341,-18.,14.774714197518));
#10129 = VECTOR('',#10130,1.);
#10130 = DIRECTION('',(0.,1.,-1.996734617543E-16));
#10131 = ORIENTED_EDGE('',*,*,#9882,.F.);
#10132 = SURFACE_OF_LINEAR_EXTRUSION('',#10133,#10136);
#10133 = B_SPLINE_CURVE_WITH_KNOTS('',1,(#10134,#10135),.UNSPECIFIED.,
  .F.,.F.,(2,2),(0.,32.),.PIECEWISE_BEZIER_KNOTS.);
#10134 = CARTESIAN_POINT('',(35.462114014256,-18.,14.774714197518));
#10135 = CARTESIAN_POINT('',(26.431070865341,-18.,14.774714197518));
#10136 = VECTOR('',#10137,1.);
#10137 = DIRECTION('',(0.,-1.,1.996734617543E-16));
#10138 = ADVANCED_FACE('',(#10139),#10156,.F.);
#10139 = FACE_BOUND('',#10140,.F.);
#10140 = EDGE_LOOP('',(#10141,#10142,#10149,#10155));
#10141 = ORIENTED_EDGE('',*,*,#10126,.T.);
#10142 = ORIENTED_EDGE('',*,*,#10143,.T.);
#10143 = EDGE_CURVE('',#10120,#10144,#10146,.T.);
#10144 = VERTEX_POINT('',#10145);
#10145 = CARTESIAN_POINT('',(26.431070865341,-17.6,7.61447985891));
#10146 = B_SPLINE_CURVE_WITH_KNOTS('',1,(#10147,#10148),.UNSPECIFIED.,
  .F.,.F.,(2,2),(0.,25.3711),.PIECEWISE_BEZIER_KNOTS.);
#10147 = CARTESIAN_POINT('',(26.431070865341,-17.6,14.774714197518));
#10148 = CARTESIAN_POINT('',(26.431070865341,-17.6,7.61447985891));
#10149 = ORIENTED_EDGE('',*,*,#10150,.F.);
#10150 = EDGE_CURVE('',#9869,#10144,#10151,.T.);
#10151 = LINE('',#10152,#10153);
#10152 = CARTESIAN_POINT('',(26.431070865341,-18.,7.61447985891));
#10153 = VECTOR('',#10154,1.);
#10154 = DIRECTION('',(0.,1.,-1.996734617543E-16));
#10155 = ORIENTED_EDGE('',*,*,#9875,.F.);
#10156 = SURFACE_OF_LINEAR_EXTRUSION('',#10157,#10160);
#10157 = B_SPLINE_CURVE_WITH_KNOTS('',1,(#10158,#10159),.UNSPECIFIED.,
  .F.,.F.,(2,2),(0.,25.3711),.PIECEWISE_BEZIER_KNOTS.);
#10158 = CARTESIAN_POINT('',(26.431070865341,-18.,14.774714197518));
#10159 = CARTESIAN_POINT('',(26.431070865341,-18.,7.61447985891));
#10160 = VECTOR('',#10161,1.);
#10161 = DIRECTION('',(0.,-1.,1.996734617543E-16));
#10162 = ADVANCED_FACE('',(#10163),#10180,.F.);
#10163 = FACE_BOUND('',#10164,.F.);
#10164 = EDGE_LOOP('',(#10165,#10166,#10173,#10179));
#10165 = ORIENTED_EDGE('',*,*,#10150,.T.);
#10166 = ORIENTED_EDGE('',*,*,#10167,.T.);
#10167 = EDGE_CURVE('',#10144,#10168,#10170,.T.);
#10168 = VERTEX_POINT('',#10169);
#10169 = CARTESIAN_POINT('',(8.368984567511,-17.6,25.67656615674));
#10170 = B_SPLINE_CURVE_WITH_KNOTS('',1,(#10171,#10172),.UNSPECIFIED.,
  .F.,.F.,(2,2),(0.,90.509667991878),.PIECEWISE_BEZIER_KNOTS.);
#10171 = CARTESIAN_POINT('',(26.431070865341,-17.6,7.61447985891));
#10172 = CARTESIAN_POINT('',(8.368984567511,-17.6,25.67656615674));
#10173 = ORIENTED_EDGE('',*,*,#10174,.F.);
#10174 = EDGE_CURVE('',#9862,#10168,#10175,.T.);
#10175 = LINE('',#10176,#10177);
#10176 = CARTESIAN_POINT('',(8.368984567511,-18.,25.67656615674));
#10177 = VECTOR('',#10178,1.);
#10178 = DIRECTION('',(0.,1.,-1.996734617543E-16));
#10179 = ORIENTED_EDGE('',*,*,#9868,.F.);
#10180 = SURFACE_OF_LINEAR_EXTRUSION('',#10181,#10184);
#10181 = B_SPLINE_CURVE_WITH_KNOTS('',1,(#10182,#10183),.UNSPECIFIED.,
  .F.,.F.,(2,2),(0.,90.509667991878),.PIECEWISE_BEZIER_KNOTS.);
#10182 = CARTESIAN_POINT('',(26.431070865341,-18.,7.61447985891));
#10183 = CARTESIAN_POINT('',(8.368984567511,-18.,25.67656615674));
#10184 = VECTOR('',#10185,1.);
#10185 = DIRECTION('',(0.,-1.,1.996734617543E-16));
#10186 = ADVANCED_FACE('',(#10187),#10204,.F.);
#10187 = FACE_BOUND('',#10188,.F.);
#10188 = EDGE_LOOP('',(#10189,#10190,#10197,#10203));
#10189 = ORIENTED_EDGE('',*,*,#10174,.T.);
#10190 = ORIENTED_EDGE('',*,*,#10191,.T.);
#10191 = EDGE_CURVE('',#10168,#10192,#10194,.T.);
#10192 = VERTEX_POINT('',#10193);
#10193 = CARTESIAN_POINT('',(8.368984567511,-17.6,7.61447985891));
#10194 = B_SPLINE_CURVE_WITH_KNOTS('',1,(#10195,#10196),.UNSPECIFIED.,
  .F.,.F.,(2,2),(0.,64.),.PIECEWISE_BEZIER_KNOTS.);
#10195 = CARTESIAN_POINT('',(8.368984567511,-17.6,25.67656615674));
#10196 = CARTESIAN_POINT('',(8.368984567511,-17.6,7.61447985891));
#10197 = ORIENTED_EDGE('',*,*,#10198,.F.);
#10198 = EDGE_CURVE('',#9855,#10192,#10199,.T.);
#10199 = LINE('',#10200,#10201);
#10200 = CARTESIAN_POINT('',(8.368984567511,-18.,7.61447985891));
#10201 = VECTOR('',#10202,1.);
#10202 = DIRECTION('',(0.,1.,-1.996734617543E-16));
#10203 = ORIENTED_EDGE('',*,*,#9861,.F.);
#10204 = SURFACE_OF_LINEAR_EXTRUSION('',#10205,#10208);
#10205 = B_SPLINE_CURVE_WITH_KNOTS('',1,(#10206,#10207),.UNSPECIFIED.,
  .F.,.F.,(2,2),(0.,64.),.PIECEWISE_BEZIER_KNOTS.);
#10206 = CARTESIAN_POINT('',(8.368984567511,-18.,25.67656615674));
#10207 = CARTESIAN_POINT('',(8.368984567511,-18.,7.61447985891));
#10208 = VECTOR('',#10209,1.);
#10209 = DIRECTION('',(0.,-1.,1.996734617543E-16));
#10210 = ADVANCED_FACE('',(#10211),#10228,.F.);
#10211 = FACE_BOUND('',#10212,.F.);
#10212 = EDGE_LOOP('',(#10213,#10214,#10221,#10227));
#10213 = ORIENTED_EDGE('',*,*,#10198,.T.);
#10214 = ORIENTED_EDGE('',*,*,#10215,.T.);
#10215 = EDGE_CURVE('',#10192,#10216,#10218,.T.);
#10216 = VERTEX_POINT('',#10217);
#10217 = CARTESIAN_POINT('',(-9.693101730319,-17.6,25.67656615674));
#10218 = B_SPLINE_CURVE_WITH_KNOTS('',1,(#10219,#10220),.UNSPECIFIED.,
  .F.,.F.,(2,2),(0.,90.509667991878),.PIECEWISE_BEZIER_KNOTS.);
#10219 = CARTESIAN_POINT('',(8.368984567511,-17.6,7.61447985891));
#10220 = CARTESIAN_POINT('',(-9.693101730319,-17.6,25.67656615674));
#10221 = ORIENTED_EDGE('',*,*,#10222,.F.);
#10222 = EDGE_CURVE('',#9848,#10216,#10223,.T.);
#10223 = LINE('',#10224,#10225);
#10224 = CARTESIAN_POINT('',(-9.693101730319,-18.,25.67656615674));
#10225 = VECTOR('',#10226,1.);
#10226 = DIRECTION('',(0.,1.,-1.996734617543E-16));
#10227 = ORIENTED_EDGE('',*,*,#9854,.F.);
#10228 = SURFACE_OF_LINEAR_EXTRUSION('',#10229,#10232);
#10229 = B_SPLINE_CURVE_WITH_KNOTS('',1,(#10230,#10231),.UNSPECIFIED.,
  .F.,.F.,(2,2),(0.,90.509667991878),.PIECEWISE_BEZIER_KNOTS.);
#10230 = CARTESIAN_POINT('',(8.368984567511,-18.,7.61447985891));
#10231 = CARTESIAN_POINT('',(-9.693101730319,-18.,25.67656615674));
#10232 = VECTOR('',#10233,1.);
#10233 = DIRECTION('',(0.,-1.,1.996734617543E-16));
#10234 = ADVANCED_FACE('',(#10235),#10252,.F.);
#10235 = FACE_BOUND('',#10236,.F.);
#10236 = EDGE_LOOP('',(#10237,#10238,#10245,#10251));
#10237 = ORIENTED_EDGE('',*,*,#10222,.T.);
#10238 = ORIENTED_EDGE('',*,*,#10239,.T.);
#10239 = EDGE_CURVE('',#10216,#10240,#10242,.T.);
#10240 = VERTEX_POINT('',#10241);
#10241 = CARTESIAN_POINT('',(-9.693101730319,-17.6,7.61447985891));
#10242 = B_SPLINE_CURVE_WITH_KNOTS('',1,(#10243,#10244),.UNSPECIFIED.,
  .F.,.F.,(2,2),(0.,64.),.PIECEWISE_BEZIER_KNOTS.);
#10243 = CARTESIAN_POINT('',(-9.693101730319,-17.6,25.67656615674));
#10244 = CARTESIAN_POINT('',(-9.693101730319,-17.6,7.61447985891));
#10245 = ORIENTED_EDGE('',*,*,#10246,.F.);
#10246 = EDGE_CURVE('',#9841,#10240,#10247,.T.);
#10247 = LINE('',#10248,#10249);
#10248 = CARTESIAN_POINT('',(-9.693101730319,-18.,7.61447985891));
#10249 = VECTOR('',#10250,1.);
#10250 = DIRECTION('',(0.,1.,-1.996734617543E-16));
#10251 = ORIENTED_EDGE('',*,*,#9847,.F.);
#10252 = SURFACE_OF_LINEAR_EXTRUSION('',#10253,#10256);
#10253 = B_SPLINE_CURVE_WITH_KNOTS('',1,(#10254,#10255),.UNSPECIFIED.,
  .F.,.F.,(2,2),(0.,64.),.PIECEWISE_BEZIER_KNOTS.);
#10254 = CARTESIAN_POINT('',(-9.693101730319,-18.,25.67656615674));
#10255 = CARTESIAN_POINT('',(-9.693101730319,-18.,7.61447985891));
#10256 = VECTOR('',#10257,1.);
#10257 = DIRECTION('',(0.,-1.,1.996734617543E-16));
#10258 = ADVANCED_FACE('',(#10259),#10276,.F.);
#10259 = FACE_BOUND('',#10260,.F.);
#10260 = EDGE_LOOP('',(#10261,#10262,#10269,#10275));
#10261 = ORIENTED_EDGE('',*,*,#10246,.T.);
#10262 = ORIENTED_EDGE('',*,*,#10263,.T.);
#10263 = EDGE_CURVE('',#10240,#10264,#10266,.T.);
#10264 = VERTEX_POINT('',#10265);
#10265 = CARTESIAN_POINT('',(-27.75518802814,-17.6,25.67656615674));
#10266 = B_SPLINE_CURVE_WITH_KNOTS('',1,(#10267,#10268),.UNSPECIFIED.,
  .F.,.F.,(2,2),(0.,90.509667991878),.PIECEWISE_BEZIER_KNOTS.);
#10267 = CARTESIAN_POINT('',(-9.693101730319,-17.6,7.61447985891));
#10268 = CARTESIAN_POINT('',(-27.75518802814,-17.6,25.67656615674));
#10269 = ORIENTED_EDGE('',*,*,#10270,.F.);
#10270 = EDGE_CURVE('',#9834,#10264,#10271,.T.);
#10271 = LINE('',#10272,#10273);
#10272 = CARTESIAN_POINT('',(-27.75518802814,-18.,25.67656615674));
#10273 = VECTOR('',#10274,1.);
#10274 = DIRECTION('',(0.,1.,-1.996734617543E-16));
#10275 = ORIENTED_EDGE('',*,*,#9840,.F.);
#10276 = SURFACE_OF_LINEAR_EXTRUSION('',#10277,#10280);
#10277 = B_SPLINE_CURVE_WITH_KNOTS('',1,(#10278,#10279),.UNSPECIFIED.,
  .F.,.F.,(2,2),(0.,90.509667991878),.PIECEWISE_BEZIER_KNOTS.);
#10278 = CARTESIAN_POINT('',(-9.693101730319,-18.,7.61447985891));
#10279 = CARTESIAN_POINT('',(-27.75518802814,-18.,25.67656615674));
#10280 = VECTOR('',#10281,1.);
#10281 = DIRECTION('',(0.,-1.,1.996734617543E-16));
#10282 = ADVANCED_FACE('',(#10283),#10300,.F.);
#10283 = FACE_BOUND('',#10284,.F.);
#10284 = EDGE_LOOP('',(#10285,#10286,#10293,#10299));
#10285 = ORIENTED_EDGE('',*,*,#10270,.T.);
#10286 = ORIENTED_EDGE('',*,*,#10287,.T.);
#10287 = EDGE_CURVE('',#10264,#10288,#10290,.T.);
#10288 = VERTEX_POINT('',#10289);
#10289 = CARTESIAN_POINT('',(-27.75518802814,-17.6,1.228149474145));
#10290 = B_SPLINE_CURVE_WITH_KNOTS('',1,(#10291,#10292),.UNSPECIFIED.,
  .F.,.F.,(2,2),(0.,86.6289),.PIECEWISE_BEZIER_KNOTS.);
#10291 = CARTESIAN_POINT('',(-27.75518802814,-17.6,25.67656615674));
#10292 = CARTESIAN_POINT('',(-27.75518802814,-17.6,1.228149474145));
#10293 = ORIENTED_EDGE('',*,*,#10294,.F.);
#10294 = EDGE_CURVE('',#9827,#10288,#10295,.T.);
#10295 = LINE('',#10296,#10297);
#10296 = CARTESIAN_POINT('',(-27.75518802814,-18.,1.228149474145));
#10297 = VECTOR('',#10298,1.);
#10298 = DIRECTION('',(0.,1.,-1.996734617543E-16));
#10299 = ORIENTED_EDGE('',*,*,#9833,.F.);
#10300 = SURFACE_OF_LINEAR_EXTRUSION('',#10301,#10304);
#10301 = B_SPLINE_CURVE_WITH_KNOTS('',1,(#10302,#10303),.UNSPECIFIED.,
  .F.,.F.,(2,2),(0.,86.6289),.PIECEWISE_BEZIER_KNOTS.);
#10302 = CARTESIAN_POINT('',(-27.75518802814,-18.,25.67656615674));
#10303 = CARTESIAN_POINT('',(-27.75518802814,-18.,1.228149474145));
#10304 = VECTOR('',#10305,1.);
#10305 = DIRECTION('',(0.,-1.,1.996734617543E-16));
#10306 = ADVANCED_FACE('',(#10307),#10324,.F.);
#10307 = FACE_BOUND('',#10308,.F.);
#10308 = EDGE_LOOP('',(#10309,#10310,#10317,#10323));
#10309 = ORIENTED_EDGE('',*,*,#10294,.T.);
#10310 = ORIENTED_EDGE('',*,*,#10311,.T.);
#10311 = EDGE_CURVE('',#10288,#10312,#10314,.T.);
#10312 = VERTEX_POINT('',#10313);
#10313 = CARTESIAN_POINT('',(-41.30175275152,-17.6,1.228149474145));
#10314 = B_SPLINE_CURVE_WITH_KNOTS('',1,(#10315,#10316),.UNSPECIFIED.,
  .F.,.F.,(2,2),(0.,48.),.PIECEWISE_BEZIER_KNOTS.);
#10315 = CARTESIAN_POINT('',(-27.75518802814,-17.6,1.228149474145));
#10316 = CARTESIAN_POINT('',(-41.30175275152,-17.6,1.228149474145));
#10317 = ORIENTED_EDGE('',*,*,#10318,.F.);
#10318 = EDGE_CURVE('',#9820,#10312,#10319,.T.);
#10319 = LINE('',#10320,#10321);
#10320 = CARTESIAN_POINT('',(-41.30175275152,-18.,1.228149474145));
#10321 = VECTOR('',#10322,1.);
#10322 = DIRECTION('',(0.,1.,-1.996734617543E-16));
#10323 = ORIENTED_EDGE('',*,*,#9826,.F.);
#10324 = SURFACE_OF_LINEAR_EXTRUSION('',#10325,#10328);
#10325 = B_SPLINE_CURVE_WITH_KNOTS('',1,(#10326,#10327),.UNSPECIFIED.,
  .F.,.F.,(2,2),(0.,48.),.PIECEWISE_BEZIER_KNOTS.);
#10326 = CARTESIAN_POINT('',(-27.75518802814,-18.,1.228149474145));
#10327 = CARTESIAN_POINT('',(-41.30175275152,-18.,1.228149474145));
#10328 = VECTOR('',#10329,1.);
#10329 = DIRECTION('',(0.,-1.,1.996734617543E-16));
#10330 = ADVANCED_FACE('',(#10331),#10348,.F.);
#10331 = FACE_BOUND('',#10332,.F.);
#10332 = EDGE_LOOP('',(#10333,#10334,#10341,#10347));
#10333 = ORIENTED_EDGE('',*,*,#10318,.T.);
#10334 = ORIENTED_EDGE('',*,*,#10335,.T.);
#10335 = EDGE_CURVE('',#10312,#10336,#10338,.T.);
#10336 = VERTEX_POINT('',#10337);
#10337 = CARTESIAN_POINT('',(-41.30175275152,-17.6,-7.80289423921));
#10338 = B_SPLINE_CURVE_WITH_KNOTS('',1,(#10339,#10340),.UNSPECIFIED.,
  .F.,.F.,(2,2),(0.,32.000002),.PIECEWISE_BEZIER_KNOTS.);
#10339 = CARTESIAN_POINT('',(-41.30175275152,-17.6,1.228149474145));
#10340 = CARTESIAN_POINT('',(-41.30175275152,-17.6,-7.80289423921));
#10341 = ORIENTED_EDGE('',*,*,#10342,.F.);
#10342 = EDGE_CURVE('',#9813,#10336,#10343,.T.);
#10343 = LINE('',#10344,#10345);
#10344 = CARTESIAN_POINT('',(-41.30175275152,-18.,-7.80289423921));
#10345 = VECTOR('',#10346,1.);
#10346 = DIRECTION('',(0.,1.,-1.996734617543E-16));
#10347 = ORIENTED_EDGE('',*,*,#9819,.F.);
#10348 = SURFACE_OF_LINEAR_EXTRUSION('',#10349,#10352);
#10349 = B_SPLINE_CURVE_WITH_KNOTS('',1,(#10350,#10351),.UNSPECIFIED.,
  .F.,.F.,(2,2),(0.,32.000002),.PIECEWISE_BEZIER_KNOTS.);
#10350 = CARTESIAN_POINT('',(-41.30175275152,-18.,1.228149474145));
#10351 = CARTESIAN_POINT('',(-41.30175275152,-18.,-7.80289423921));
#10352 = VECTOR('',#10353,1.);
#10353 = DIRECTION('',(0.,-1.,1.996734617543E-16));
#10354 = ADVANCED_FACE('',(#10355),#10372,.F.);
#10355 = FACE_BOUND('',#10356,.F.);
#10356 = EDGE_LOOP('',(#10357,#10358,#10365,#10371));
#10357 = ORIENTED_EDGE('',*,*,#10342,.T.);
#10358 = ORIENTED_EDGE('',*,*,#10359,.T.);
#10359 = EDGE_CURVE('',#10336,#10360,#10362,.T.);
#10360 = VERTEX_POINT('',#10361);
#10361 = CARTESIAN_POINT('',(-18.72414487923,-17.6,-7.80289423921));
#10362 = B_SPLINE_CURVE_WITH_KNOTS('',1,(#10363,#10364),.UNSPECIFIED.,
  .F.,.F.,(2,2),(0.,80.),.PIECEWISE_BEZIER_KNOTS.);
#10363 = CARTESIAN_POINT('',(-41.30175275152,-17.6,-7.80289423921));
#10364 = CARTESIAN_POINT('',(-18.72414487923,-17.6,-7.80289423921));
#10365 = ORIENTED_EDGE('',*,*,#10366,.F.);
#10366 = EDGE_CURVE('',#9806,#10360,#10367,.T.);
#10367 = LINE('',#10368,#10369);
#10368 = CARTESIAN_POINT('',(-18.72414487923,-18.,-7.80289423921));
#10369 = VECTOR('',#10370,1.);
#10370 = DIRECTION('',(0.,1.,-1.996734617543E-16));
#10371 = ORIENTED_EDGE('',*,*,#9812,.F.);
#10372 = SURFACE_OF_LINEAR_EXTRUSION('',#10373,#10376);
#10373 = B_SPLINE_CURVE_WITH_KNOTS('',1,(#10374,#10375),.UNSPECIFIED.,
  .F.,.F.,(2,2),(0.,80.),.PIECEWISE_BEZIER_KNOTS.);
#10374 = CARTESIAN_POINT('',(-41.30175275152,-18.,-7.80289423921));
#10375 = CARTESIAN_POINT('',(-18.72414487923,-18.,-7.80289423921));
#10376 = VECTOR('',#10377,1.);
#10377 = DIRECTION('',(0.,-1.,1.996734617543E-16));
#10378 = ADVANCED_FACE('',(#10379),#10396,.F.);
#10379 = FACE_BOUND('',#10380,.F.);
#10380 = EDGE_LOOP('',(#10381,#10382,#10389,#10395));
#10381 = ORIENTED_EDGE('',*,*,#10366,.T.);
#10382 = ORIENTED_EDGE('',*,*,#10383,.T.);
#10383 = EDGE_CURVE('',#10360,#10384,#10386,.T.);
#10384 = VERTEX_POINT('',#10385);
#10385 = CARTESIAN_POINT('',(-18.72414487923,-17.6,3.873412567487));
#10386 = B_SPLINE_CURVE_WITH_KNOTS('',1,(#10387,#10388),.UNSPECIFIED.,
  .F.,.F.,(2,2),(0.,41.373052),.PIECEWISE_BEZIER_KNOTS.);
#10387 = CARTESIAN_POINT('',(-18.72414487923,-17.6,-7.80289423921));
#10388 = CARTESIAN_POINT('',(-18.72414487923,-17.6,3.873412567487));
#10389 = ORIENTED_EDGE('',*,*,#10390,.F.);
#10390 = EDGE_CURVE('',#9799,#10384,#10391,.T.);
#10391 = LINE('',#10392,#10393);
#10392 = CARTESIAN_POINT('',(-18.72414487923,-18.,3.873412567487));
#10393 = VECTOR('',#10394,1.);
#10394 = DIRECTION('',(0.,1.,-1.996734617543E-16));
#10395 = ORIENTED_EDGE('',*,*,#9805,.F.);
#10396 = SURFACE_OF_LINEAR_EXTRUSION('',#10397,#10400);
#10397 = B_SPLINE_CURVE_WITH_KNOTS('',1,(#10398,#10399),.UNSPECIFIED.,
  .F.,.F.,(2,2),(0.,41.373052),.PIECEWISE_BEZIER_KNOTS.);
#10398 = CARTESIAN_POINT('',(-18.72414487923,-18.,-7.80289423921));
#10399 = CARTESIAN_POINT('',(-18.72414487923,-18.,3.873412567487));
#10400 = VECTOR('',#10401,1.);
#10401 = DIRECTION('',(0.,-1.,1.996734617543E-16));
#10402 = ADVANCED_FACE('',(#10403),#10420,.F.);
#10403 = FACE_BOUND('',#10404,.F.);
#10404 = EDGE_LOOP('',(#10405,#10406,#10413,#10419));
#10405 = ORIENTED_EDGE('',*,*,#10390,.T.);
#10406 = ORIENTED_EDGE('',*,*,#10407,.T.);
#10407 = EDGE_CURVE('',#10384,#10408,#10410,.T.);
#10408 = VERTEX_POINT('',#10409);
#10409 = CARTESIAN_POINT('',(-0.662058581404,-17.6,-14.18867514144));
#10410 = B_SPLINE_CURVE_WITH_KNOTS('',1,(#10411,#10412),.UNSPECIFIED.,
  .F.,.F.,(2,2),(0.,90.509671527412),.PIECEWISE_BEZIER_KNOTS.);
#10411 = CARTESIAN_POINT('',(-18.72414487923,-17.6,3.873412567487));
#10412 = CARTESIAN_POINT('',(-0.662058581404,-17.6,-14.18867514144));
#10413 = ORIENTED_EDGE('',*,*,#10414,.F.);
#10414 = EDGE_CURVE('',#9792,#10408,#10415,.T.);
#10415 = LINE('',#10416,#10417);
#10416 = CARTESIAN_POINT('',(-0.662058581404,-18.,-14.18867514144));
#10417 = VECTOR('',#10418,1.);
#10418 = DIRECTION('',(0.,1.,-1.996734617543E-16));
#10419 = ORIENTED_EDGE('',*,*,#9798,.F.);
#10420 = SURFACE_OF_LINEAR_EXTRUSION('',#10421,#10424);
#10421 = B_SPLINE_CURVE_WITH_KNOTS('',1,(#10422,#10423),.UNSPECIFIED.,
  .F.,.F.,(2,2),(0.,90.509671527412),.PIECEWISE_BEZIER_KNOTS.);
#10422 = CARTESIAN_POINT('',(-18.72414487923,-18.,3.873412567487));
#10423 = CARTESIAN_POINT('',(-0.662058581404,-18.,-14.18867514144));
#10424 = VECTOR('',#10425,1.);
#10425 = DIRECTION('',(0.,-1.,1.996734617543E-16));
#10426 = ADVANCED_FACE('',(#10427),#10444,.F.);
#10427 = FACE_BOUND('',#10428,.F.);
#10428 = EDGE_LOOP('',(#10429,#10430,#10437,#10443));
#10429 = ORIENTED_EDGE('',*,*,#10414,.T.);
#10430 = ORIENTED_EDGE('',*,*,#10431,.T.);
#10431 = EDGE_CURVE('',#10408,#10432,#10434,.T.);
#10432 = VERTEX_POINT('',#10433);
#10433 = CARTESIAN_POINT('',(-0.662058581404,-17.6,3.873412567487));
#10434 = B_SPLINE_CURVE_WITH_KNOTS('',1,(#10435,#10436),.UNSPECIFIED.,
  .F.,.F.,(2,2),(0.,64.000005),.PIECEWISE_BEZIER_KNOTS.);
#10435 = CARTESIAN_POINT('',(-0.662058581404,-17.6,-14.18867514144));
#10436 = CARTESIAN_POINT('',(-0.662058581404,-17.6,3.873412567487));
#10437 = ORIENTED_EDGE('',*,*,#10438,.F.);
#10438 = EDGE_CURVE('',#9785,#10432,#10439,.T.);
#10439 = LINE('',#10440,#10441);
#10440 = CARTESIAN_POINT('',(-0.662058581404,-18.,3.873412567487));
#10441 = VECTOR('',#10442,1.);
#10442 = DIRECTION('',(0.,1.,-1.996734617543E-16));
#10443 = ORIENTED_EDGE('',*,*,#9791,.F.);
#10444 = SURFACE_OF_LINEAR_EXTRUSION('',#10445,#10448);
#10445 = B_SPLINE_CURVE_WITH_KNOTS('',1,(#10446,#10447),.UNSPECIFIED.,
  .F.,.F.,(2,2),(0.,64.000005),.PIECEWISE_BEZIER_KNOTS.);
#10446 = CARTESIAN_POINT('',(-0.662058581404,-18.,-14.18867514144));
#10447 = CARTESIAN_POINT('',(-0.662058581404,-18.,3.873412567487));
#10448 = VECTOR('',#10449,1.);
#10449 = DIRECTION('',(0.,-1.,1.996734617543E-16));
#10450 = ADVANCED_FACE('',(#10451),#10468,.F.);
#10451 = FACE_BOUND('',#10452,.F.);
#10452 = EDGE_LOOP('',(#10453,#10454,#10461,#10467));
#10453 = ORIENTED_EDGE('',*,*,#10438,.T.);
#10454 = ORIENTED_EDGE('',*,*,#10455,.T.);
#10455 = EDGE_CURVE('',#10432,#10456,#10458,.T.);
#10456 = VERTEX_POINT('',#10457);
#10457 = CARTESIAN_POINT('',(17.400027716426,-17.6,-14.18867514144));
#10458 = B_SPLINE_CURVE_WITH_KNOTS('',1,(#10459,#10460),.UNSPECIFIED.,
  .F.,.F.,(2,2),(0.,90.509671527412),.PIECEWISE_BEZIER_KNOTS.);
#10459 = CARTESIAN_POINT('',(-0.662058581404,-17.6,3.873412567487));
#10460 = CARTESIAN_POINT('',(17.400027716426,-17.6,-14.18867514144));
#10461 = ORIENTED_EDGE('',*,*,#10462,.F.);
#10462 = EDGE_CURVE('',#9778,#10456,#10463,.T.);
#10463 = LINE('',#10464,#10465);
#10464 = CARTESIAN_POINT('',(17.400027716426,-18.,-14.18867514144));
#10465 = VECTOR('',#10466,1.);
#10466 = DIRECTION('',(0.,1.,-1.996734617543E-16));
#10467 = ORIENTED_EDGE('',*,*,#9784,.F.);
#10468 = SURFACE_OF_LINEAR_EXTRUSION('',#10469,#10472);
#10469 = B_SPLINE_CURVE_WITH_KNOTS('',1,(#10470,#10471),.UNSPECIFIED.,
  .F.,.F.,(2,2),(0.,90.509671527412),.PIECEWISE_BEZIER_KNOTS.);
#10470 = CARTESIAN_POINT('',(-0.662058581404,-18.,3.873412567487));
#10471 = CARTESIAN_POINT('',(17.400027716426,-18.,-14.18867514144));
#10472 = VECTOR('',#10473,1.);
#10473 = DIRECTION('',(0.,-1.,1.996734617543E-16));
#10474 = ADVANCED_FACE('',(#10475),#10492,.F.);
#10475 = FACE_BOUND('',#10476,.F.);
#10476 = EDGE_LOOP('',(#10477,#10478,#10485,#10491));
#10477 = ORIENTED_EDGE('',*,*,#10462,.T.);
#10478 = ORIENTED_EDGE('',*,*,#10479,.T.);
#10479 = EDGE_CURVE('',#10456,#10480,#10482,.T.);
#10480 = VERTEX_POINT('',#10481);
#10481 = CARTESIAN_POINT('',(17.400027716426,-17.6,3.873412567487));
#10482 = B_SPLINE_CURVE_WITH_KNOTS('',1,(#10483,#10484),.UNSPECIFIED.,
  .F.,.F.,(2,2),(0.,64.000005),.PIECEWISE_BEZIER_KNOTS.);
#10483 = CARTESIAN_POINT('',(17.400027716426,-17.6,-14.18867514144));
#10484 = CARTESIAN_POINT('',(17.400027716426,-17.6,3.873412567487));
#10485 = ORIENTED_EDGE('',*,*,#10486,.F.);
#10486 = EDGE_CURVE('',#9771,#10480,#10487,.T.);
#10487 = LINE('',#10488,#10489);
#10488 = CARTESIAN_POINT('',(17.400027716426,-18.,3.873412567487));
#10489 = VECTOR('',#10490,1.);
#10490 = DIRECTION('',(0.,1.,-1.996734617543E-16));
#10491 = ORIENTED_EDGE('',*,*,#9777,.F.);
#10492 = SURFACE_OF_LINEAR_EXTRUSION('',#10493,#10496);
#10493 = B_SPLINE_CURVE_WITH_KNOTS('',1,(#10494,#10495),.UNSPECIFIED.,
  .F.,.F.,(2,2),(0.,64.000005),.PIECEWISE_BEZIER_KNOTS.);
#10494 = CARTESIAN_POINT('',(17.400027716426,-18.,-14.18867514144));
#10495 = CARTESIAN_POINT('',(17.400027716426,-18.,3.873412567487));
#10496 = VECTOR('',#10497,1.);
#10497 = DIRECTION('',(0.,-1.,1.996734617543E-16));
#10498 = ADVANCED_FACE('',(#10499),#10509,.F.);
#10499 = FACE_BOUND('',#10500,.F.);
#10500 = EDGE_LOOP('',(#10501,#10502,#10507,#10508));
#10501 = ORIENTED_EDGE('',*,*,#10486,.T.);
#10502 = ORIENTED_EDGE('',*,*,#10503,.T.);
#10503 = EDGE_CURVE('',#10480,#10088,#10504,.T.);
#10504 = B_SPLINE_CURVE_WITH_KNOTS('',1,(#10505,#10506),.UNSPECIFIED.,
  .F.,.F.,(2,2),(0.,90.509671527412),.PIECEWISE_BEZIER_KNOTS.);
#10505 = CARTESIAN_POINT('',(17.400027716426,-17.6,3.873412567487));
#10506 = CARTESIAN_POINT('',(35.462114014256,-17.6,-14.18867514144));
#10507 = ORIENTED_EDGE('',*,*,#10087,.F.);
#10508 = ORIENTED_EDGE('',*,*,#9770,.F.);
#10509 = SURFACE_OF_LINEAR_EXTRUSION('',#10510,#10513);
#10510 = B_SPLINE_CURVE_WITH_KNOTS('',1,(#10511,#10512),.UNSPECIFIED.,
  .F.,.F.,(2,2),(0.,90.509671527412),.PIECEWISE_BEZIER_KNOTS.);
#10511 = CARTESIAN_POINT('',(17.400027716426,-18.,3.873412567487));
#10512 = CARTESIAN_POINT('',(35.462114014256,-18.,-14.18867514144));
#10513 = VECTOR('',#10514,1.);
#10514 = DIRECTION('',(0.,-1.,1.996734617543E-16));
#10515 = ADVANCED_FACE('',(#10516),#10535,.F.);
#10516 = FACE_BOUND('',#10517,.F.);
#10517 = EDGE_LOOP('',(#10518,#10526,#10533,#10534));
#10518 = ORIENTED_EDGE('',*,*,#10519,.T.);
#10519 = EDGE_CURVE('',#9890,#10520,#10522,.T.);
#10520 = VERTEX_POINT('',#10521);
#10521 = CARTESIAN_POINT('',(-97.2,-17.5,60.217));
#10522 = LINE('',#10523,#10524);
#10523 = CARTESIAN_POINT('',(-97.2,-18.,60.217));
#10524 = VECTOR('',#10525,1.);
#10525 = DIRECTION('',(0.,1.,0.));
#10526 = ORIENTED_EDGE('',*,*,#10527,.F.);
#10527 = EDGE_CURVE('',#10520,#10520,#10528,.T.);
#10528 = CIRCLE('',#10529,4.5);
#10529 = AXIS2_PLACEMENT_3D('',#10530,#10531,#10532);
#10530 = CARTESIAN_POINT('',(-92.7,-17.5,60.217));
#10531 = DIRECTION('',(-0.,1.,0.));
#10532 = DIRECTION('',(1.,0.,0.));
#10533 = ORIENTED_EDGE('',*,*,#10519,.F.);
#10534 = ORIENTED_EDGE('',*,*,#9889,.T.);
#10535 = CYLINDRICAL_SURFACE('',#10536,4.5);
#10536 = AXIS2_PLACEMENT_3D('',#10537,#10538,#10539);
#10537 = CARTESIAN_POINT('',(-92.7,-18.,60.217));
#10538 = DIRECTION('',(0.,1.,0.));
#10539 = DIRECTION('',(1.,0.,0.));
#10540 = ADVANCED_FACE('',(#10541),#10560,.F.);
#10541 = FACE_BOUND('',#10542,.F.);
#10542 = EDGE_LOOP('',(#10543,#10551,#10558,#10559));
#10543 = ORIENTED_EDGE('',*,*,#10544,.T.);
#10544 = EDGE_CURVE('',#9901,#10545,#10547,.T.);
#10545 = VERTEX_POINT('',#10546);
#10546 = CARTESIAN_POINT('',(88.2,-17.5,60.217));
#10547 = LINE('',#10548,#10549);
#10548 = CARTESIAN_POINT('',(88.2,-18.,60.217));
#10549 = VECTOR('',#10550,1.);
#10550 = DIRECTION('',(0.,1.,0.));
#10551 = ORIENTED_EDGE('',*,*,#10552,.F.);
#10552 = EDGE_CURVE('',#10545,#10545,#10553,.T.);
#10553 = CIRCLE('',#10554,4.5);
#10554 = AXIS2_PLACEMENT_3D('',#10555,#10556,#10557);
#10555 = CARTESIAN_POINT('',(92.7,-17.5,60.217));
#10556 = DIRECTION('',(-0.,1.,0.));
#10557 = DIRECTION('',(1.,0.,0.));
#10558 = ORIENTED_EDGE('',*,*,#10544,.F.);
#10559 = ORIENTED_EDGE('',*,*,#9900,.T.);
#10560 = CYLINDRICAL_SURFACE('',#10561,4.5);
#10561 = AXIS2_PLACEMENT_3D('',#10562,#10563,#10564);
#10562 = CARTESIAN_POINT('',(92.7,-18.,60.217));
#10563 = DIRECTION('',(0.,1.,0.));
#10564 = DIRECTION('',(1.,0.,0.));
#10565 = ADVANCED_FACE('',(#10566),#10569,.T.);
#10566 = FACE_BOUND('',#10567,.T.);
#10567 = EDGE_LOOP('',(#10568));
#10568 = ORIENTED_EDGE('',*,*,#10045,.F.);
#10569 = PLANE('',#10570);
#10570 = AXIS2_PLACEMENT_3D('',#10571,#10572,#10573);
#10571 = CARTESIAN_POINT('',(-92.7,-17.5,-50.8));
#10572 = DIRECTION('',(0.,-1.,0.));
#10573 = DIRECTION('',(1.,0.,0.));
#10574 = ADVANCED_FACE('',(#10575),#10578,.T.);
#10575 = FACE_BOUND('',#10576,.T.);
#10576 = EDGE_LOOP('',(#10577));
#10577 = ORIENTED_EDGE('',*,*,#10070,.F.);
#10578 = PLANE('',#10579);
#10579 = AXIS2_PLACEMENT_3D('',#10580,#10581,#10582);
#10580 = CARTESIAN_POINT('',(92.7,-17.5,-50.8));
#10581 = DIRECTION('',(0.,-1.,0.));
#10582 = DIRECTION('',(1.,0.,0.));
#10583 = ADVANCED_FACE('',(#10584),#10604,.F.);
#10584 = FACE_BOUND('',#10585,.T.);
#10585 = EDGE_LOOP('',(#10586,#10587,#10588,#10589,#10590,#10591,#10592,
    #10593,#10594,#10595,#10596,#10597,#10598,#10599,#10600,#10601,
    #10602,#10603));
#10586 = ORIENTED_EDGE('',*,*,#10095,.T.);
#10587 = ORIENTED_EDGE('',*,*,#10119,.T.);
#10588 = ORIENTED_EDGE('',*,*,#10143,.T.);
#10589 = ORIENTED_EDGE('',*,*,#10167,.T.);
#10590 = ORIENTED_EDGE('',*,*,#10191,.T.);
#10591 = ORIENTED_EDGE('',*,*,#10215,.T.);
#10592 = ORIENTED_EDGE('',*,*,#10239,.T.);
#10593 = ORIENTED_EDGE('',*,*,#10263,.T.);
#10594 = ORIENTED_EDGE('',*,*,#10287,.T.);
#10595 = ORIENTED_EDGE('',*,*,#10311,.T.);
#10596 = ORIENTED_EDGE('',*,*,#10335,.T.);
#10597 = ORIENTED_EDGE('',*,*,#10359,.T.);
#10598 = ORIENTED_EDGE('',*,*,#10383,.T.);
#10599 = ORIENTED_EDGE('',*,*,#10407,.T.);
#10600 = ORIENTED_EDGE('',*,*,#10431,.T.);
#10601 = ORIENTED_EDGE('',*,*,#10455,.T.);
#10602 = ORIENTED_EDGE('',*,*,#10479,.T.);
#10603 = ORIENTED_EDGE('',*,*,#10503,.T.);
#10604 = PLANE('',#10605);
#10605 = AXIS2_PLACEMENT_3D('',#10606,#10607,#10608);
#10606 = CARTESIAN_POINT('',(-0.144138734883,-17.6,4.643109463425));
#10607 = DIRECTION('',(0.,1.,-2.446899187972E-16));
#10608 = DIRECTION('',(0.,2.446899187972E-16,1.));
#10609 = ADVANCED_FACE('',(#10610),#10613,.T.);
#10610 = FACE_BOUND('',#10611,.T.);
#10611 = EDGE_LOOP('',(#10612));
#10612 = ORIENTED_EDGE('',*,*,#10527,.F.);
#10613 = PLANE('',#10614);
#10614 = AXIS2_PLACEMENT_3D('',#10615,#10616,#10617);
#10615 = CARTESIAN_POINT('',(-92.7,-17.5,60.217));
#10616 = DIRECTION('',(0.,-1.,0.));
#10617 = DIRECTION('',(1.,0.,0.));
#10618 = ADVANCED_FACE('',(#10619),#10622,.T.);
#10619 = FACE_BOUND('',#10620,.T.);
#10620 = EDGE_LOOP('',(#10621));
#10621 = ORIENTED_EDGE('',*,*,#10552,.F.);
#10622 = PLANE('',#10623);
#10623 = AXIS2_PLACEMENT_3D('',#10624,#10625,#10626);
#10624 = CARTESIAN_POINT('',(92.7,-17.5,60.217));
#10625 = DIRECTION('',(0.,-1.,0.));
#10626 = DIRECTION('',(1.,0.,0.));
#10627 = ORIENTED_CLOSED_SHELL('',*,#10628,.F.);
#10628 = CLOSED_SHELL('',(#10629,#10662,#10671));
#10629 = ADVANCED_FACE('',(#10630),#10657,.T.);
#10630 = FACE_BOUND('',#10631,.T.);
#10631 = EDGE_LOOP('',(#10632,#10642,#10649,#10650));
#10632 = ORIENTED_EDGE('',*,*,#10633,.T.);
#10633 = EDGE_CURVE('',#10634,#10636,#10638,.T.);
#10634 = VERTEX_POINT('',#10635);
#10635 = CARTESIAN_POINT('',(-93.8,-16.74,-52.8));
#10636 = VERTEX_POINT('',#10637);
#10637 = CARTESIAN_POINT('',(-93.8,-13.,-52.8));
#10638 = LINE('',#10639,#10640);
#10639 = CARTESIAN_POINT('',(-93.8,-1.,-52.8));
#10640 = VECTOR('',#10641,1.);
#10641 = DIRECTION('',(0.,1.,0.));
#10642 = ORIENTED_EDGE('',*,*,#10643,.F.);
#10643 = EDGE_CURVE('',#10636,#10636,#10644,.T.);
#10644 = CIRCLE('',#10645,0.9);
#10645 = AXIS2_PLACEMENT_3D('',#10646,#10647,#10648);
#10646 = CARTESIAN_POINT('',(-94.7,-13.,-52.8));
#10647 = DIRECTION('',(0.,1.,-0.));
#10648 = DIRECTION('',(-1.,0.,0.));
#10649 = ORIENTED_EDGE('',*,*,#10633,.F.);
#10650 = ORIENTED_EDGE('',*,*,#10651,.F.);
#10651 = EDGE_CURVE('',#10634,#10634,#10652,.T.);
#10652 = CIRCLE('',#10653,0.9);
#10653 = AXIS2_PLACEMENT_3D('',#10654,#10655,#10656);
#10654 = CARTESIAN_POINT('',(-94.7,-16.74,-52.8));
#10655 = DIRECTION('',(0.,-1.,0.));
#10656 = DIRECTION('',(-1.,0.,0.));
#10657 = CYLINDRICAL_SURFACE('',#10658,0.9);
#10658 = AXIS2_PLACEMENT_3D('',#10659,#10660,#10661);
#10659 = CARTESIAN_POINT('',(-94.7,-1.,-52.8));
#10660 = DIRECTION('',(0.,1.,0.));
#10661 = DIRECTION('',(-1.,0.,0.));
#10662 = ADVANCED_FACE('',(#10663),#10666,.F.);
#10663 = FACE_BOUND('',#10664,.F.);
#10664 = EDGE_LOOP('',(#10665));
#10665 = ORIENTED_EDGE('',*,*,#10643,.F.);
#10666 = PLANE('',#10667);
#10667 = AXIS2_PLACEMENT_3D('',#10668,#10669,#10670);
#10668 = CARTESIAN_POINT('',(-94.7,-13.,-52.8));
#10669 = DIRECTION('',(0.,-1.,0.));
#10670 = DIRECTION('',(-1.,0.,0.));
#10671 = ADVANCED_FACE('',(#10672),#10675,.T.);
#10672 = FACE_BOUND('',#10673,.F.);
#10673 = EDGE_LOOP('',(#10674));
#10674 = ORIENTED_EDGE('',*,*,#10651,.F.);
#10675 = PLANE('',#10676);
#10676 = AXIS2_PLACEMENT_3D('',#10677,#10678,#10679);
#10677 = CARTESIAN_POINT('',(5.329070518201E-14,-16.74,4.7085));
#10678 = DIRECTION('',(0.,-1.,0.));
#10679 = DIRECTION('',(1.,0.,0.));
#10680 = ORIENTED_CLOSED_SHELL('',*,#10681,.F.);
#10681 = CLOSED_SHELL('',(#10682,#10699,#10724));
#10682 = ADVANCED_FACE('',(#10683),#10694,.T.);
#10683 = FACE_BOUND('',#10684,.F.);
#10684 = EDGE_LOOP('',(#10685));
#10685 = ORIENTED_EDGE('',*,*,#10686,.F.);
#10686 = EDGE_CURVE('',#10687,#10687,#10689,.T.);
#10687 = VERTEX_POINT('',#10688);
#10688 = CARTESIAN_POINT('',(-93.8,-16.74,62.217));
#10689 = CIRCLE('',#10690,0.9);
#10690 = AXIS2_PLACEMENT_3D('',#10691,#10692,#10693);
#10691 = CARTESIAN_POINT('',(-94.7,-16.74,62.217));
#10692 = DIRECTION('',(0.,-1.,0.));
#10693 = DIRECTION('',(-1.,0.,0.));
#10694 = PLANE('',#10695);
#10695 = AXIS2_PLACEMENT_3D('',#10696,#10697,#10698);
#10696 = CARTESIAN_POINT('',(5.329070518201E-14,-16.74,4.7085));
#10697 = DIRECTION('',(0.,-1.,0.));
#10698 = DIRECTION('',(1.,0.,0.));
#10699 = ADVANCED_FACE('',(#10700),#10719,.T.);
#10700 = FACE_BOUND('',#10701,.T.);
#10701 = EDGE_LOOP('',(#10702,#10710,#10711,#10712));
#10702 = ORIENTED_EDGE('',*,*,#10703,.T.);
#10703 = EDGE_CURVE('',#10704,#10687,#10706,.T.);
#10704 = VERTEX_POINT('',#10705);
#10705 = CARTESIAN_POINT('',(-93.8,-13.,62.217));
#10706 = LINE('',#10707,#10708);
#10707 = CARTESIAN_POINT('',(-93.8,-21.,62.217));
#10708 = VECTOR('',#10709,1.);
#10709 = DIRECTION('',(0.,-1.,0.));
#10710 = ORIENTED_EDGE('',*,*,#10686,.F.);
#10711 = ORIENTED_EDGE('',*,*,#10703,.F.);
#10712 = ORIENTED_EDGE('',*,*,#10713,.F.);
#10713 = EDGE_CURVE('',#10704,#10704,#10714,.T.);
#10714 = CIRCLE('',#10715,0.9);
#10715 = AXIS2_PLACEMENT_3D('',#10716,#10717,#10718);
#10716 = CARTESIAN_POINT('',(-94.7,-13.,62.217));
#10717 = DIRECTION('',(0.,1.,-0.));
#10718 = DIRECTION('',(-1.,0.,0.));
#10719 = CYLINDRICAL_SURFACE('',#10720,0.9);
#10720 = AXIS2_PLACEMENT_3D('',#10721,#10722,#10723);
#10721 = CARTESIAN_POINT('',(-94.7,-21.,62.217));
#10722 = DIRECTION('',(0.,1.,0.));
#10723 = DIRECTION('',(-1.,0.,0.));
#10724 = ADVANCED_FACE('',(#10725),#10728,.F.);
#10725 = FACE_BOUND('',#10726,.F.);
#10726 = EDGE_LOOP('',(#10727));
#10727 = ORIENTED_EDGE('',*,*,#10713,.F.);
#10728 = PLANE('',#10729);
#10729 = AXIS2_PLACEMENT_3D('',#10730,#10731,#10732);
#10730 = CARTESIAN_POINT('',(-94.7,-13.,62.217));
#10731 = DIRECTION('',(0.,-1.,0.));
#10732 = DIRECTION('',(-1.,0.,0.));
#10733 = ORIENTED_CLOSED_SHELL('',*,#10734,.F.);
#10734 = CLOSED_SHELL('',(#10735,#10768,#10777));
#10735 = ADVANCED_FACE('',(#10736),#10763,.T.);
#10736 = FACE_BOUND('',#10737,.T.);
#10737 = EDGE_LOOP('',(#10738,#10748,#10755,#10756));
#10738 = ORIENTED_EDGE('',*,*,#10739,.T.);
#10739 = EDGE_CURVE('',#10740,#10742,#10744,.T.);
#10740 = VERTEX_POINT('',#10741);
#10741 = CARTESIAN_POINT('',(93.8,-13.,62.217));
#10742 = VERTEX_POINT('',#10743);
#10743 = CARTESIAN_POINT('',(93.8,-16.74,62.217));
#10744 = LINE('',#10745,#10746);
#10745 = CARTESIAN_POINT('',(93.8,-21.,62.217));
#10746 = VECTOR('',#10747,1.);
#10747 = DIRECTION('',(0.,-1.,0.));
#10748 = ORIENTED_EDGE('',*,*,#10749,.F.);
#10749 = EDGE_CURVE('',#10742,#10742,#10750,.T.);
#10750 = CIRCLE('',#10751,0.9);
#10751 = AXIS2_PLACEMENT_3D('',#10752,#10753,#10754);
#10752 = CARTESIAN_POINT('',(94.7,-16.74,62.217));
#10753 = DIRECTION('',(0.,-1.,0.));
#10754 = DIRECTION('',(1.,0.,0.));
#10755 = ORIENTED_EDGE('',*,*,#10739,.F.);
#10756 = ORIENTED_EDGE('',*,*,#10757,.F.);
#10757 = EDGE_CURVE('',#10740,#10740,#10758,.T.);
#10758 = CIRCLE('',#10759,0.9);
#10759 = AXIS2_PLACEMENT_3D('',#10760,#10761,#10762);
#10760 = CARTESIAN_POINT('',(94.7,-13.,62.217));
#10761 = DIRECTION('',(-0.,1.,0.));
#10762 = DIRECTION('',(1.,0.,0.));
#10763 = CYLINDRICAL_SURFACE('',#10764,0.9);
#10764 = AXIS2_PLACEMENT_3D('',#10765,#10766,#10767);
#10765 = CARTESIAN_POINT('',(94.7,-21.,62.217));
#10766 = DIRECTION('',(0.,1.,0.));
#10767 = DIRECTION('',(1.,0.,0.));
#10768 = ADVANCED_FACE('',(#10769),#10772,.T.);
#10769 = FACE_BOUND('',#10770,.F.);
#10770 = EDGE_LOOP('',(#10771));
#10771 = ORIENTED_EDGE('',*,*,#10749,.F.);
#10772 = PLANE('',#10773);
#10773 = AXIS2_PLACEMENT_3D('',#10774,#10775,#10776);
#10774 = CARTESIAN_POINT('',(5.329070518201E-14,-16.74,4.7085));
#10775 = DIRECTION('',(0.,-1.,0.));
#10776 = DIRECTION('',(1.,0.,0.));
#10777 = ADVANCED_FACE('',(#10778),#10781,.F.);
#10778 = FACE_BOUND('',#10779,.F.);
#10779 = EDGE_LOOP('',(#10780));
#10780 = ORIENTED_EDGE('',*,*,#10757,.F.);
#10781 = PLANE('',#10782);
#10782 = AXIS2_PLACEMENT_3D('',#10783,#10784,#10785);
#10783 = CARTESIAN_POINT('',(94.7,-13.,62.217));
#10784 = DIRECTION('',(0.,-1.,0.));
#10785 = DIRECTION('',(-1.,0.,0.));
#10786 = ( GEOMETRIC_REPRESENTATION_CONTEXT(3) 
GLOBAL_UNCERTAINTY_ASSIGNED_CONTEXT((#10790)) 
GLOBAL_UNIT_ASSIGNED_CONTEXT((#10787,#10788,#10789)) 
REPRESENTATION_CONTEXT('Context #1',
  '3D Context with UNIT and UNCERTAINTY') );
#10787 = ( LENGTH_UNIT() NAMED_UNIT(*) SI_UNIT(.MILLI.,.METRE.) );
#10788 = ( NAMED_UNIT(*) PLANE_ANGLE_UNIT() SI_UNIT($,.RADIAN.) );
#10789 = ( NAMED_UNIT(*) SI_UNIT($,.STERADIAN.) SOLID_ANGLE_UNIT() );
#10790 = UNCERTAINTY_MEASURE_WITH_UNIT(LENGTH_MEASURE(1.E-07),#10787,
  'distance_accuracy_value','confusion accuracy');
#10791 = PRODUCT_RELATED_PRODUCT_CATEGORY('part',$,(#7));
#10792 = MECHANICAL_DESIGN_GEOMETRIC_PRESENTATION_REPRESENTATION('',(
    #10793),#10786);
#10793 = STYLED_ITEM('color',(#10794),#15);
#10794 = PRESENTATION_STYLE_ASSIGNMENT((#10795,#10801));
#10795 = SURFACE_STYLE_USAGE(.BOTH.,#10796);
#10796 = SURFACE_SIDE_STYLE('',(#10797));
#10797 = SURFACE_STYLE_FILL_AREA(#10798);
#10798 = FILL_AREA_STYLE('',(#10799));
#10799 = FILL_AREA_STYLE_COLOUR('',#10800);
#10800 = COLOUR_RGB('',0.447058818107,0.474509808674,0.501960817233);
#10801 = CURVE_STYLE('',#10802,POSITIVE_LENGTH_MEASURE(0.1),#10803);
#10802 = DRAUGHTING_PRE_DEFINED_CURVE_FONT('continuous');
#10803 = COLOUR_RGB('',9.803921802644E-02,9.803921802644E-02,
  9.803921802644E-02);
ENDSEC;
END-ISO-10303-21;
